timestamp,waypoint_index,lat,lon,temperature,humidity,temp_delta_1,temp_delta_3_avg,temp_current,will_breach_soon,shipment_id
2026-08-26 22:12:07.606776,0,19.076,72.8777,4.97,40.58,0.0,0.0,4.97,0,0
2026-08-26 22:27:07.606776,0,19.06157,72.91767,4.88,43.3,-0.08999999999999986,0.0,4.88,0,0
2026-08-26 22:42:07.606776,0,19.04713,72.95763,4.72,45.02,-0.16000000000000014,0.0,4.72,0,0
2026-08-26 22:57:07.606776,0,19.0327,72.9976,4.88,40.64,0.16000000000000014,-0.029999999999999954,4.88,0,0
2026-08-26 23:12:07.606776,0,19.01827,73.03757,4.84,58.08,-0.040000000000000036,-0.013333333333333345,4.84,0,0
2026-08-26 23:27:07.606776,0,19.00383,73.07753,4.87,55.47,0.03000000000000025,0.05000000000000012,4.87,0,0
2026-08-26 23:42:07.606776,1,18.9894,73.1175,4.68,52.85,-0.1900000000000004,-0.06666666666666672,4.68,0,0
2026-08-26 23:57:07.606776,1,18.95783,73.15625,4.68,47.98,0.0,-0.05333333333333338,4.68,0,0
2026-08-27 00:12:07.606776,1,18.92627,73.195,4.61,42.5,-0.0699999999999994,-0.0866666666666666,4.61,0,0
2026-08-27 00:27:07.606776,1,18.8947,73.23375,4.74,49.27,0.1299999999999999,0.020000000000000167,4.74,0,0
2026-08-27 00:42:07.606776,1,18.86313,73.2725,4.58,43.79,-0.16000000000000014,-0.033333333333333215,4.58,0,0
2026-08-27 00:57:07.606776,1,18.83157,73.31125,4.53,52.98,-0.04999999999999982,-0.02666666666666669,4.53,0,0
2026-08-27 01:12:07.606776,2,18.8,73.35,4.52,57.98,-0.010000000000000675,-0.07333333333333354,4.52,0,0
2026-08-27 01:27:07.606776,2,18.775,73.4,4.47,53.47,-0.04999999999999982,-0.03666666666666677,4.47,0,0
2026-08-27 01:42:07.606776,2,18.75,73.45,4.58,54.46,0.11000000000000032,0.016666666666666607,4.58,0,0
2026-08-27 01:57:07.606776,2,18.725,73.5,4.63,52.21,0.04999999999999982,0.03666666666666677,4.63,0,0
2026-08-27 02:12:07.606776,2,18.7,73.55,4.63,59.69,0.0,0.05333333333333338,4.63,0,0
2026-08-27 02:27:07.606776,2,18.675,73.6,4.69,51.72,0.0600000000000005,0.03666666666666677,4.69,0,0
2026-08-27 02:42:07.606776,3,18.65,73.65,4.75,51.14,0.05999999999999961,0.040000000000000036,4.75,0,0
2026-08-27 02:57:07.606776,3,18.63013,73.68297,4.77,40.7,0.019999999999999574,0.04666666666666656,4.77,0,0
2026-08-27 03:12:07.606776,3,18.61027,73.71593,4.75,52.33,-0.019999999999999574,0.01999999999999987,4.75,0,0
2026-08-27 03:27:07.606776,3,18.5904,73.7489,4.76,43.29,0.009999999999999787,0.0033333333333332624,4.76,0,0
2026-08-27 03:42:07.606776,3,18.57053,73.78187,4.95,51.03,0.1900000000000004,0.0600000000000002,4.95,0,0
2026-08-27 03:57:07.606776,3,18.55067,73.81483,4.94,45.39,-0.009999999999999787,0.06333333333333346,4.94,0,0
2026-08-26 22:12:07.624009,0,19.076,72.8777,5.03,54.27,0.0,0.0,5.03,0,1
2026-08-26 22:27:07.624009,0,19.06157,72.91767,4.84,59.41,-0.1900000000000004,0.0,4.84,0,1
2026-08-26 22:42:07.624009,0,19.04713,72.95763,4.78,51.17,-0.05999999999999961,0.0,4.78,0,1
2026-08-26 22:57:07.624009,0,19.0327,72.9976,4.95,50.25,0.16999999999999993,-0.02666666666666669,4.95,0,1
2026-08-26 23:12:07.624009,0,19.01827,73.03757,5.03,49.77,0.08000000000000007,0.06333333333333346,5.03,0,1
2026-08-26 23:27:07.624009,0,19.00383,73.07753,4.92,52.27,-0.11000000000000032,0.04666666666666656,4.92,0,1
2026-08-26 23:42:07.624009,1,18.9894,73.1175,4.82,54.96,-0.09999999999999964,-0.0433333333333333,4.82,0,1
2026-08-26 23:57:07.624009,1,18.95783,73.15625,4.66,48.26,-0.16000000000000014,-0.12333333333333336,4.66,0,1
2026-08-27 00:12:07.624009,1,18.92627,73.195,4.77,59.48,0.10999999999999943,-0.05000000000000012,4.77,0,1
2026-08-27 00:27:07.624009,1,18.8947,73.23375,4.73,44.93,-0.03999999999999915,-0.029999999999999954,4.73,0,1
2026-08-27 00:42:07.624009,1,18.86313,73.2725,4.89,49.59,0.15999999999999925,0.07666666666666651,4.89,0,1
2026-08-27 00:57:07.624009,1,18.83157,73.31125,5.03,52.75,0.14000000000000057,0.08666666666666689,5.03,0,1
2026-08-27 01:12:07.624009,2,18.8,73.35,4.97,45.55,-0.0600000000000005,0.07999999999999978,4.97,0,1
2026-08-27 01:27:07.624009,2,18.775,73.4,5.05,58.38,0.08000000000000007,0.05333333333333338,5.05,0,1
2026-08-27 01:42:07.624009,2,18.75,73.45,4.94,58.71,-0.10999999999999943,-0.029999999999999954,4.94,0,1
2026-08-27 01:57:07.624009,2,18.725,73.5,4.85,46.1,-0.09000000000000075,-0.040000000000000036,4.85,0,1
2026-08-27 02:12:07.624009,2,18.7,73.55,5.03,44.34,0.1800000000000006,-0.006666666666666525,5.03,0,1
2026-08-27 02:27:07.624009,2,18.675,73.6,5.0,57.43,-0.03000000000000025,0.01999999999999987,5.0,0,1
2026-08-27 02:42:07.624009,3,18.65,73.65,5.2,49.44,0.20000000000000018,0.11666666666666685,5.2,0,1
2026-08-27 02:57:07.624009,3,18.63013,73.68297,5.31,54.42,0.10999999999999943,0.09333333333333312,5.31,0,1
2026-08-27 03:12:07.624009,3,18.61027,73.71593,5.21,44.63,-0.09999999999999964,0.06999999999999999,5.21,0,1
2026-08-27 03:27:07.624009,3,18.5904,73.7489,5.21,56.9,0.0,0.0033333333333332624,5.21,0,1
2026-08-27 03:42:07.624009,3,18.57053,73.78187,5.17,56.29,-0.040000000000000036,-0.04666666666666656,5.17,0,1
2026-08-27 03:57:07.624009,3,18.55067,73.81483,5.07,44.35,-0.09999999999999964,-0.04666666666666656,5.07,0,1
2026-08-26 22:12:07.627378,0,19.076,72.8777,5.1,57.41,0.0,0.0,5.1,0,2
2026-08-26 22:27:07.627378,0,19.06157,72.91767,5.18,46.11,0.08000000000000007,0.0,5.18,0,2
2026-08-26 22:42:07.627378,0,19.04713,72.95763,5.33,59.41,0.15000000000000036,0.0,5.33,0,2
2026-08-26 22:57:07.627378,0,19.0327,72.9976,5.31,51.0,-0.020000000000000462,0.06999999999999999,5.31,0,2
2026-08-26 23:12:07.627378,0,19.01827,73.03757,5.19,46.55,-0.11999999999999922,0.003333333333333558,5.19,0,2
2026-08-26 23:27:07.627378,0,19.00383,73.07753,5.03,47.52,-0.16000000000000014,-0.09999999999999994,5.03,0,2
2026-08-26 23:42:07.627378,1,18.9894,73.1175,4.98,45.65,-0.04999999999999982,-0.10999999999999972,4.98,0,2
2026-08-26 23:57:07.627378,1,18.95783,73.15625,5.14,56.36,0.15999999999999925,-0.016666666666666902,5.14,0,2
2026-08-27 00:12:07.627378,1,18.92627,73.195,5.3,54.47,0.16000000000000014,0.08999999999999986,5.3,0,2
2026-08-27 00:27:07.627378,1,18.8947,73.23375,5.32,45.17,0.020000000000000462,0.11333333333333329,5.32,0,2
2026-08-27 00:42:07.627378,1,18.86313,73.2725,5.42,59.29,0.09999999999999964,0.09333333333333342,5.42,0,2
2026-08-27 00:57:07.627378,1,18.83157,73.31125,5.36,58.73,-0.05999999999999961,0.020000000000000167,5.36,0,2
2026-08-27 01:12:07.627378,2,18.8,73.35,5.95,42.51,0.5899999999999999,0.20999999999999996,5.95,0,2
2026-08-27 01:27:07.627378,2,18.775,73.4,6.6,58.27,0.6499999999999995,0.39333333333333326,6.6,1,2
2026-08-27 01:42:07.627378,2,18.75,73.45,7.32,41.33,0.7200000000000006,0.6533333333333333,7.32,1,2
2026-08-27 01:57:07.627378,2,18.725,73.5,8.03,50.63,0.7099999999999991,0.693333333333333,8.03,1,2
2026-08-27 02:12:07.627378,2,18.7,73.55,8.83,44.53,0.8000000000000007,0.7433333333333335,8.83,1,2
2026-08-27 02:27:07.627378,2,18.675,73.6,9.56,40.2,0.7300000000000004,0.7466666666666667,9.56,1,2
2026-08-27 02:42:07.627378,3,18.65,73.65,10.27,41.51,0.7099999999999991,0.7466666666666667,10.27,1,2
2026-08-27 02:57:07.627378,3,18.63013,73.68297,10.98,44.15,0.7100000000000009,0.7166666666666668,10.98,1,2
2026-08-27 03:12:07.627378,3,18.61027,73.71593,11.78,48.91,0.7999999999999989,0.7399999999999997,11.78,1,2
2026-08-27 03:27:07.627378,3,18.5904,73.7489,12.22,56.68,0.4400000000000013,0.6500000000000004,12.22,1,2
2026-08-27 03:42:07.627378,3,18.57053,73.78187,13.01,58.88,0.7899999999999991,0.6766666666666664,13.01,1,2
2026-08-27 03:57:07.627378,3,18.55067,73.81483,13.83,46.05,0.8200000000000003,0.6833333333333336,13.83,1,2
2026-08-26 22:12:07.629734,0,19.076,72.8777,5.09,56.99,0.0,0.0,5.09,0,3
2026-08-26 22:27:07.629734,0,19.06157,72.91767,4.92,56.78,-0.16999999999999993,0.0,4.92,0,3
2026-08-26 22:42:07.629734,0,19.04713,72.95763,4.8,57.67,-0.1200000000000001,0.0,4.8,0,3
2026-08-26 22:57:07.629734,0,19.0327,72.9976,4.69,47.67,-0.10999999999999943,-0.13333333333333316,4.69,0,3
2026-08-26 23:12:07.629734,0,19.01827,73.03757,4.86,50.21,0.16999999999999993,-0.01999999999999987,4.86,0,3
2026-08-26 23:27:07.629734,0,19.00383,73.07753,4.78,50.83,-0.08000000000000007,-0.006666666666666525,4.78,0,3
2026-08-26 23:42:07.629734,1,18.9894,73.1175,4.68,43.67,-0.10000000000000053,-0.003333333333333558,4.68,0,3
2026-08-26 23:57:07.629734,1,18.95783,73.15625,4.85,49.53,0.16999999999999993,-0.003333333333333558,4.85,0,3
2026-08-27 00:12:07.629734,1,18.92627,73.195,5.04,51.17,0.1900000000000004,0.0866666666666666,5.04,0,3
2026-08-27 00:27:07.629734,1,18.8947,73.23375,5.09,48.59,0.04999999999999982,0.13666666666666671,5.09,0,3
2026-08-27 00:42:07.629734,1,18.86313,73.2725,5.25,47.13,0.16000000000000014,0.13333333333333344,5.25,0,3
2026-08-27 00:57:07.629734,1,18.83157,73.31125,5.29,52.49,0.040000000000000036,0.08333333333333333,5.29,0,3
2026-08-27 01:12:07.629734,2,18.8,73.35,5.09,50.56,-0.20000000000000018,0.0,5.09,0,3
2026-08-27 01:27:07.629734,2,18.775,73.4,4.94,40.6,-0.14999999999999947,-0.10333333333333321,4.94,0,3
2026-08-27 01:42:07.629734,2,18.75,73.45,4.89,40.22,-0.05000000000000071,-0.13333333333333344,4.89,0,3
2026-08-27 01:57:07.629734,2,18.725,73.5,4.71,51.33,-0.17999999999999972,-0.12666666666666662,4.71,0,3
2026-08-27 02:12:07.629734,2,18.7,73.55,4.89,54.8,0.17999999999999972,-0.016666666666666902,4.89,0,3
2026-08-27 02:27:07.629734,2,18.675,73.6,4.87,45.73,-0.019999999999999574,-0.006666666666666525,4.87,0,3
2026-08-27 02:42:07.629734,3,18.65,73.65,4.9,43.24,0.03000000000000025,0.06333333333333346,4.9,0,3
2026-08-27 02:57:07.629734,3,18.63013,73.68297,4.95,58.91,0.04999999999999982,0.020000000000000167,4.95,0,3
2026-08-27 03:12:07.629734,3,18.61027,73.71593,4.98,55.41,0.03000000000000025,0.03666666666666677,4.98,0,3
2026-08-27 03:27:07.629734,3,18.5904,73.7489,4.89,44.02,-0.09000000000000075,-0.003333333333333558,4.89,0,3
2026-08-27 03:42:07.629734,3,18.57053,73.78187,4.78,43.59,-0.10999999999999943,-0.05666666666666664,4.78,0,3
2026-08-27 03:57:07.629734,3,18.55067,73.81483,4.74,46.35,-0.040000000000000036,-0.08000000000000007,4.74,0,3
2026-08-26 22:12:07.631769,0,19.076,72.8777,5.1,41.57,0.0,0.0,5.1,0,4
2026-08-26 22:27:07.631769,0,19.06157,72.91767,4.96,46.01,-0.13999999999999968,0.0,4.96,0,4
2026-08-26 22:42:07.631769,0,19.04713,72.95763,4.97,57.0,0.009999999999999787,0.0,4.97,0,4
2026-08-26 22:57:07.631769,0,19.0327,72.9976,4.99,47.21,0.020000000000000462,-0.03666666666666648,4.99,0,4
2026-08-26 23:12:07.631769,0,19.01827,73.03757,5.01,53.05,0.019999999999999574,0.016666666666666607,5.01,0,4
2026-08-26 23:27:07.631769,0,19.00383,73.07753,4.98,46.13,-0.02999999999999936,0.003333333333333558,4.98,0,4
2026-08-26 23:42:07.631769,1,18.9894,73.1175,5.18,48.93,0.1999999999999993,0.06333333333333317,5.18,0,4
2026-08-26 23:57:07.631769,1,18.95783,73.15625,5.14,58.91,-0.040000000000000036,0.0433333333333333,5.14,0,4
2026-08-27 00:12:07.631769,1,18.92627,73.195,5.31,55.13,0.16999999999999993,0.10999999999999972,5.31,0,4
2026-08-27 00:27:07.631769,1,18.8947,73.23375,5.43,59.55,0.1200000000000001,0.08333333333333333,5.43,0,4
2026-08-27 00:42:07.631769,1,18.86313,73.2725,5.3,52.85,-0.1299999999999999,0.05333333333333338,5.3,0,4
2026-08-27 00:57:07.631769,1,18.83157,73.31125,5.31,49.82,0.009999999999999787,0.0,5.31,0,4
2026-08-27 01:12:07.631769,2,18.8,73.35,5.11,50.33,-0.1999999999999993,-0.10666666666666647,5.11,0,4
2026-08-27 01:27:07.631769,2,18.775,73.4,4.96,43.48,-0.15000000000000036,-0.11333333333333329,4.96,0,4
2026-08-27 01:42:07.631769,2,18.75,73.45,5.13,40.45,0.16999999999999993,-0.05999999999999991,5.13,0,4
2026-08-27 01:57:07.631769,2,18.725,73.5,5.26,58.84,0.1299999999999999,0.04999999999999982,5.26,0,4
2026-08-27 02:12:07.631769,2,18.7,73.55,5.13,51.19,-0.1299999999999999,0.05666666666666664,5.13,0,4
2026-08-27 02:27:07.631769,2,18.675,73.6,5.0,56.41,-0.1299999999999999,-0.0433333333333333,5.0,0,4
2026-08-27 02:42:07.631769,3,18.65,73.65,5.07,59.39,0.07000000000000028,-0.06333333333333317,5.07,0,4
2026-08-27 02:57:07.631769,3,18.63013,73.68297,5.07,47.23,0.0,-0.01999999999999987,5.07,0,4
2026-08-27 03:12:07.631769,3,18.61027,73.71593,4.88,48.24,-0.1900000000000004,-0.040000000000000036,4.88,0,4
2026-08-27 03:27:07.631769,3,18.5904,73.7489,5.06,49.65,0.17999999999999972,-0.003333333333333558,5.06,0,4
2026-08-27 03:42:07.631769,3,18.57053,73.78187,5.06,40.62,0.0,-0.003333333333333558,5.06,0,4
2026-08-27 03:57:07.631769,3,18.55067,73.81483,4.96,46.08,-0.09999999999999964,0.02666666666666669,4.96,0,4
2026-08-26 22:12:07.634193,0,19.076,72.8777,5.85,54.87,0.0,0.0,5.85,0,5
2026-08-26 22:27:07.634193,0,19.06157,72.91767,6.66,58.9,0.8100000000000005,0.0,6.66,1,5
2026-08-26 22:42:07.634193,0,19.04713,72.95763,7.33,50.73,0.6699999999999999,0.0,7.33,1,5
2026-08-26 22:57:07.634193,0,19.0327,72.9976,8.42,49.68,1.0899999999999999,0.8566666666666668,8.42,1,5
2026-08-26 23:12:07.634193,0,19.01827,73.03757,9.56,58.5,1.1400000000000006,0.9666666666666668,9.56,1,5
2026-08-26 23:27:07.634193,0,19.00383,73.07753,10.63,40.18,1.0700000000000003,1.1000000000000003,10.63,1,5
2026-08-26 23:42:07.634193,1,18.9894,73.1175,11.76,40.99,1.129999999999999,1.1133333333333333,11.76,1,5
2026-08-26 23:57:07.634193,1,18.95783,73.15625,12.74,44.7,0.9800000000000004,1.0599999999999998,12.74,1,5
2026-08-27 00:12:07.634193,1,18.92627,73.195,13.46,56.15,0.7200000000000006,0.9433333333333334,13.46,1,5
2026-08-27 00:27:07.634193,1,18.8947,73.23375,14.58,42.36,1.1199999999999992,0.9400000000000001,14.58,1,5
2026-08-27 00:42:07.634193,1,18.86313,73.2725,15.59,56.25,1.0099999999999998,0.9499999999999998,15.59,1,5
2026-08-27 00:57:07.634193,1,18.83157,73.31125,16.49,58.28,0.8999999999999986,1.0099999999999991,16.49,1,5
2026-08-27 01:12:07.634193,2,18.8,73.35,17.23,50.59,0.740000000000002,0.8833333333333334,17.23,1,5
2026-08-27 01:27:07.634193,2,18.775,73.4,18.42,52.45,1.1900000000000013,0.9433333333333339,18.42,1,5
2026-08-27 01:42:07.634193,2,18.75,73.45,19.45,42.43,1.0299999999999976,0.9866666666666669,19.45,1,5
2026-08-27 01:57:07.634193,2,18.725,73.5,20.35,50.88,0.9000000000000021,1.0400000000000003,20.35,1,5
2026-08-27 02:12:07.634193,2,18.7,73.55,21.28,54.94,0.9299999999999997,0.9533333333333331,21.28,1,5
2026-08-27 02:27:07.634193,2,18.675,73.6,22.49,51.84,1.2099999999999973,1.013333333333333,22.49,1,5
2026-08-27 02:42:07.634193,3,18.65,73.65,23.11,41.99,0.620000000000001,0.9199999999999994,23.11,1,5
2026-08-27 02:57:07.634193,3,18.63013,73.68297,24.18,44.73,1.0700000000000003,0.9666666666666662,24.18,1,5
2026-08-27 03:12:07.634193,3,18.61027,73.71593,25.35,59.51,1.1700000000000017,0.9533333333333344,25.35,1,5
2026-08-27 03:27:07.634193,3,18.5904,73.7489,26.09,56.93,0.7399999999999984,0.9933333333333335,26.09,1,5
2026-08-27 03:42:07.634193,3,18.57053,73.78187,27.27,44.7,1.1799999999999997,1.03,27.27,1,5
2026-08-27 03:57:07.634193,3,18.55067,73.81483,28.19,54.05,0.9200000000000017,0.9466666666666667,28.19,1,5
2026-08-26 22:12:07.636510,0,19.076,72.8777,4.87,51.59,0.0,0.0,4.87,0,6
2026-08-26 22:27:07.636510,0,19.06157,72.91767,5.02,49.94,0.14999999999999947,0.0,5.02,0,6
2026-08-26 22:42:07.636510,0,19.04713,72.95763,4.99,58.96,-0.02999999999999936,0.0,4.99,0,6
2026-08-26 22:57:07.636510,0,19.0327,72.9976,4.98,45.95,-0.009999999999999787,0.03666666666666677,4.98,0,6
2026-08-26 23:12:07.636510,0,19.01827,73.03757,4.79,54.28,-0.1900000000000004,-0.07666666666666651,4.79,0,6
2026-08-26 23:27:07.636510,0,19.00383,73.07753,4.92,59.08,0.1299999999999999,-0.023333333333333428,4.92,0,6
2026-08-26 23:42:07.636510,1,18.9894,73.1175,4.85,48.16,-0.07000000000000028,-0.04333333333333359,4.85,0,6
2026-08-26 23:57:07.636510,1,18.95783,73.15625,4.8,53.02,-0.04999999999999982,0.0033333333333332624,4.8,0,6
2026-08-27 00:12:07.636510,1,18.92627,73.195,4.68,55.82,-0.1200000000000001,-0.08000000000000007,4.68,0,6
2026-08-27 00:27:07.636510,1,18.8947,73.23375,4.76,58.96,0.08000000000000007,-0.029999999999999954,4.76,0,6
2026-08-27 00:42:07.636510,1,18.86313,73.2725,4.86,54.95,0.10000000000000053,0.020000000000000167,4.86,0,6
2026-08-27 00:57:07.636510,1,18.83157,73.31125,4.84,53.09,-0.020000000000000462,0.05333333333333338,4.84,0,6
2026-08-27 01:12:07.636510,2,18.8,73.35,4.96,49.21,0.1200000000000001,0.06666666666666672,4.96,0,6
2026-08-27 01:27:07.636510,2,18.775,73.4,5.06,59.63,0.09999999999999964,0.06666666666666643,5.06,0,6
2026-08-27 01:42:07.636510,2,18.75,73.45,5.23,58.1,0.17000000000000082,0.1300000000000002,5.23,0,6
2026-08-27 01:57:07.636510,2,18.725,73.5,5.36,50.29,0.1299999999999999,0.13333333333333344,5.36,0,6
2026-08-27 02:12:07.636510,2,18.7,73.55,5.47,54.34,0.10999999999999943,0.13666666666666671,5.47,0,6
2026-08-27 02:27:07.636510,2,18.675,73.6,5.39,43.39,-0.08000000000000007,0.05333333333333309,5.39,0,6
2026-08-27 02:42:07.636510,3,18.65,73.65,5.46,45.71,0.07000000000000028,0.033333333333333215,5.46,0,6
2026-08-27 02:57:07.636510,3,18.63013,73.68297,5.27,51.69,-0.1900000000000004,-0.06666666666666672,5.27,0,6
2026-08-27 03:12:07.636510,3,18.61027,73.71593,5.14,46.93,-0.1299999999999999,-0.08333333333333333,5.14,0,6
2026-08-27 03:27:07.636510,3,18.5904,73.7489,5.07,45.29,-0.0699999999999994,-0.1299999999999999,5.07,0,6
2026-08-27 03:42:07.636510,3,18.57053,73.78187,5.08,53.54,0.009999999999999787,-0.06333333333333317,5.08,0,6
2026-08-27 03:57:07.636510,3,18.55067,73.81483,5.19,42.37,0.11000000000000032,0.016666666666666902,5.19,0,6
2026-08-26 22:12:07.638938,0,19.076,72.8777,4.83,54.01,0.0,0.0,4.83,0,7
2026-08-26 22:27:07.638938,0,19.06157,72.91767,5.03,55.6,0.20000000000000018,0.0,5.03,0,7
2026-08-26 22:42:07.638938,0,19.04713,72.95763,4.92,46.84,-0.11000000000000032,0.0,4.92,0,7
2026-08-26 22:57:07.638938,0,19.0327,72.9976,4.83,46.93,-0.08999999999999986,0.0,4.83,0,7
2026-08-26 23:12:07.638938,0,19.01827,73.03757,4.63,48.1,-0.20000000000000018,-0.13333333333333344,4.63,0,7
2026-08-26 23:27:07.638938,0,19.00383,73.07753,4.76,45.47,0.1299999999999999,-0.05333333333333338,4.76,0,7
2026-08-26 23:42:07.638938,1,18.9894,73.1175,4.69,47.64,-0.0699999999999994,-0.04666666666666656,4.69,0,7
2026-08-26 23:57:07.638938,1,18.95783,73.15625,4.61,57.16,-0.08000000000000007,-0.006666666666666525,4.61,0,7
2026-08-27 00:12:07.638938,1,18.92627,73.195,4.68,51.67,0.0699999999999994,-0.02666666666666669,4.68,0,7
2026-08-27 00:27:07.638938,1,18.8947,73.23375,4.68,48.22,0.0,-0.003333333333333558,4.68,0,7
2026-08-27 00:42:07.638938,1,18.86313,73.2725,4.87,50.24,0.1900000000000004,0.0866666666666666,4.87,0,7
2026-08-27 00:57:07.638938,1,18.83157,73.31125,4.99,53.39,0.1200000000000001,0.1033333333333335,4.99,0,7
2026-08-27 01:12:07.638938,2,18.8,73.35,5.65,43.37,0.6600000000000001,0.32333333333333353,5.65,0,7
2026-08-27 01:27:07.638938,2,18.775,73.4,6.03,56.44,0.3799999999999999,0.3866666666666667,6.03,0,7
2026-08-27 01:42:07.638938,2,18.75,73.45,6.48,59.11,0.4500000000000002,0.49666666666666676,6.48,0,7
2026-08-27 01:57:07.638938,2,18.725,73.5,7.16,46.91,0.6799999999999997,0.5033333333333333,7.16,1,7
2026-08-27 02:12:07.638938,2,18.7,73.55,7.64,48.64,0.47999999999999954,0.5366666666666665,7.64,1,7
2026-08-27 02:27:07.638938,2,18.675,73.6,8.24,42.96,0.6000000000000005,0.5866666666666666,8.24,1,7
2026-08-27 02:42:07.638938,3,18.65,73.65,8.75,55.68,0.5099999999999998,0.5299999999999999,8.75,1,7
2026-08-27 02:57:07.638938,3,18.63013,73.68297,9.38,57.72,0.6300000000000008,0.5800000000000004,9.38,1,7
2026-08-27 03:12:07.638938,3,18.61027,73.71593,10.06,44.45,0.6799999999999997,0.6066666666666668,10.06,1,7
2026-08-27 03:27:07.638938,3,18.5904,73.7489,10.49,50.78,0.4299999999999997,0.5800000000000001,10.49,1,7
2026-08-27 03:42:07.638938,3,18.57053,73.78187,10.88,49.22,0.39000000000000057,0.5,10.88,1,7
2026-08-27 03:57:07.638938,3,18.55067,73.81483,11.58,46.7,0.6999999999999993,0.5066666666666665,11.58,1,7
2026-08-26 22:12:07.641743,0,19.076,72.8777,5.44,48.83,0.0,0.0,5.44,0,8
2026-08-26 22:27:07.641743,0,19.06157,72.91767,5.69,50.53,0.25,0.0,5.69,0,8
2026-08-26 22:42:07.641743,0,19.04713,72.95763,6.16,50.78,0.46999999999999975,0.0,6.16,0,8
2026-08-26 22:57:07.641743,0,19.0327,72.9976,6.51,42.09,0.34999999999999964,0.35666666666666647,6.51,0,8
2026-08-26 23:12:07.641743,0,19.01827,73.03757,6.82,50.81,0.3100000000000005,0.37666666666666665,6.82,0,8
2026-08-26 23:27:07.641743,0,19.00383,73.07753,7.16,48.52,0.33999999999999986,0.3333333333333333,7.16,1,8
2026-08-26 23:42:07.641743,1,18.9894,73.1175,7.65,56.13,0.4900000000000002,0.38000000000000017,7.65,1,8
2026-08-26 23:57:07.641743,1,18.95783,73.15625,8.06,49.7,0.41000000000000014,0.4133333333333334,8.06,1,8
2026-08-27 00:12:07.641743,1,18.92627,73.195,8.4,55.33,0.33999999999999986,0.4133333333333334,8.4,1,8
2026-08-27 00:27:07.641743,1,18.8947,73.23375,8.8,55.15,0.40000000000000036,0.38333333333333347,8.8,1,8
2026-08-27 00:42:07.641743,1,18.86313,73.2725,9.12,50.99,0.3199999999999985,0.3533333333333329,9.12,1,8
2026-08-27 00:57:07.641743,1,18.83157,73.31125,9.59,46.35,0.47000000000000064,0.3966666666666665,9.59,1,8
2026-08-27 01:12:07.641743,2,18.8,73.35,10.08,46.41,0.4900000000000002,0.42666666666666647,10.08,1,8
2026-08-27 01:27:07.641743,2,18.775,73.4,10.47,50.11,0.39000000000000057,0.45000000000000046,10.47,1,8
2026-08-27 01:42:07.641743,2,18.75,73.45,10.79,58.73,0.3199999999999985,0.39999999999999974,10.79,1,8
2026-08-27 01:57:07.641743,2,18.725,73.5,11.12,47.6,0.33000000000000007,0.3466666666666664,11.12,1,8
2026-08-27 02:12:07.641743,2,18.7,73.55,11.54,59.94,0.41999999999999993,0.3566666666666662,11.54,1,8
2026-08-27 02:27:07.641743,2,18.675,73.6,11.86,56.12,0.3200000000000003,0.35666666666666674,11.86,1,8
2026-08-27 02:42:07.641743,3,18.65,73.65,12.12,47.35,0.2599999999999998,0.3333333333333333,12.12,1,8
2026-08-27 02:57:07.641743,3,18.63013,73.68297,12.54,58.07,0.41999999999999993,0.3333333333333333,12.54,1,8
2026-08-27 03:12:07.641743,3,18.61027,73.71593,12.85,42.34,0.3100000000000005,0.33000000000000007,12.85,1,8
2026-08-27 03:27:07.641743,3,18.5904,73.7489,13.29,57.96,0.4399999999999995,0.38999999999999996,13.29,1,8
2026-08-27 03:42:07.641743,3,18.57053,73.78187,13.69,44.54,0.40000000000000036,0.38333333333333347,13.69,1,8
2026-08-27 03:57:07.641743,3,18.55067,73.81483,14.19,50.21,0.5,0.4466666666666666,14.19,1,8
2026-08-26 22:12:07.643727,0,19.076,72.8777,5.63,55.49,0.0,0.0,5.63,0,9
2026-08-26 22:27:07.643727,0,19.06157,72.91767,6.14,58.42,0.5099999999999998,0.0,6.14,0,9
2026-08-26 22:42:07.643727,0,19.04713,72.95763,6.53,52.99,0.39000000000000057,0.0,6.53,0,9
2026-08-26 22:57:07.643727,0,19.0327,72.9976,6.96,47.13,0.4299999999999997,0.44333333333333336,6.96,0,9
2026-08-26 23:12:07.643727,0,19.01827,73.03757,7.36,46.53,0.40000000000000036,0.4066666666666669,7.36,1,9
2026-08-26 23:27:07.643727,0,19.00383,73.07753,7.96,45.43,0.5999999999999996,0.47666666666666657,7.96,1,9
2026-08-26 23:42:07.643727,1,18.9894,73.1175,8.47,48.57,0.5100000000000007,0.5033333333333335,8.47,1,9
2026-08-26 23:57:07.643727,1,18.95783,73.15625,9.16,43.0,0.6899999999999995,0.6,9.16,1,9
2026-08-27 00:12:07.643727,1,18.92627,73.195,9.92,58.97,0.7599999999999998,0.6533333333333333,9.92,1,9
2026-08-27 00:27:07.643727,1,18.8947,73.23375,10.3,48.57,0.3800000000000008,0.61,10.3,1,9
2026-08-27 00:42:07.643727,1,18.86313,73.2725,10.96,48.6,0.6600000000000001,0.6000000000000002,10.96,1,9
2026-08-27 00:57:07.643727,1,18.83157,73.31125,11.67,56.16,0.7099999999999991,0.5833333333333334,11.67,1,9
2026-08-27 01:12:07.643727,2,18.8,73.35,12.31,51.46,0.6400000000000006,0.6699999999999999,12.31,1,9
2026-08-27 01:27:07.643727,2,18.775,73.4,12.73,57.49,0.41999999999999993,0.5899999999999999,12.73,1,9
2026-08-27 01:42:07.643727,2,18.75,73.45,13.26,58.61,0.5299999999999994,0.5299999999999999,13.26,1,9
2026-08-27 01:57:07.643727,2,18.725,73.5,13.92,45.21,0.6600000000000001,0.5366666666666665,13.92,1,9
2026-08-27 02:12:07.643727,2,18.7,73.55,14.36,57.97,0.4399999999999995,0.543333333333333,14.36,1,9
2026-08-27 02:27:07.643727,2,18.675,73.6,14.77,58.71,0.41000000000000014,0.5033333333333333,14.77,1,9
2026-08-27 02:42:07.643727,3,18.65,73.65,15.33,50.34,0.5600000000000005,0.47000000000000003,15.33,1,9
2026-08-27 02:57:07.643727,3,18.63013,73.68297,15.76,40.79,0.4299999999999997,0.4666666666666668,15.76,1,9
2026-08-27 03:12:07.643727,3,18.61027,73.71593,16.36,59.42,0.5999999999999996,0.5299999999999999,16.36,1,9
2026-08-27 03:27:07.643727,3,18.5904,73.7489,16.96,40.4,0.6000000000000014,0.5433333333333336,16.96,1,9
2026-08-27 03:42:07.643727,3,18.57053,73.78187,17.4,54.79,0.4399999999999977,0.5466666666666663,17.4,1,9
2026-08-27 03:57:07.643727,3,18.55067,73.81483,17.79,51.38,0.39000000000000057,0.47666666666666657,17.79,1,9
2026-08-26 22:12:07.645726,0,19.076,72.8777,5.16,46.12,0.0,0.0,5.16,0,10
2026-08-26 22:27:07.645726,0,19.06157,72.91767,4.98,43.64,-0.17999999999999972,0.0,4.98,0,10
2026-08-26 22:42:07.645726,0,19.04713,72.95763,4.84,41.18,-0.14000000000000057,0.0,4.84,0,10
2026-08-26 22:57:07.645726,0,19.0327,72.9976,4.91,57.2,0.07000000000000028,-0.08333333333333333,4.91,0,10
2026-08-26 23:12:07.645726,0,19.01827,73.03757,4.74,52.64,-0.16999999999999993,-0.08000000000000007,4.74,0,10
2026-08-26 23:27:07.645726,0,19.00383,73.07753,4.92,51.43,0.17999999999999972,0.02666666666666669,4.92,0,10
2026-08-26 23:42:07.645726,1,18.9894,73.1175,4.83,53.57,-0.08999999999999986,-0.02666666666666669,4.83,0,10
2026-08-26 23:57:07.645726,1,18.95783,73.15625,4.68,55.13,-0.15000000000000036,-0.020000000000000167,4.68,0,10
2026-08-27 00:12:07.645726,1,18.92627,73.195,4.86,40.76,0.1800000000000006,-0.01999999999999987,4.86,0,10
2026-08-27 00:27:07.645726,1,18.8947,73.23375,5.02,50.47,0.15999999999999925,0.06333333333333317,5.02,0,10
2026-08-27 00:42:07.645726,1,18.86313,73.2725,5.18,41.67,0.16000000000000014,0.16666666666666666,5.18,0,10
2026-08-27 00:57:07.645726,1,18.83157,73.31125,5.28,43.87,0.10000000000000053,0.13999999999999999,5.28,0,10
2026-08-27 01:12:07.645726,2,18.8,73.35,5.38,52.73,0.09999999999999964,0.1200000000000001,5.38,0,10
2026-08-27 01:27:07.645726,2,18.775,73.4,5.42,57.52,0.040000000000000036,0.08000000000000007,5.42,0,10
2026-08-27 01:42:07.645726,2,18.75,73.45,5.54,43.12,0.1200000000000001,0.0866666666666666,5.54,0,10
2026-08-27 01:57:07.645726,2,18.725,73.5,5.47,46.33,-0.07000000000000028,0.029999999999999954,5.47,0,10
2026-08-27 02:12:07.645726,2,18.7,73.55,5.64,59.87,0.16999999999999993,0.07333333333333325,5.64,0,10
2026-08-27 02:27:07.645726,2,18.675,73.6,5.76,40.15,0.1200000000000001,0.07333333333333325,5.76,0,10
2026-08-27 02:42:07.645726,3,18.65,73.65,5.95,57.89,0.1900000000000004,0.16000000000000014,5.95,0,10
2026-08-27 02:57:07.645726,3,18.63013,73.68297,5.85,57.52,-0.10000000000000053,0.06999999999999999,5.85,0,10
2026-08-27 03:12:07.645726,3,18.61027,73.71593,5.66,43.85,-0.1899999999999995,-0.033333333333333215,5.66,0,10
2026-08-27 03:27:07.645726,3,18.5904,73.7489,5.59,46.77,-0.07000000000000028,-0.1200000000000001,5.59,0,10
2026-08-27 03:42:07.645726,3,18.57053,73.78187,5.77,59.81,0.17999999999999972,-0.02666666666666669,5.77,0,10
2026-08-27 03:57:07.645726,3,18.55067,73.81483,5.72,44.52,-0.04999999999999982,0.01999999999999987,5.72,0,10
2026-08-26 22:12:07.648073,0,19.076,72.8777,5.03,58.54,0.0,0.0,5.03,0,11
2026-08-26 22:27:07.648073,0,19.06157,72.91767,4.92,44.82,-0.11000000000000032,0.0,4.92,0,11
2026-08-26 22:42:07.648073,0,19.04713,72.95763,4.95,45.69,0.03000000000000025,0.0,4.95,0,11
2026-08-26 22:57:07.648073,0,19.0327,72.9976,5.07,57.45,0.1200000000000001,0.013333333333333345,5.07,0,11
2026-08-26 23:12:07.648073,0,19.01827,73.03757,5.17,52.07,0.09999999999999964,0.08333333333333333,5.17,0,11
2026-08-26 23:27:07.648073,0,19.00383,73.07753,5.22,53.5,0.04999999999999982,0.08999999999999986,5.22,0,11
2026-08-26 23:42:07.648073,1,18.9894,73.1175,5.08,59.62,-0.13999999999999968,0.0033333333333332624,5.08,0,11
2026-08-26 23:57:07.648073,1,18.95783,73.15625,5.09,58.38,0.009999999999999787,-0.02666666666666669,5.09,0,11
2026-08-27 00:12:07.648073,1,18.92627,73.195,4.98,53.21,-0.10999999999999943,-0.07999999999999978,4.98,0,11
2026-08-27 00:27:07.648073,1,18.8947,73.23375,5.09,41.18,0.10999999999999943,0.0033333333333332624,5.09,0,11
2026-08-27 00:42:07.648073,1,18.86313,73.2725,5.22,46.0,0.1299999999999999,0.0433333333333333,5.22,0,11
2026-08-27 00:57:07.648073,1,18.83157,73.31125,5.05,54.96,-0.16999999999999993,0.023333333333333133,5.05,0,11
2026-08-27 01:12:07.648073,2,18.8,73.35,5.74,40.62,0.6900000000000004,0.21666666666666679,5.74,0,11
2026-08-27 01:27:07.648073,2,18.775,73.4,6.19,57.75,0.4500000000000002,0.32333333333333353,6.19,0,11
2026-08-27 01:42:07.648073,2,18.75,73.45,6.9,53.7,0.71,0.6166666666666668,6.9,0,11
2026-08-27 01:57:07.648073,2,18.725,73.5,7.38,54.31,0.47999999999999954,0.5466666666666665,7.38,1,11
2026-08-27 02:12:07.648073,2,18.7,73.55,7.89,51.6,0.5099999999999998,0.5666666666666664,7.89,1,11
2026-08-27 02:27:07.648073,2,18.675,73.6,8.71,53.29,0.8200000000000012,0.6033333333333335,8.71,1,11
2026-08-27 02:42:07.648073,3,18.65,73.65,9.44,58.82,0.7299999999999986,0.6866666666666665,9.44,1,11
2026-08-27 02:57:07.648073,3,18.63013,73.68297,10.27,47.56,0.8300000000000001,0.7933333333333333,10.27,1,11
2026-08-27 03:12:07.648073,3,18.61027,73.71593,10.82,57.68,0.5500000000000007,0.7033333333333331,10.82,1,11
2026-08-27 03:27:07.648073,3,18.5904,73.7489,11.44,55.93,0.6199999999999992,0.6666666666666666,11.44,1,11
2026-08-27 03:42:07.648073,3,18.57053,73.78187,11.91,51.71,0.47000000000000064,0.5466666666666669,11.91,1,11
2026-08-27 03:57:07.648073,3,18.55067,73.81483,12.42,42.61,0.5099999999999998,0.5333333333333332,12.42,1,11
2026-08-26 22:12:07.650139,0,19.076,72.8777,5.08,48.5,0.0,0.0,5.08,0,12
2026-08-26 22:27:07.650139,0,19.06157,72.91767,5.15,54.17,0.07000000000000028,0.0,5.15,0,12
2026-08-26 22:42:07.650139,0,19.04713,72.95763,5.16,51.95,0.009999999999999787,0.0,5.16,0,12
2026-08-26 22:57:07.650139,0,19.0327,72.9976,5.02,56.46,-0.14000000000000057,-0.020000000000000167,5.02,0,12
2026-08-26 23:12:07.650139,0,19.01827,73.03757,4.83,54.52,-0.1899999999999995,-0.10666666666666676,4.83,0,12
2026-08-26 23:27:07.650139,0,19.00383,73.07753,4.78,48.96,-0.04999999999999982,-0.12666666666666662,4.78,0,12
2026-08-26 23:42:07.650139,1,18.9894,73.1175,4.84,47.03,0.05999999999999961,-0.05999999999999991,4.84,0,12
2026-08-26 23:57:07.650139,1,18.95783,73.15625,4.83,41.43,-0.009999999999999787,0.0,4.83,0,12
2026-08-27 00:12:07.650139,1,18.92627,73.195,4.83,40.03,0.0,0.016666666666666607,4.83,0,12
2026-08-27 00:27:07.650139,1,18.8947,73.23375,4.87,41.67,0.040000000000000036,0.010000000000000083,4.87,0,12
2026-08-27 00:42:07.650139,1,18.86313,73.2725,4.91,58.23,0.040000000000000036,0.02666666666666669,4.91,0,12
2026-08-27 00:57:07.650139,1,18.83157,73.31125,4.95,48.65,0.040000000000000036,0.040000000000000036,4.95,0,12
2026-08-27 01:12:07.650139,2,18.8,73.35,5.11,51.85,0.16000000000000014,0.08000000000000007,5.11,0,12
2026-08-27 01:27:07.650139,2,18.775,73.4,5.42,41.07,0.3099999999999996,0.16999999999999993,5.42,0,12
2026-08-27 01:42:07.650139,2,18.75,73.45,5.7,57.87,0.28000000000000025,0.25,5.7,0,12
2026-08-27 01:57:07.650139,2,18.725,73.5,5.96,54.86,0.2599999999999998,0.2833333333333332,5.96,0,12
2026-08-27 02:12:07.650139,2,18.7,73.55,6.23,44.64,0.27000000000000046,0.2700000000000002,6.23,0,12
2026-08-27 02:27:07.650139,2,18.675,73.6,6.47,53.23,0.23999999999999932,0.25666666666666654,6.47,0,12
2026-08-27 02:42:07.650139,3,18.65,73.65,6.65,58.02,0.1800000000000006,0.23000000000000012,6.65,0,12
2026-08-27 02:57:07.650139,3,18.63013,73.68297,6.81,50.42,0.15999999999999925,0.19333333333333305,6.81,0,12
2026-08-27 03:12:07.650139,3,18.61027,73.71593,7.07,53.91,0.2600000000000007,0.20000000000000018,7.07,0,12
2026-08-27 03:27:07.650139,3,18.5904,73.7489,7.33,56.26,0.2599999999999998,0.22666666666666657,7.33,0,12
2026-08-27 03:42:07.650139,3,18.57053,73.78187,7.59,57.59,0.2599999999999998,0.26000000000000006,7.59,0,12
2026-08-27 03:57:07.650139,3,18.55067,73.81483,7.82,45.94,0.23000000000000043,0.25,7.82,0,12
2026-08-26 22:12:07.652310,0,19.076,72.8777,5.1,53.93,0.0,0.0,5.1,0,13
2026-08-26 22:27:07.652310,0,19.06157,72.91767,5.13,41.05,0.03000000000000025,0.0,5.13,0,13
2026-08-26 22:42:07.652310,0,19.04713,72.95763,4.98,54.41,-0.14999999999999947,0.0,4.98,0,13
2026-08-26 22:57:07.652310,0,19.0327,72.9976,5.02,45.63,0.03999999999999915,-0.02666666666666669,5.02,0,13
2026-08-26 23:12:07.652310,0,19.01827,73.03757,5.13,46.61,0.11000000000000032,0.0,5.13,0,13
2026-08-26 23:27:07.652310,0,19.00383,73.07753,4.97,54.33,-0.16000000000000014,-0.003333333333333558,4.97,0,13
2026-08-26 23:42:07.652310,1,18.9894,73.1175,5.13,51.86,0.16000000000000014,0.03666666666666677,5.13,0,13
2026-08-26 23:57:07.652310,1,18.95783,73.15625,5.08,47.41,-0.04999999999999982,-0.016666666666666607,5.08,0,13
2026-08-27 00:12:07.652310,1,18.92627,73.195,4.99,58.14,-0.08999999999999986,0.006666666666666821,4.99,0,13
2026-08-27 00:27:07.652310,1,18.8947,73.23375,4.94,57.33,-0.04999999999999982,-0.06333333333333317,4.94,0,13
2026-08-27 00:42:07.652310,1,18.86313,73.2725,5.02,50.49,0.07999999999999918,-0.020000000000000167,5.02,0,13
2026-08-27 00:57:07.652310,1,18.83157,73.31125,4.83,45.08,-0.1899999999999995,-0.05333333333333338,4.83,0,13
2026-08-27 01:12:07.652310,2,18.8,73.35,5.02,56.31,0.1899999999999995,0.026666666666666394,5.02,0,13
2026-08-27 01:27:07.652310,2,18.775,73.4,5.18,56.19,0.16000000000000014,0.05333333333333338,5.18,0,13
2026-08-27 01:42:07.652310,2,18.75,73.45,4.98,48.04,-0.1999999999999993,0.05000000000000012,4.98,0,13
2026-08-27 01:57:07.652310,2,18.725,73.5,4.8,53.17,-0.1800000000000006,-0.07333333333333325,4.8,0,13
2026-08-27 02:12:07.652310,2,18.7,73.55,4.98,51.3,0.1800000000000006,-0.06666666666666643,4.98,0,13
2026-08-27 02:27:07.652310,2,18.675,73.6,4.83,48.58,-0.15000000000000036,-0.05000000000000012,4.83,0,13
2026-08-27 02:42:07.652310,3,18.65,73.65,4.68,44.74,-0.15000000000000036,-0.040000000000000036,4.68,0,13
2026-08-27 02:57:07.652310,3,18.63013,73.68297,4.58,40.26,-0.09999999999999964,-0.13333333333333344,4.58,0,13
2026-08-27 03:12:07.652310,3,18.61027,73.71593,4.51,48.9,-0.07000000000000028,-0.10666666666666676,4.51,0,13
2026-08-27 03:27:07.652310,3,18.5904,73.7489,4.56,49.57,0.04999999999999982,-0.040000000000000036,4.56,0,13
2026-08-27 03:42:07.652310,3,18.57053,73.78187,4.68,48.37,0.1200000000000001,0.033333333333333215,4.68,0,13
2026-08-27 03:57:07.652310,3,18.55067,73.81483,4.79,51.63,0.11000000000000032,0.09333333333333342,4.79,0,13
2026-08-26 22:12:07.655142,0,19.076,72.8777,4.86,42.5,0.0,0.0,4.86,0,14
2026-08-26 22:27:07.655142,0,19.06157,72.91767,4.67,49.92,-0.1900000000000004,0.0,4.67,0,14
2026-08-26 22:42:07.655142,0,19.04713,72.95763,4.63,52.03,-0.040000000000000036,0.0,4.63,0,14
2026-08-26 22:57:07.655142,0,19.0327,72.9976,4.54,52.07,-0.08999999999999986,-0.10666666666666676,4.54,0,14
2026-08-26 23:12:07.655142,0,19.01827,73.03757,4.44,57.53,-0.09999999999999964,-0.07666666666666651,4.44,0,14
2026-08-26 23:27:07.655142,0,19.00383,73.07753,4.49,49.25,0.04999999999999982,-0.04666666666666656,4.49,0,14
2026-08-26 23:42:07.655142,1,18.9894,73.1175,4.53,42.9,0.040000000000000036,-0.0033333333333332624,4.53,0,14
2026-08-26 23:57:07.655142,1,18.95783,73.15625,4.47,45.04,-0.0600000000000005,0.009999999999999787,4.47,0,14
2026-08-27 00:12:07.655142,1,18.92627,73.195,4.42,55.0,-0.04999999999999982,-0.023333333333333428,4.42,0,14
2026-08-27 00:27:07.655142,1,18.8947,73.23375,4.44,40.63,0.020000000000000462,-0.029999999999999954,4.44,0,14
2026-08-27 00:42:07.655142,1,18.86313,73.2725,4.64,49.96,0.1999999999999993,0.05666666666666664,4.64,0,14
2026-08-27 00:57:07.655142,1,18.83157,73.31125,4.66,47.85,0.020000000000000462,0.08000000000000007,4.66,0,14
2026-08-27 01:12:07.655142,2,18.8,73.35,4.52,49.55,-0.14000000000000057,0.026666666666666394,4.52,0,14
2026-08-27 01:27:07.655142,2,18.775,73.4,4.57,48.6,0.05000000000000071,-0.023333333333333133,4.57,0,14
2026-08-27 01:42:07.655142,2,18.75,73.45,4.52,48.07,-0.05000000000000071,-0.046666666666666856,4.52,0,14
2026-08-27 01:57:07.655142,2,18.725,73.5,4.36,40.49,-0.15999999999999925,-0.05333333333333309,4.36,0,14
2026-08-27 02:12:07.655142,2,18.7,73.55,4.46,54.25,0.09999999999999964,-0.03666666666666677,4.46,0,14
2026-08-27 02:27:07.655142,2,18.675,73.6,4.32,52.0,-0.13999999999999968,-0.06666666666666643,4.32,0,14
2026-08-27 02:42:07.655142,3,18.65,73.65,4.21,58.26,-0.11000000000000032,-0.05000000000000012,4.21,0,14
2026-08-27 02:57:07.655142,3,18.63013,73.68297,4.23,43.43,0.020000000000000462,-0.07666666666666651,4.23,0,14
2026-08-27 03:12:07.655142,3,18.61027,73.71593,4.3,48.37,0.0699999999999994,-0.006666666666666821,4.3,0,14
2026-08-27 03:27:07.655142,3,18.5904,73.7489,4.45,47.55,0.15000000000000036,0.08000000000000007,4.45,0,14
2026-08-27 03:42:07.655142,3,18.57053,73.78187,4.43,46.07,-0.020000000000000462,0.06666666666666643,4.43,0,14
2026-08-27 03:57:07.655142,3,18.55067,73.81483,4.27,59.2,-0.16000000000000014,-0.010000000000000083,4.27,0,14
2026-08-26 22:12:07.657414,0,19.076,72.8777,4.9,52.97,0.0,0.0,4.9,0,15
2026-08-26 22:27:07.657414,0,19.06157,72.91767,5.02,56.96,0.11999999999999922,0.0,5.02,0,15
2026-08-26 22:42:07.657414,0,19.04713,72.95763,5.21,51.93,0.1900000000000004,0.0,5.21,0,15
2026-08-26 22:57:07.657414,0,19.0327,72.9976,5.04,45.21,-0.16999999999999993,0.04666666666666656,5.04,0,15
2026-08-26 23:12:07.657414,0,19.01827,73.03757,5.14,54.39,0.09999999999999964,0.040000000000000036,5.14,0,15
2026-08-26 23:27:07.657414,0,19.00383,73.07753,5.21,54.7,0.07000000000000028,0.0,5.21,0,15
2026-08-26 23:42:07.657414,1,18.9894,73.1175,5.36,42.86,0.15000000000000036,0.10666666666666676,5.36,0,15
2026-08-26 23:57:07.657414,1,18.95783,73.15625,5.28,44.46,-0.08000000000000007,0.046666666666666856,5.28,0,15
2026-08-27 00:12:07.657414,1,18.92627,73.195,5.36,44.48,0.08000000000000007,0.05000000000000012,5.36,0,15
2026-08-27 00:27:07.657414,1,18.8947,73.23375,5.21,57.68,-0.15000000000000036,-0.05000000000000012,5.21,0,15
2026-08-27 00:42:07.657414,1,18.86313,73.2725,5.33,45.65,0.1200000000000001,0.016666666666666607,5.33,0,15
2026-08-27 00:57:07.657414,1,18.83157,73.31125,5.33,56.77,0.0,-0.010000000000000083,5.33,0,15
2026-08-27 01:12:07.657414,2,18.8,73.35,6.18,55.44,0.8499999999999996,0.32333333333333325,6.18,0,15
2026-08-27 01:27:07.657414,2,18.775,73.4,7.06,50.28,0.8799999999999999,0.5766666666666665,7.06,1,15
2026-08-27 01:42:07.657414,2,18.75,73.45,7.6,58.45,0.54,0.7566666666666665,7.6,1,15
2026-08-27 01:57:07.657414,2,18.725,73.5,8.19,49.75,0.5899999999999999,0.6699999999999999,8.19,1,15
2026-08-27 02:12:07.657414,2,18.7,73.55,8.67,56.41,0.4800000000000004,0.5366666666666667,8.67,1,15
2026-08-27 02:27:07.657414,2,18.675,73.6,9.55,56.36,0.8800000000000008,0.6500000000000004,9.55,1,15
2026-08-27 02:42:07.657414,3,18.65,73.65,10.39,54.07,0.8399999999999999,0.7333333333333337,10.39,1,15
2026-08-27 02:57:07.657414,3,18.63013,73.68297,10.95,44.08,0.5599999999999987,0.7599999999999998,10.95,1,15
2026-08-27 03:12:07.657414,3,18.61027,73.71593,11.47,55.64,0.5200000000000014,0.64,11.47,1,15
2026-08-27 03:27:07.657414,3,18.5904,73.7489,12.1,49.54,0.629999999999999,0.5699999999999997,12.1,1,15
2026-08-27 03:42:07.657414,3,18.57053,73.78187,12.59,45.34,0.4900000000000002,0.5466666666666669,12.59,1,15
2026-08-27 03:57:07.657414,3,18.55067,73.81483,13.27,48.65,0.6799999999999997,0.5999999999999996,13.27,1,15
2026-08-26 22:12:07.659785,0,19.076,72.8777,5.8,40.69,0.0,0.0,5.8,0,16
2026-08-26 22:27:07.659785,0,19.06157,72.91767,6.76,56.02,0.96,0.0,6.76,1,16
2026-08-26 22:42:07.659785,0,19.04713,72.95763,7.53,48.1,0.7700000000000005,0.0,7.53,1,16
2026-08-26 22:57:07.659785,0,19.0327,72.9976,8.78,45.55,1.2499999999999991,0.9933333333333332,8.78,1,16
2026-08-26 23:12:07.659785,0,19.01827,73.03757,9.65,56.83,0.870000000000001,0.9633333333333335,9.65,1,16
2026-08-26 23:27:07.659785,0,19.00383,73.07753,10.47,52.03,0.8200000000000003,0.9800000000000001,10.47,1,16
2026-08-26 23:42:07.659785,1,18.9894,73.1175,11.84,52.13,1.3699999999999992,1.0200000000000002,11.84,1,16
2026-08-26 23:57:07.659785,1,18.95783,73.15625,13.19,53.36,1.3499999999999996,1.1799999999999997,13.19,1,16
2026-08-27 00:12:07.659785,1,18.92627,73.195,14.55,44.07,1.3600000000000012,1.36,14.55,1,16
2026-08-27 00:27:07.659785,1,18.8947,73.23375,15.56,41.73,1.0099999999999998,1.2400000000000002,15.56,1,16
2026-08-27 00:42:07.659785,1,18.86313,73.2725,16.46,47.74,0.9000000000000004,1.0900000000000005,16.46,1,16
2026-08-27 00:57:07.659785,1,18.83157,73.31125,17.33,52.23,0.8699999999999974,0.9266666666666659,17.33,1,16
2026-08-27 01:12:07.659785,2,18.8,73.35,18.66,49.47,1.3300000000000018,1.0333333333333332,18.66,1,16
2026-08-27 01:27:07.659785,2,18.775,73.4,19.44,50.99,0.7800000000000011,0.9933333333333335,19.44,1,16
2026-08-27 01:42:07.659785,2,18.75,73.45,20.55,58.93,1.1099999999999994,1.0733333333333341,20.55,1,16
2026-08-27 01:57:07.659785,2,18.725,73.5,21.29,45.36,0.7399999999999984,0.8766666666666664,21.29,1,16
2026-08-27 02:12:07.659785,2,18.7,73.55,22.23,42.66,0.9400000000000013,0.9299999999999997,22.23,1,16
2026-08-27 02:27:07.659785,2,18.675,73.6,23.39,43.63,1.1600000000000001,0.9466666666666667,23.39,1,16
2026-08-27 02:42:07.659785,3,18.65,73.65,24.54,40.24,1.1499999999999986,1.0833333333333333,24.54,1,16
2026-08-27 02:57:07.659785,3,18.63013,73.68297,25.6,45.05,1.0600000000000023,1.1233333333333337,25.6,1,16
2026-08-27 03:12:07.659785,3,18.61027,73.71593,26.52,42.38,0.9199999999999982,1.043333333333333,26.52,1,16
2026-08-27 03:27:07.659785,3,18.5904,73.7489,27.77,54.41,1.25,1.0766666666666669,27.77,1,16
2026-08-27 03:42:07.659785,3,18.57053,73.78187,28.86,49.1,1.0899999999999999,1.086666666666666,28.86,1,16
2026-08-27 03:57:07.659785,3,18.55067,73.81483,30.19,55.19,1.3300000000000018,1.2233333333333338,30.19,1,16
2026-08-26 22:12:07.661820,0,19.076,72.8777,5.17,45.04,0.0,0.0,5.17,0,17
2026-08-26 22:27:07.661820,0,19.06157,72.91767,5.1,40.03,-0.07000000000000028,0.0,5.1,0,17
2026-08-26 22:42:07.661820,0,19.04713,72.95763,5.11,40.44,0.010000000000000675,0.0,5.11,0,17
2026-08-26 22:57:07.661820,0,19.0327,72.9976,5.3,49.03,0.1899999999999995,0.0433333333333333,5.3,0,17
2026-08-26 23:12:07.661820,0,19.01827,73.03757,5.29,56.67,-0.009999999999999787,0.06333333333333346,5.29,0,17
2026-08-26 23:27:07.661820,0,19.00383,73.07753,5.22,47.73,-0.07000000000000028,0.03666666666666648,5.22,0,17
2026-08-26 23:42:07.661820,1,18.9894,73.1175,5.3,55.43,0.08000000000000007,0.0,5.3,0,17
2026-08-26 23:57:07.661820,1,18.95783,73.15625,5.44,51.46,0.14000000000000057,0.05000000000000012,5.44,0,17
2026-08-27 00:12:07.661820,1,18.92627,73.195,5.44,48.47,0.0,0.07333333333333354,5.44,0,17
2026-08-27 00:27:07.661820,1,18.8947,73.23375,5.49,55.25,0.04999999999999982,0.06333333333333346,5.49,0,17
2026-08-27 00:42:07.661820,1,18.86313,73.2725,5.41,58.72,-0.08000000000000007,-0.010000000000000083,5.41,0,17
2026-08-27 00:57:07.661820,1,18.83157,73.31125,5.53,44.05,0.1200000000000001,0.029999999999999954,5.53,0,17
2026-08-27 01:12:07.661820,2,18.8,73.35,5.65,52.2,0.1200000000000001,0.05333333333333338,5.65,0,17
2026-08-27 01:27:07.661820,2,18.775,73.4,5.73,42.34,0.08000000000000007,0.10666666666666676,5.73,0,17
2026-08-27 01:42:07.661820,2,18.75,73.45,5.74,57.07,0.009999999999999787,0.06999999999999999,5.74,0,17
2026-08-27 01:57:07.661820,2,18.725,73.5,5.6,56.26,-0.14000000000000057,-0.016666666666666902,5.6,0,17
2026-08-27 02:12:07.661820,2,18.7,73.55,5.65,55.07,0.05000000000000071,-0.02666666666666669,5.65,0,17
2026-08-27 02:27:07.661820,2,18.675,73.6,5.59,50.01,-0.0600000000000005,-0.05000000000000012,5.59,0,17
2026-08-27 02:42:07.661820,3,18.65,73.65,5.44,52.17,-0.14999999999999947,-0.05333333333333309,5.44,0,17
2026-08-27 02:57:07.661820,3,18.63013,73.68297,5.49,57.99,0.04999999999999982,-0.05333333333333338,5.49,0,17
2026-08-27 03:12:07.661820,3,18.61027,73.71593,5.46,55.71,-0.03000000000000025,-0.0433333333333333,5.46,0,17
2026-08-27 03:27:07.661820,3,18.5904,73.7489,5.39,46.38,-0.07000000000000028,-0.016666666666666902,5.39,0,17
2026-08-27 03:42:07.661820,3,18.57053,73.78187,5.5,59.47,0.11000000000000032,0.0033333333333332624,5.5,0,17
2026-08-27 03:57:07.661820,3,18.55067,73.81483,5.42,41.42,-0.08000000000000007,-0.013333333333333345,5.42,0,17
2026-08-26 22:12:07.663827,0,19.076,72.8777,4.88,43.81,0.0,0.0,4.88,0,18
2026-08-26 22:27:07.663827,0,19.06157,72.91767,5.02,58.83,0.13999999999999968,0.0,5.02,0,18
2026-08-26 22:42:07.663827,0,19.04713,72.95763,4.89,46.91,-0.1299999999999999,0.0,4.89,0,18
2026-08-26 22:57:07.663827,0,19.0327,72.9976,4.97,43.22,0.08000000000000007,0.029999999999999954,4.97,0,18
2026-08-26 23:12:07.663827,0,19.01827,73.03757,5.08,47.16,0.11000000000000032,0.020000000000000167,5.08,0,18
2026-08-26 23:27:07.663827,0,19.00383,73.07753,4.93,46.86,-0.15000000000000036,0.013333333333333345,4.93,0,18
2026-08-26 23:42:07.663827,1,18.9894,73.1175,5.0,42.94,0.07000000000000028,0.010000000000000083,5.0,0,18
2026-08-26 23:57:07.663827,1,18.95783,73.15625,4.93,47.2,-0.07000000000000028,-0.05000000000000012,4.93,0,18
2026-08-27 00:12:07.663827,1,18.92627,73.195,5.0,55.16,0.07000000000000028,0.023333333333333428,5.0,0,18
2026-08-27 00:27:07.663827,1,18.8947,73.23375,5.11,42.42,0.11000000000000032,0.03666666666666677,5.11,0,18
2026-08-27 00:42:07.663827,1,18.86313,73.2725,5.14,49.49,0.02999999999999936,0.06999999999999999,5.14,0,18
2026-08-27 00:57:07.663827,1,18.83157,73.31125,5.13,41.79,-0.009999999999999787,0.0433333333333333,5.13,0,18
2026-08-27 01:12:07.663827,2,18.8,73.35,5.25,58.4,0.1200000000000001,0.04666666666666656,5.25,0,18
2026-08-27 01:27:07.663827,2,18.775,73.4,5.29,58.21,0.040000000000000036,0.05000000000000012,5.29,0,18
2026-08-27 01:42:07.663827,2,18.75,73.45,5.21,44.47,-0.08000000000000007,0.02666666666666669,5.21,0,18
2026-08-27 01:57:07.663827,2,18.725,73.5,5.26,49.02,0.04999999999999982,0.0033333333333332624,5.26,0,18
2026-08-27 02:12:07.663827,2,18.7,73.55,5.26,45.75,0.0,-0.010000000000000083,5.26,0,18
2026-08-27 02:27:07.663827,2,18.675,73.6,5.42,48.56,0.16000000000000014,0.06999999999999999,5.42,0,18
2026-08-27 02:42:07.663827,3,18.65,73.65,5.37,49.34,-0.04999999999999982,0.03666666666666677,5.37,0,18
2026-08-27 02:57:07.663827,3,18.63013,73.68297,5.39,40.42,0.019999999999999574,0.0433333333333333,5.39,0,18
2026-08-27 03:12:07.663827,3,18.61027,73.71593,5.27,51.24,-0.1200000000000001,-0.05000000000000012,5.27,0,18
2026-08-27 03:27:07.663827,3,18.5904,73.7489,5.27,57.9,0.0,-0.03333333333333351,5.27,0,18
2026-08-27 03:42:07.663827,3,18.57053,73.78187,5.12,57.6,-0.14999999999999947,-0.08999999999999986,5.12,0,18
2026-08-27 03:57:07.663827,3,18.55067,73.81483,5.22,43.82,0.09999999999999964,-0.016666666666666607,5.22,0,18
2026-08-26 22:12:07.665811,0,19.076,72.8777,5.04,40.7,0.0,0.0,5.04,0,19
2026-08-26 22:27:07.665811,0,19.06157,72.91767,5.14,57.25,0.09999999999999964,0.0,5.14,0,19
2026-08-26 22:42:07.665811,0,19.04713,72.95763,5.07,52.84,-0.0699999999999994,0.0,5.07,0,19
2026-08-26 22:57:07.665811,0,19.0327,72.9976,4.99,54.87,-0.08000000000000007,-0.016666666666666607,4.99,0,19
2026-08-26 23:12:07.665811,0,19.01827,73.03757,4.97,56.51,-0.020000000000000462,-0.05666666666666664,4.97,0,19
2026-08-26 23:27:07.665811,0,19.00383,73.07753,4.8,40.01,-0.16999999999999993,-0.09000000000000015,4.8,0,19
2026-08-26 23:42:07.665811,1,18.9894,73.1175,4.6,49.22,-0.20000000000000018,-0.1300000000000002,4.6,0,19
2026-08-26 23:57:07.665811,1,18.95783,73.15625,4.48,45.26,-0.11999999999999922,-0.1633333333333331,4.48,0,19
2026-08-27 00:12:07.665811,1,18.92627,73.195,4.41,55.41,-0.07000000000000028,-0.1299999999999999,4.41,0,19
2026-08-27 00:27:07.665811,1,18.8947,73.23375,4.33,55.09,-0.08000000000000007,-0.08999999999999986,4.33,0,19
2026-08-27 00:42:07.665811,1,18.86313,73.2725,4.23,41.65,-0.09999999999999964,-0.08333333333333333,4.23,0,19
2026-08-27 00:57:07.665811,1,18.83157,73.31125,4.27,56.23,0.03999999999999915,-0.046666666666666856,4.27,0,19
2026-08-27 01:12:07.665811,2,18.8,73.35,4.44,44.58,0.17000000000000082,0.03666666666666677,4.44,0,19
2026-08-27 01:27:07.665811,2,18.775,73.4,4.5,46.87,0.05999999999999961,0.08999999999999986,4.5,0,19
2026-08-27 01:42:07.665811,2,18.75,73.45,4.37,50.56,-0.1299999999999999,0.03333333333333351,4.37,0,19
2026-08-27 01:57:07.665811,2,18.725,73.5,4.46,46.78,0.08999999999999986,0.006666666666666525,4.46,0,19
2026-08-27 02:12:07.665811,2,18.7,73.55,4.34,44.74,-0.1200000000000001,-0.05333333333333338,4.34,0,19
2026-08-27 02:27:07.665811,2,18.675,73.6,4.27,59.82,-0.07000000000000028,-0.03333333333333351,4.27,0,19
2026-08-27 02:42:07.665811,3,18.65,73.65,4.62,41.43,0.35000000000000053,0.05333333333333338,4.62,0,19
2026-08-27 02:57:07.665811,3,18.63013,73.68297,5.08,50.85,0.45999999999999996,0.24666666666666673,5.08,0,19
2026-08-27 03:12:07.665811,3,18.61027,73.71593,5.56,52.1,0.47999999999999954,0.43,5.56,0,19
2026-08-27 03:27:07.665811,3,18.5904,73.7489,5.92,53.59,0.3600000000000003,0.4333333333333333,5.92,0,19
2026-08-27 03:42:07.665811,3,18.57053,73.78187,6.35,40.47,0.4299999999999997,0.4233333333333332,6.35,0,19
2026-08-27 03:57:07.665811,3,18.55067,73.81483,6.9,51.26,0.5500000000000007,0.44666666666666693,6.9,0,19
2026-08-26 22:12:07.668002,0,19.076,72.8777,5.18,48.67,0.0,0.0,5.18,0,20
2026-08-26 22:27:07.668002,0,19.06157,72.91767,5.23,44.25,0.05000000000000071,0.0,5.23,0,20
2026-08-26 22:42:07.668002,0,19.04713,72.95763,5.4,41.8,0.16999999999999993,0.0,5.4,0,20
2026-08-26 22:57:07.668002,0,19.0327,72.9976,5.3,46.57,-0.10000000000000053,0.040000000000000036,5.3,0,20
2026-08-26 23:12:07.668002,0,19.01827,73.03757,5.33,53.6,0.03000000000000025,0.033333333333333215,5.33,0,20
2026-08-26 23:27:07.668002,0,19.00383,73.07753,5.32,54.29,-0.009999999999999787,-0.02666666666666669,5.32,0,20
2026-08-26 23:42:07.668002,1,18.9894,73.1175,5.36,41.49,0.040000000000000036,0.020000000000000167,5.36,0,20
2026-08-26 23:57:07.668002,1,18.95783,73.15625,5.23,40.24,-0.1299999999999999,-0.033333333333333215,5.23,0,20
2026-08-27 00:12:07.668002,1,18.92627,73.195,5.36,49.58,0.1299999999999999,0.013333333333333345,5.36,0,20
2026-08-27 00:27:07.668002,1,18.8947,73.23375,5.23,56.2,-0.1299999999999999,-0.0433333333333333,5.23,0,20
2026-08-27 00:42:07.668002,1,18.86313,73.2725,5.42,46.13,0.1899999999999995,0.06333333333333317,5.42,0,20
2026-08-27 00:57:07.668002,1,18.83157,73.31125,5.48,53.02,0.0600000000000005,0.040000000000000036,5.48,0,20
2026-08-27 01:12:07.668002,2,18.8,73.35,5.6,56.89,0.11999999999999922,0.12333333333333307,5.6,0,20
2026-08-27 01:27:07.668002,2,18.775,73.4,5.5,40.22,-0.09999999999999964,0.02666666666666669,5.5,0,20
2026-08-27 01:42:07.668002,2,18.75,73.45,5.67,49.2,0.16999999999999993,0.06333333333333317,5.67,0,20
2026-08-27 01:57:07.668002,2,18.725,73.5,5.77,40.02,0.09999999999999964,0.05666666666666664,5.77,0,20
2026-08-27 02:12:07.668002,2,18.7,73.55,5.79,56.13,0.020000000000000462,0.09666666666666668,5.79,0,20
2026-08-27 02:27:07.668002,2,18.675,73.6,5.98,52.01,0.1900000000000004,0.1033333333333335,5.98,0,20
2026-08-27 02:42:07.668002,3,18.65,73.65,7.07,46.27,1.0899999999999999,0.43333333333333357,7.07,1,20
2026-08-27 02:57:07.668002,3,18.63013,73.68297,7.85,48.42,0.7799999999999994,0.6866666666666665,7.85,1,20
2026-08-27 03:12:07.668002,3,18.61027,73.71593,8.69,44.42,0.8399999999999999,0.903333333333333,8.69,1,20
2026-08-27 03:27:07.668002,3,18.5904,73.7489,9.89,44.3,1.200000000000001,0.9400000000000001,9.89,1,20
2026-08-27 03:42:07.668002,3,18.57053,73.78187,10.69,44.86,0.7999999999999989,0.9466666666666667,10.69,1,20
2026-08-27 03:57:07.668002,3,18.55067,73.81483,11.41,55.64,0.7200000000000006,0.9066666666666668,11.41,1,20
2026-08-26 22:12:07.670075,0,19.076,72.8777,4.95,42.39,0.0,0.0,4.95,0,21
2026-08-26 22:27:07.670075,0,19.06157,72.91767,4.85,59.26,-0.10000000000000053,0.0,4.85,0,21
2026-08-26 22:42:07.670075,0,19.04713,72.95763,4.71,41.8,-0.13999999999999968,0.0,4.71,0,21
2026-08-26 22:57:07.670075,0,19.0327,72.9976,4.75,59.44,0.040000000000000036,-0.06666666666666672,4.75,0,21
2026-08-26 23:12:07.670075,0,19.01827,73.03757,4.75,47.68,0.0,-0.033333333333333215,4.75,0,21
2026-08-26 23:27:07.670075,0,19.00383,73.07753,4.73,43.82,-0.019999999999999574,0.006666666666666821,4.73,0,21
2026-08-26 23:42:07.670075,1,18.9894,73.1175,4.71,47.38,-0.020000000000000462,-0.013333333333333345,4.71,0,21
2026-08-26 23:57:07.670075,1,18.95783,73.15625,4.88,44.05,0.16999999999999993,0.0433333333333333,4.88,0,21
2026-08-27 00:12:07.670075,1,18.92627,73.195,5.04,52.32,0.16000000000000014,0.10333333333333321,5.04,0,21
2026-08-27 00:27:07.670075,1,18.8947,73.23375,5.08,54.38,0.040000000000000036,0.12333333333333336,5.08,0,21
2026-08-27 00:42:07.670075,1,18.86313,73.2725,5.12,41.05,0.040000000000000036,0.08000000000000007,5.12,0,21
2026-08-27 00:57:07.670075,1,18.83157,73.31125,5.1,51.24,-0.020000000000000462,0.01999999999999987,5.1,0,21
2026-08-27 01:12:07.670075,2,18.8,73.35,5.11,52.98,0.010000000000000675,0.010000000000000083,5.11,0,21
2026-08-27 01:27:07.670075,2,18.775,73.4,5.06,52.58,-0.05000000000000071,-0.020000000000000167,5.06,0,21
2026-08-27 01:42:07.670075,2,18.75,73.45,4.91,40.14,-0.14999999999999947,-0.06333333333333317,4.91,0,21
2026-08-27 01:57:07.670075,2,18.725,73.5,5.0,45.24,0.08999999999999986,-0.03666666666666677,5.0,0,21
2026-08-27 02:12:07.670075,2,18.7,73.55,4.85,43.35,-0.15000000000000036,-0.06999999999999999,4.85,0,21
2026-08-27 02:27:07.670075,2,18.675,73.6,4.93,52.66,0.08000000000000007,0.006666666666666525,4.93,0,21
2026-08-27 02:42:07.670075,3,18.65,73.65,5.52,49.43,0.5899999999999999,0.1733333333333332,5.52,0,21
2026-08-27 02:57:07.670075,3,18.63013,73.68297,6.33,46.74,0.8100000000000005,0.49333333333333346,6.33,0,21
2026-08-27 03:12:07.670075,3,18.61027,73.71593,7.02,49.32,0.6899999999999995,0.6966666666666667,7.02,1,21
2026-08-27 03:27:07.670075,3,18.5904,73.7489,7.86,46.08,0.8400000000000007,0.7800000000000002,7.86,1,21
2026-08-27 03:42:07.670075,3,18.57053,73.78187,8.88,52.08,1.0200000000000005,0.8500000000000002,8.88,1,21
2026-08-27 03:57:07.670075,3,18.55067,73.81483,9.77,49.06,0.8899999999999988,0.9166666666666666,9.77,1,21
2026-08-26 22:12:07.672171,0,19.076,72.8777,4.93,54.76,0.0,0.0,4.93,0,22
2026-08-26 22:27:07.672171,0,19.06157,72.91767,4.77,55.41,-0.16000000000000014,0.0,4.77,0,22
2026-08-26 22:42:07.672171,0,19.04713,72.95763,4.71,49.51,-0.05999999999999961,0.0,4.71,0,22
2026-08-26 22:57:07.672171,0,19.0327,72.9976,4.67,45.49,-0.040000000000000036,-0.0866666666666666,4.67,0,22
2026-08-26 23:12:07.672171,0,19.01827,73.03757,4.85,44.93,0.17999999999999972,0.02666666666666669,4.85,0,22
2026-08-26 23:27:07.672171,0,19.00383,73.07753,4.86,47.7,0.010000000000000675,0.05000000000000012,4.86,0,22
2026-08-26 23:42:07.672171,1,18.9894,73.1175,4.81,58.72,-0.05000000000000071,0.04666666666666656,4.81,0,22
2026-08-26 23:57:07.672171,1,18.95783,73.15625,4.74,50.17,-0.0699999999999994,-0.03666666666666648,4.74,0,22
2026-08-27 00:12:07.672171,1,18.92627,73.195,4.62,49.05,-0.1200000000000001,-0.08000000000000007,4.62,0,22
2026-08-27 00:27:07.672171,1,18.8947,73.23375,4.66,50.51,0.040000000000000036,-0.04999999999999982,4.66,0,22
2026-08-27 00:42:07.672171,1,18.86313,73.2725,4.76,59.16,0.09999999999999964,0.006666666666666525,4.76,0,22
2026-08-27 00:57:07.672171,1,18.83157,73.31125,4.94,52.43,0.1800000000000006,0.10666666666666676,4.94,0,22
2026-08-27 01:12:07.672171,2,18.8,73.35,4.99,40.26,0.04999999999999982,0.11000000000000003,4.99,0,22
2026-08-27 01:27:07.672171,2,18.775,73.4,4.89,48.99,-0.10000000000000053,0.0433333333333333,4.89,0,22
2026-08-27 01:42:07.672171,2,18.75,73.45,5.03,59.0,0.14000000000000057,0.029999999999999954,5.03,0,22
2026-08-27 01:57:07.672171,2,18.725,73.5,5.03,50.75,0.0,0.013333333333333345,5.03,0,22
2026-08-27 02:12:07.672171,2,18.7,73.55,5.17,55.62,0.13999999999999968,0.09333333333333342,5.17,0,22
2026-08-27 02:27:07.672171,2,18.675,73.6,5.25,48.33,0.08000000000000007,0.07333333333333325,5.25,0,22
2026-08-27 02:42:07.672171,3,18.65,73.65,5.4,45.97,0.15000000000000036,0.12333333333333336,5.4,0,22
2026-08-27 02:57:07.672171,3,18.63013,73.68297,5.59,45.6,0.1899999999999995,0.13999999999999999,5.59,0,22
2026-08-27 03:12:07.672171,3,18.61027,73.71593,5.43,52.44,-0.16000000000000014,0.05999999999999991,5.43,0,22
2026-08-27 03:27:07.672171,3,18.5904,73.7489,5.28,49.82,-0.14999999999999947,-0.040000000000000036,5.28,0,22
2026-08-27 03:42:07.672171,3,18.57053,73.78187,5.38,56.96,0.09999999999999964,-0.06999999999999999,5.38,0,22
2026-08-27 03:57:07.672171,3,18.55067,73.81483,5.55,58.62,0.16999999999999993,0.040000000000000036,5.55,0,22
2026-08-26 22:12:07.674169,0,19.076,72.8777,4.83,40.99,0.0,0.0,4.83,0,23
2026-08-26 22:27:07.674169,0,19.06157,72.91767,4.69,40.04,-0.13999999999999968,0.0,4.69,0,23
2026-08-26 22:42:07.674169,0,19.04713,72.95763,4.54,57.73,-0.15000000000000036,0.0,4.54,0,23
2026-08-26 22:57:07.674169,0,19.0327,72.9976,4.51,45.48,-0.03000000000000025,-0.10666666666666676,4.51,0,23
2026-08-26 23:12:07.674169,0,19.01827,73.03757,4.7,46.3,0.1900000000000004,0.0033333333333332624,4.7,0,23
2026-08-26 23:27:07.674169,0,19.00383,73.07753,4.59,44.03,-0.11000000000000032,0.016666666666666607,4.59,0,23
2026-08-26 23:42:07.674169,1,18.9894,73.1175,5.26,50.83,0.6699999999999999,0.25,5.26,0,23
2026-08-26 23:57:07.674169,1,18.95783,73.15625,5.78,56.61,0.5200000000000005,0.36000000000000004,5.78,0,23
2026-08-27 00:12:07.674169,1,18.92627,73.195,6.38,53.19,0.5999999999999996,0.5966666666666667,6.38,0,23
2026-08-27 00:27:07.674169,1,18.8947,73.23375,6.8,54.84,0.41999999999999993,0.5133333333333333,6.8,0,23
2026-08-27 00:42:07.674169,1,18.86313,73.2725,7.23,46.01,0.4300000000000006,0.4833333333333334,7.23,1,23
2026-08-27 00:57:07.674169,1,18.83157,73.31125,7.73,43.07,0.5,0.4500000000000002,7.73,1,23
2026-08-27 01:12:07.674169,2,18.8,73.35,8.41,54.42,0.6799999999999997,0.5366666666666667,8.41,1,23
2026-08-27 01:27:07.674169,2,18.775,73.4,9.1,49.8,0.6899999999999995,0.6233333333333331,9.1,1,23
2026-08-27 01:42:07.674169,2,18.75,73.45,9.67,58.43,0.5700000000000003,0.6466666666666665,9.67,1,23
2026-08-27 01:57:07.674169,2,18.725,73.5,10.13,53.32,0.46000000000000085,0.5733333333333336,10.13,1,23
2026-08-27 02:12:07.674169,2,18.7,73.55,10.78,59.39,0.6499999999999986,0.5599999999999999,10.78,1,23
2026-08-27 02:27:07.674169,2,18.675,73.6,11.32,47.51,0.5400000000000009,0.5500000000000002,11.32,1,23
2026-08-27 02:42:07.674169,3,18.65,73.65,11.91,43.66,0.5899999999999999,0.5933333333333332,11.91,1,23
2026-08-27 02:57:07.674169,3,18.63013,73.68297,12.55,48.43,0.6400000000000006,0.5900000000000004,12.55,1,23
2026-08-27 03:12:07.674169,3,18.61027,73.71593,13.1,42.74,0.5499999999999989,0.5933333333333332,13.1,1,23
2026-08-27 03:27:07.674169,3,18.5904,73.7489,13.61,53.05,0.5099999999999998,0.5666666666666664,13.61,1,23
2026-08-27 03:42:07.674169,3,18.57053,73.78187,14.2,45.94,0.5899999999999999,0.5499999999999995,14.2,1,23
2026-08-27 03:57:07.674169,3,18.55067,73.81483,14.7,58.92,0.5,0.5333333333333332,14.7,1,23
2026-08-26 22:12:07.676104,0,19.076,72.8777,4.84,53.12,0.0,0.0,4.84,0,24
2026-08-26 22:27:07.676104,0,19.06157,72.91767,4.67,57.47,-0.16999999999999993,0.0,4.67,0,24
2026-08-26 22:42:07.676104,0,19.04713,72.95763,4.68,40.16,0.009999999999999787,0.0,4.68,0,24
2026-08-26 22:57:07.676104,0,19.0327,72.9976,4.76,42.48,0.08000000000000007,-0.02666666666666669,4.76,0,24
2026-08-26 23:12:07.676104,0,19.01827,73.03757,4.73,54.69,-0.02999999999999936,0.020000000000000167,4.73,0,24
2026-08-26 23:27:07.676104,0,19.00383,73.07753,4.74,58.77,0.009999999999999787,0.020000000000000167,4.74,0,24
2026-08-26 23:42:07.676104,1,18.9894,73.1175,5.79,45.33,1.0499999999999998,0.34333333333333343,5.79,0,24
2026-08-26 23:57:07.676104,1,18.95783,73.15625,6.5,53.42,0.71,0.5899999999999999,6.5,0,24
2026-08-27 00:12:07.676104,1,18.92627,73.195,7.14,49.78,0.6399999999999997,0.7999999999999998,7.14,1,24
2026-08-27 00:27:07.676104,1,18.8947,73.23375,7.85,41.81,0.71,0.6866666666666665,7.85,1,24
2026-08-27 00:42:07.676104,1,18.86313,73.2725,8.71,49.14,0.8600000000000012,0.7366666666666669,8.71,1,24
2026-08-27 00:57:07.676104,1,18.83157,73.31125,9.31,45.54,0.5999999999999996,0.7233333333333336,9.31,1,24
2026-08-27 01:12:07.676104,2,18.8,73.35,10.05,50.87,0.7400000000000002,0.7333333333333337,10.05,1,24
2026-08-27 01:27:07.676104,2,18.775,73.4,10.62,50.23,0.5699999999999985,0.6366666666666662,10.62,1,24
2026-08-27 01:42:07.676104,2,18.75,73.45,11.3,52.89,0.6800000000000015,0.6633333333333334,11.3,1,24
2026-08-27 01:57:07.676104,2,18.725,73.5,11.88,56.97,0.5800000000000001,0.61,11.88,1,24
2026-08-27 02:12:07.676104,2,18.7,73.55,12.74,48.27,0.8599999999999994,0.706666666666667,12.74,1,24
2026-08-27 02:27:07.676104,2,18.675,73.6,13.35,55.91,0.6099999999999994,0.683333333333333,13.35,1,24
2026-08-27 02:42:07.676104,3,18.65,73.65,14.0,49.39,0.6500000000000004,0.7066666666666664,14.0,1,24
2026-08-27 02:57:07.676104,3,18.63013,73.68297,14.99,49.34,0.9900000000000002,0.75,14.99,1,24
2026-08-27 03:12:07.676104,3,18.61027,73.71593,16.03,41.22,1.040000000000001,0.8933333333333339,16.03,1,24
2026-08-27 03:27:07.676104,3,18.5904,73.7489,16.97,48.25,0.9399999999999977,0.9899999999999997,16.97,1,24
2026-08-27 03:42:07.676104,3,18.57053,73.78187,17.54,46.01,0.5700000000000003,0.8499999999999996,17.54,1,24
2026-08-27 03:57:07.676104,3,18.55067,73.81483,18.33,42.28,0.7899999999999991,0.7666666666666657,18.33,1,24
2026-08-26 22:12:07.678068,0,19.076,72.8777,5.12,47.96,0.0,0.0,5.12,0,25
2026-08-26 22:27:07.678068,0,19.06157,72.91767,5.15,41.77,0.03000000000000025,0.0,5.15,0,25
2026-08-26 22:42:07.678068,0,19.04713,72.95763,5.05,58.46,-0.10000000000000053,0.0,5.05,0,25
2026-08-26 22:57:07.678068,0,19.0327,72.9976,5.16,58.16,0.11000000000000032,0.013333333333333345,5.16,0,25
2026-08-26 23:12:07.678068,0,19.01827,73.03757,5.06,41.63,-0.10000000000000053,-0.03000000000000025,5.06,0,25
2026-08-26 23:27:07.678068,0,19.00383,73.07753,4.98,45.61,-0.07999999999999918,-0.023333333333333133,4.98,0,25
2026-08-26 23:42:07.678068,1,18.9894,73.1175,5.79,59.76,0.8099999999999996,0.20999999999999996,5.79,0,25
2026-08-26 23:57:07.678068,1,18.95783,73.15625,6.48,48.76,0.6900000000000004,0.4733333333333336,6.48,1,25
2026-08-27 00:12:07.678068,1,18.92627,73.195,7.35,50.0,0.8699999999999992,0.7899999999999997,7.35,1,25
2026-08-27 00:27:07.678068,1,18.8947,73.23375,8.01,45.61,0.6600000000000001,0.7399999999999999,8.01,1,25
2026-08-27 00:42:07.678068,1,18.86313,73.2725,8.8,57.68,0.7900000000000009,0.7733333333333334,8.8,1,25
2026-08-27 00:57:07.678068,1,18.83157,73.31125,9.39,49.43,0.5899999999999999,0.6800000000000003,9.39,1,25
2026-08-27 01:12:07.678068,2,18.8,73.35,10.13,53.77,0.7400000000000002,0.706666666666667,10.13,1,25
2026-08-27 01:27:07.678068,2,18.775,73.4,11.1,42.57,0.9699999999999989,0.7666666666666663,11.1,1,25
2026-08-27 01:42:07.678068,2,18.75,73.45,12.12,45.89,1.0199999999999996,0.9099999999999996,12.12,1,25
2026-08-27 01:57:07.678068,2,18.725,73.5,12.81,44.73,0.6900000000000013,0.8933333333333332,12.81,1,25
2026-08-27 02:12:07.678068,2,18.7,73.55,13.74,56.08,0.9299999999999997,0.8800000000000002,13.74,1,25
2026-08-27 02:27:07.678068,2,18.675,73.6,14.82,53.17,1.08,0.9000000000000004,14.82,1,25
2026-08-27 02:42:07.678068,3,18.65,73.65,15.55,48.31,0.7300000000000004,0.9133333333333334,15.55,1,25
2026-08-27 02:57:07.678068,3,18.63013,73.68297,16.59,42.92,1.0399999999999991,0.9499999999999998,16.59,1,25
2026-08-27 03:12:07.678068,3,18.61027,73.71593,17.65,40.38,1.0599999999999987,0.9433333333333328,17.65,1,25
2026-08-27 03:27:07.678068,3,18.5904,73.7489,18.38,50.07,0.7300000000000004,0.9433333333333328,18.38,1,25
2026-08-27 03:42:07.678068,3,18.57053,73.78187,19.15,52.81,0.7699999999999996,0.8533333333333329,19.15,1,25
2026-08-27 03:57:07.678068,3,18.55067,73.81483,20.29,44.74,1.1400000000000006,0.8800000000000002,20.29,1,25
2026-08-26 22:12:07.680000,0,19.076,72.8777,5.08,58.58,0.0,0.0,5.08,0,26
2026-08-26 22:27:07.680000,0,19.06157,72.91767,5.0,52.19,-0.08000000000000007,0.0,5.0,0,26
2026-08-26 22:42:07.680000,0,19.04713,72.95763,5.16,58.21,0.16000000000000014,0.0,5.16,0,26
2026-08-26 22:57:07.680000,0,19.0327,72.9976,5.0,54.52,-0.16000000000000014,-0.02666666666666669,5.0,0,26
2026-08-26 23:12:07.680000,0,19.01827,73.03757,4.85,54.2,-0.15000000000000036,-0.05000000000000012,4.85,0,26
2026-08-26 23:27:07.680000,0,19.00383,73.07753,5.03,48.6,0.1800000000000006,-0.0433333333333333,5.03,0,26
2026-08-26 23:42:07.680000,1,18.9894,73.1175,6.31,44.08,1.2799999999999994,0.43666666666666654,6.31,1,26
2026-08-26 23:57:07.680000,1,18.95783,73.15625,7.53,45.4,1.2200000000000006,0.8933333333333335,7.53,1,26
2026-08-27 00:12:07.680000,1,18.92627,73.195,8.34,54.29,0.8099999999999996,1.1033333333333333,8.34,1,26
2026-08-27 00:27:07.680000,1,18.8947,73.23375,9.64,43.2,1.3000000000000007,1.1100000000000003,9.64,1,26
2026-08-27 00:42:07.680000,1,18.86313,73.2725,10.5,48.97,0.8599999999999994,0.9899999999999999,10.5,1,26
2026-08-27 00:57:07.680000,1,18.83157,73.31125,11.31,51.07,0.8100000000000005,0.9900000000000002,11.31,1,26
2026-08-27 01:12:07.680000,2,18.8,73.35,12.5,55.21,1.1899999999999995,0.9533333333333331,12.5,1,26
2026-08-27 01:27:07.680000,2,18.775,73.4,13.82,51.84,1.3200000000000003,1.1066666666666667,13.82,1,26
2026-08-27 01:42:07.680000,2,18.75,73.45,14.85,47.69,1.0299999999999994,1.1799999999999997,14.85,1,26
2026-08-27 01:57:07.680000,2,18.725,73.5,16.15,49.22,1.299999999999999,1.2166666666666661,16.15,1,26
2026-08-27 02:12:07.680000,2,18.7,73.55,17.61,50.47,1.4600000000000009,1.263333333333333,17.61,1,26
2026-08-27 02:27:07.680000,2,18.675,73.6,18.84,47.65,1.2300000000000004,1.33,18.84,1,26
2026-08-27 02:42:07.680000,3,18.65,73.65,19.78,40.51,0.9400000000000013,1.2100000000000009,19.78,1,26
2026-08-27 02:57:07.680000,3,18.63013,73.68297,20.9,43.99,1.1199999999999974,1.0966666666666665,20.9,1,26
2026-08-27 03:12:07.680000,3,18.61027,73.71593,21.81,43.83,0.9100000000000001,0.9899999999999997,21.81,1,26
2026-08-27 03:27:07.680000,3,18.5904,73.7489,22.83,53.75,1.0199999999999996,1.0166666666666657,22.83,1,26
2026-08-27 03:42:07.680000,3,18.57053,73.78187,24.23,53.99,1.4000000000000021,1.1100000000000005,24.23,1,26
2026-08-27 03:57:07.680000,3,18.55067,73.81483,25.35,57.18,1.120000000000001,1.1800000000000008,25.35,1,26
2026-08-26 22:12:07.681952,0,19.076,72.8777,4.96,46.9,0.0,0.0,4.96,0,27
2026-08-26 22:27:07.681952,0,19.06157,72.91767,4.8,40.02,-0.16000000000000014,0.0,4.8,0,27
2026-08-26 22:42:07.681952,0,19.04713,72.95763,4.68,53.23,-0.1200000000000001,0.0,4.68,0,27
2026-08-26 22:57:07.681952,0,19.0327,72.9976,4.66,47.58,-0.019999999999999574,-0.09999999999999994,4.66,0,27
2026-08-26 23:12:07.681952,0,19.01827,73.03757,4.47,44.38,-0.1900000000000004,-0.11000000000000003,4.47,0,27
2026-08-26 23:27:07.681952,0,19.00383,73.07753,4.55,43.72,0.08000000000000007,-0.0433333333333333,4.55,0,27
2026-08-26 23:42:07.681952,1,18.9894,73.1175,4.72,57.56,0.16999999999999993,0.01999999999999987,4.72,0,27
2026-08-26 23:57:07.681952,1,18.95783,73.15625,4.84,53.64,0.1200000000000001,0.12333333333333336,4.84,0,27
2026-08-27 00:12:07.681952,1,18.92627,73.195,4.8,51.51,-0.040000000000000036,0.08333333333333333,4.8,0,27
2026-08-27 00:27:07.681952,1,18.8947,73.23375,4.66,42.03,-0.13999999999999968,-0.01999999999999987,4.66,0,27
2026-08-27 00:42:07.681952,1,18.86313,73.2725,4.49,45.51,-0.16999999999999993,-0.11666666666666654,4.49,0,27
2026-08-27 00:57:07.681952,1,18.83157,73.31125,4.31,47.9,-0.1800000000000006,-0.1633333333333334,4.31,0,27
2026-08-27 01:12:07.681952,2,18.8,73.35,4.69,47.08,0.3800000000000008,0.010000000000000083,4.69,0,27
2026-08-27 01:27:07.681952,2,18.775,73.4,5.29,57.38,0.5999999999999996,0.2666666666666666,5.29,0,27
2026-08-27 01:42:07.681952,2,18.75,73.45,5.71,45.14,0.41999999999999993,0.4666666666666668,5.71,0,27
2026-08-27 01:57:07.681952,2,18.725,73.5,6.24,54.23,0.5300000000000002,0.5166666666666666,6.24,0,27
2026-08-27 02:12:07.681952,2,18.7,73.55,6.59,50.5,0.34999999999999964,0.4333333333333333,6.59,0,27
2026-08-27 02:27:07.681952,2,18.675,73.6,6.93,48.51,0.33999999999999986,0.40666666666666657,6.93,0,27
2026-08-27 02:42:07.681952,3,18.65,73.65,7.5,45.07,0.5700000000000003,0.41999999999999993,7.5,1,27
2026-08-27 02:57:07.681952,3,18.63013,73.68297,7.85,54.25,0.34999999999999964,0.41999999999999993,7.85,1,27
2026-08-27 03:12:07.681952,3,18.61027,73.71593,8.31,41.76,0.46000000000000085,0.46000000000000024,8.31,1,27
2026-08-27 03:27:07.681952,3,18.5904,73.7489,8.83,46.42,0.5199999999999996,0.44333333333333336,8.83,1,27
2026-08-27 03:42:07.681952,3,18.57053,73.78187,9.28,52.94,0.4499999999999993,0.47666666666666657,9.28,1,27
2026-08-27 03:57:07.681952,3,18.55067,73.81483,9.69,59.87,0.41000000000000014,0.4599999999999997,9.69,1,27
2026-08-26 22:12:07.684440,0,19.076,72.8777,4.9,56.31,0.0,0.0,4.9,0,28
2026-08-26 22:27:07.684440,0,19.06157,72.91767,4.93,43.21,0.02999999999999936,0.0,4.93,0,28
2026-08-26 22:42:07.684440,0,19.04713,72.95763,4.85,57.73,-0.08000000000000007,0.0,4.85,0,28
2026-08-26 22:57:07.684440,0,19.0327,72.9976,4.97,50.81,0.1200000000000001,0.023333333333333133,4.97,0,28
2026-08-26 23:12:07.684440,0,19.01827,73.03757,4.79,53.64,-0.17999999999999972,-0.04666666666666656,4.79,0,28
2026-08-26 23:27:07.684440,0,19.00383,73.07753,4.69,44.32,-0.09999999999999964,-0.05333333333333309,4.69,0,28
2026-08-26 23:42:07.684440,1,18.9894,73.1175,4.87,50.19,0.17999999999999972,-0.033333333333333215,4.87,0,28
2026-08-26 23:57:07.684440,1,18.95783,73.15625,4.97,50.65,0.09999999999999964,0.05999999999999991,4.97,0,28
2026-08-27 00:12:07.684440,1,18.92627,73.195,4.92,52.35,-0.04999999999999982,0.07666666666666651,4.92,0,28
2026-08-27 00:27:07.684440,1,18.8947,73.23375,4.96,43.95,0.040000000000000036,0.029999999999999954,4.96,0,28
2026-08-27 00:42:07.684440,1,18.86313,73.2725,4.97,47.19,0.009999999999999787,0.0,4.97,0,28
2026-08-27 00:57:07.684440,1,18.83157,73.31125,5.14,54.86,0.16999999999999993,0.07333333333333325,5.14,0,28
2026-08-27 01:12:07.684440,2,18.8,73.35,6.03,48.62,0.8900000000000006,0.35666666666666674,6.03,0,28
2026-08-27 01:27:07.684440,2,18.775,73.4,6.9,54.91,0.8700000000000001,0.6433333333333335,6.9,1,28
2026-08-27 01:42:07.684440,2,18.75,73.45,7.76,58.34,0.8599999999999994,0.8733333333333334,7.76,1,28
2026-08-27 01:57:07.684440,2,18.725,73.5,8.63,57.49,0.870000000000001,0.8666666666666668,8.63,1,28
2026-08-27 02:12:07.684440,2,18.7,73.55,9.51,42.34,0.879999999999999,0.8699999999999998,9.51,1,28
2026-08-27 02:27:07.684440,2,18.675,73.6,10.18,43.6,0.6699999999999999,0.8066666666666666,10.18,1,28
2026-08-27 02:42:07.684440,3,18.65,73.65,11.08,56.99,0.9000000000000004,0.8166666666666664,11.08,1,28
2026-08-27 02:57:07.684440,3,18.63013,73.68297,11.68,57.9,0.5999999999999996,0.7233333333333333,11.68,1,28
2026-08-27 03:12:07.684440,3,18.61027,73.71593,12.39,44.55,0.7100000000000009,0.7366666666666669,12.39,1,28
2026-08-27 03:27:07.684440,3,18.5904,73.7489,13.42,50.51,1.0299999999999994,0.7799999999999999,13.42,1,28
2026-08-27 03:42:07.684440,3,18.57053,73.78187,14.23,41.86,0.8100000000000005,0.8500000000000002,14.23,1,28
2026-08-27 03:57:07.684440,3,18.55067,73.81483,14.81,52.34,0.5800000000000001,0.8066666666666666,14.81,1,28
2026-08-26 22:12:07.686537,0,19.076,72.8777,4.99,48.23,0.0,0.0,4.99,0,29
2026-08-26 22:27:07.686537,0,19.06157,72.91767,4.91,55.0,-0.08000000000000007,0.0,4.91,0,29
2026-08-26 22:42:07.686537,0,19.04713,72.95763,4.9,56.85,-0.009999999999999787,0.0,4.9,0,29
2026-08-26 22:57:07.686537,0,19.0327,72.9976,4.82,58.72,-0.08000000000000007,-0.05666666666666664,4.82,0,29
2026-08-26 23:12:07.686537,0,19.01827,73.03757,4.92,41.27,0.09999999999999964,0.0033333333333332624,4.92,0,29
2026-08-26 23:27:07.686537,0,19.00383,73.07753,4.84,47.77,-0.08000000000000007,-0.020000000000000167,4.84,0,29
2026-08-26 23:42:07.686537,1,18.9894,73.1175,4.66,51.71,-0.17999999999999972,-0.05333333333333338,4.66,0,29
2026-08-26 23:57:07.686537,1,18.95783,73.15625,4.77,43.13,0.10999999999999943,-0.05000000000000012,4.77,0,29
2026-08-27 00:12:07.686537,1,18.92627,73.195,4.65,47.13,-0.11999999999999922,-0.06333333333333317,4.65,0,29
2026-08-27 00:27:07.686537,1,18.8947,73.23375,4.6,45.88,-0.05000000000000071,-0.020000000000000167,4.6,0,29
2026-08-27 00:42:07.686537,1,18.86313,73.2725,4.67,49.58,0.07000000000000028,-0.033333333333333215,4.67,0,29
2026-08-27 00:57:07.686537,1,18.83157,73.31125,4.8,54.05,0.1299999999999999,0.04999999999999982,4.8,0,29
2026-08-27 01:12:07.686537,2,18.8,73.35,6.01,54.77,1.21,0.47000000000000003,6.01,1,29
2026-08-27 01:27:07.686537,2,18.775,73.4,7.17,46.63,1.1600000000000001,0.8333333333333334,7.17,1,29
2026-08-27 01:42:07.686537,2,18.75,73.45,8.02,55.62,0.8499999999999996,1.0733333333333333,8.02,1,29
2026-08-27 01:57:07.686537,2,18.725,73.5,8.93,56.62,0.9100000000000001,0.9733333333333333,8.93,1,29
2026-08-27 02:12:07.686537,2,18.7,73.55,10.14,56.46,1.2100000000000009,0.9900000000000002,10.14,1,29
2026-08-27 02:27:07.686537,2,18.675,73.6,11.09,54.66,0.9499999999999993,1.0233333333333334,11.09,1,29
2026-08-27 02:42:07.686537,3,18.65,73.65,11.81,44.51,0.7200000000000006,0.9600000000000003,11.81,1,29
2026-08-27 02:57:07.686537,3,18.63013,73.68297,12.43,40.7,0.6199999999999992,0.7633333333333331,12.43,1,29
2026-08-27 03:12:07.686537,3,18.61027,73.71593,13.41,54.42,0.9800000000000004,0.7733333333333334,13.41,1,29
2026-08-27 03:27:07.686537,3,18.5904,73.7489,14.58,48.69,1.17,0.9233333333333332,14.58,1,29
2026-08-27 03:42:07.686537,3,18.57053,73.78187,15.63,41.71,1.0500000000000007,1.066666666666667,15.63,1,29
2026-08-27 03:57:07.686537,3,18.55067,73.81483,16.85,48.02,1.2200000000000006,1.1466666666666672,16.85,1,29
2026-08-26 22:12:07.688591,0,19.076,72.8777,5.17,55.32,0.0,0.0,5.17,0,30
2026-08-26 22:27:07.688591,0,19.06157,72.91767,5.21,42.23,0.040000000000000036,0.0,5.21,0,30
2026-08-26 22:42:07.688591,0,19.04713,72.95763,5.33,46.01,0.1200000000000001,0.0,5.33,0,30
2026-08-26 22:57:07.688591,0,19.0327,72.9976,5.27,57.51,-0.0600000000000005,0.033333333333333215,5.27,0,30
2026-08-26 23:12:07.688591,0,19.01827,73.03757,5.1,47.72,-0.16999999999999993,-0.03666666666666677,5.1,0,30
2026-08-26 23:27:07.688591,0,19.00383,73.07753,5.01,54.43,-0.08999999999999986,-0.10666666666666676,5.01,0,30
2026-08-26 23:42:07.688591,1,18.9894,73.1175,5.08,58.44,0.07000000000000028,-0.06333333333333317,5.08,0,30
2026-08-26 23:57:07.688591,1,18.95783,73.15625,5.04,53.68,-0.040000000000000036,-0.01999999999999987,5.04,0,30
2026-08-27 00:12:07.688591,1,18.92627,73.195,5.19,58.61,0.15000000000000036,0.0600000000000002,5.19,0,30
2026-08-27 00:27:07.688591,1,18.8947,73.23375,5.2,51.36,0.009999999999999787,0.040000000000000036,5.2,0,30
2026-08-27 00:42:07.688591,1,18.86313,73.2725,5.15,55.79,-0.04999999999999982,0.03666666666666677,5.15,0,30
2026-08-27 00:57:07.688591,1,18.83157,73.31125,5.09,46.72,-0.0600000000000005,-0.03333333333333351,5.09,0,30
2026-08-27 01:12:07.688591,2,18.8,73.35,5.05,42.3,-0.040000000000000036,-0.05000000000000012,5.05,0,30
2026-08-27 01:27:07.688591,2,18.775,73.4,5.13,49.98,0.08000000000000007,-0.006666666666666821,5.13,0,30
2026-08-27 01:42:07.688591,2,18.75,73.45,5.27,46.54,0.13999999999999968,0.05999999999999991,5.27,0,30
2026-08-27 01:57:07.688591,2,18.725,73.5,5.35,50.54,0.08000000000000007,0.09999999999999994,5.35,0,30
2026-08-27 02:12:07.688591,2,18.7,73.55,5.44,43.99,0.09000000000000075,0.1033333333333335,5.44,0,30
2026-08-27 02:27:07.688591,2,18.675,73.6,5.64,47.76,0.1999999999999993,0.12333333333333336,5.64,0,30
2026-08-27 02:42:07.688591,3,18.65,73.65,5.65,47.04,0.010000000000000675,0.10000000000000024,5.65,0,30
2026-08-27 02:57:07.688591,3,18.63013,73.68297,5.49,40.71,-0.16000000000000014,0.016666666666666607,5.49,0,30
2026-08-27 03:12:07.688591,3,18.61027,73.71593,5.6,40.44,0.10999999999999943,-0.013333333333333345,5.6,0,30
2026-08-27 03:27:07.688591,3,18.5904,73.7489,5.64,40.37,0.040000000000000036,-0.003333333333333558,5.64,0,30
2026-08-27 03:42:07.688591,3,18.57053,73.78187,5.66,46.51,0.020000000000000462,0.05666666666666664,5.66,0,30
2026-08-27 03:57:07.688591,3,18.55067,73.81483,5.81,42.56,0.14999999999999947,0.06999999999999999,5.81,0,30
2026-08-26 22:12:07.690629,0,19.076,72.8777,4.81,56.07,0.0,0.0,4.81,0,31
2026-08-26 22:27:07.690629,0,19.06157,72.91767,4.82,52.98,0.010000000000000675,0.0,4.82,0,31
2026-08-26 22:42:07.690629,0,19.04713,72.95763,4.71,55.99,-0.11000000000000032,0.0,4.71,0,31
2026-08-26 22:57:07.690629,0,19.0327,72.9976,4.7,58.87,-0.009999999999999787,-0.03666666666666648,4.7,0,31
2026-08-26 23:12:07.690629,0,19.01827,73.03757,4.68,43.78,-0.020000000000000462,-0.046666666666666856,4.68,0,31
2026-08-26 23:27:07.690629,0,19.00383,73.07753,4.74,47.72,0.0600000000000005,0.010000000000000083,4.74,0,31
2026-08-26 23:42:07.690629,1,18.9894,73.1175,4.92,45.33,0.17999999999999972,0.07333333333333325,4.92,0,31
2026-08-26 23:57:07.690629,1,18.95783,73.15625,5.02,42.87,0.09999999999999964,0.11333333333333329,5.02,0,31
2026-08-27 00:12:07.690629,1,18.92627,73.195,5.04,58.39,0.020000000000000462,0.09999999999999994,5.04,0,31
2026-08-27 00:27:07.690629,1,18.8947,73.23375,5.04,45.4,0.0,0.040000000000000036,5.04,0,31
2026-08-27 00:42:07.690629,1,18.86313,73.2725,5.01,52.19,-0.03000000000000025,-0.0033333333333332624,5.01,0,31
2026-08-27 00:57:07.690629,1,18.83157,73.31125,4.85,53.75,-0.16000000000000014,-0.06333333333333346,4.85,0,31
2026-08-27 01:12:07.690629,2,18.8,73.35,5.54,54.83,0.6900000000000004,0.16666666666666666,5.54,0,31
2026-08-27 01:27:07.690629,2,18.775,73.4,6.06,47.81,0.5199999999999996,0.3499999999999999,6.06,0,31
2026-08-27 01:42:07.690629,2,18.75,73.45,6.5,51.15,0.4400000000000004,0.5500000000000002,6.5,0,31
2026-08-27 01:57:07.690629,2,18.725,73.5,7.12,48.34,0.6200000000000001,0.5266666666666667,7.12,1,31
2026-08-27 02:12:07.690629,2,18.7,73.55,7.87,51.3,0.75,0.6033333333333335,7.87,1,31
2026-08-27 02:27:07.690629,2,18.675,73.6,8.68,48.62,0.8099999999999996,0.7266666666666666,8.68,1,31
2026-08-27 02:42:07.690629,3,18.65,73.65,9.5,48.7,0.8200000000000003,0.7933333333333333,9.5,1,31
2026-08-27 02:57:07.690629,3,18.63013,73.68297,10.04,57.38,0.5399999999999991,0.723333333333333,10.04,1,31
2026-08-27 03:12:07.690629,3,18.61027,73.71593,10.5,58.64,0.46000000000000085,0.6066666666666668,10.5,1,31
2026-08-27 03:27:07.690629,3,18.5904,73.7489,11.32,45.65,0.8200000000000003,0.6066666666666668,11.32,1,31
2026-08-27 03:42:07.690629,3,18.57053,73.78187,12.0,53.07,0.6799999999999997,0.6533333333333337,12.0,1,31
2026-08-27 03:57:07.690629,3,18.55067,73.81483,12.82,40.07,0.8200000000000003,0.7733333333333334,12.82,1,31
2026-08-26 22:12:07.692714,0,19.076,72.8777,4.89,59.7,0.0,0.0,4.89,0,32
2026-08-26 22:27:07.692714,0,19.06157,72.91767,4.77,57.1,-0.1200000000000001,0.0,4.77,0,32
2026-08-26 22:42:07.692714,0,19.04713,72.95763,4.97,46.52,0.20000000000000018,0.0,4.97,0,32
2026-08-26 22:57:07.692714,0,19.0327,72.9976,4.97,45.5,0.0,0.02666666666666669,4.97,0,32
2026-08-26 23:12:07.692714,0,19.01827,73.03757,5.01,58.34,0.040000000000000036,0.08000000000000007,5.01,0,32
2026-08-26 23:27:07.692714,0,19.00383,73.07753,4.84,50.26,-0.16999999999999993,-0.0433333333333333,4.84,0,32
2026-08-26 23:42:07.692714,1,18.9894,73.1175,5.79,45.48,0.9500000000000002,0.27333333333333343,5.79,0,32
2026-08-26 23:57:07.692714,1,18.95783,73.15625,6.34,55.3,0.5499999999999998,0.44333333333333336,6.34,0,32
2026-08-27 00:12:07.692714,1,18.92627,73.195,6.96,49.93,0.6200000000000001,0.7066666666666667,6.96,1,32
2026-08-27 00:27:07.692714,1,18.8947,73.23375,7.9,54.69,0.9400000000000004,0.7033333333333335,7.9,1,32
2026-08-27 00:42:07.692714,1,18.86313,73.2725,8.8,52.16,0.9000000000000004,0.8200000000000003,8.8,1,32
2026-08-27 00:57:07.692714,1,18.83157,73.31125,9.47,47.3,0.6699999999999999,0.8366666666666669,9.47,1,32
2026-08-27 01:12:07.692714,2,18.8,73.35,10.15,56.03,0.6799999999999997,0.75,10.15,1,32
2026-08-27 01:27:07.692714,2,18.775,73.4,11.01,52.14,0.8599999999999994,0.7366666666666664,11.01,1,32
2026-08-27 01:42:07.692714,2,18.75,73.45,11.92,53.01,0.9100000000000001,0.8166666666666664,11.92,1,32
2026-08-27 01:57:07.692714,2,18.725,73.5,12.79,51.15,0.8699999999999992,0.8799999999999996,12.79,1,32
2026-08-27 02:12:07.692714,2,18.7,73.55,13.49,40.47,0.7000000000000011,0.8266666666666668,13.49,1,32
2026-08-27 02:27:07.692714,2,18.675,73.6,14.13,42.27,0.6400000000000006,0.7366666666666669,14.13,1,32
2026-08-27 02:42:07.692714,3,18.65,73.65,14.66,51.82,0.5299999999999994,0.6233333333333336,14.66,1,32
2026-08-27 02:57:07.692714,3,18.63013,73.68297,15.35,42.13,0.6899999999999995,0.6199999999999998,15.35,1,32
2026-08-27 03:12:07.692714,3,18.61027,73.71593,16.15,51.31,0.7999999999999989,0.6733333333333326,16.15,1,32
2026-08-27 03:27:07.692714,3,18.5904,73.7489,16.79,51.65,0.6400000000000006,0.7099999999999996,16.79,1,32
2026-08-27 03:42:07.692714,3,18.57053,73.78187,17.31,48.25,0.5199999999999996,0.653333333333333,17.31,1,32
2026-08-27 03:57:07.692714,3,18.55067,73.81483,18.24,48.67,0.9299999999999997,0.6966666666666667,18.24,1,32
2026-08-26 22:12:07.694660,0,19.076,72.8777,5.41,56.51,0.0,0.0,5.41,0,33
2026-08-26 22:27:07.694660,0,19.06157,72.91767,5.75,46.95,0.33999999999999986,0.0,5.75,0,33
2026-08-26 22:42:07.694660,0,19.04713,72.95763,6.12,50.4,0.3700000000000001,0.0,6.12,0,33
2026-08-26 22:57:07.694660,0,19.0327,72.9976,6.74,53.36,0.6200000000000001,0.44333333333333336,6.74,0,33
2026-08-26 23:12:07.694660,0,19.01827,73.03757,7.25,41.47,0.5099999999999998,0.5,7.25,1,33
2026-08-26 23:27:07.694660,0,19.00383,73.07753,7.6,40.81,0.34999999999999964,0.4933333333333332,7.6,1,33
2026-08-26 23:42:07.694660,1,18.9894,73.1175,8.2,44.81,0.5999999999999996,0.48666666666666636,8.2,1,33
2026-08-26 23:57:07.694660,1,18.95783,73.15625,8.53,51.68,0.33000000000000007,0.42666666666666647,8.53,1,33
2026-08-27 00:12:07.694660,1,18.92627,73.195,8.99,51.88,0.46000000000000085,0.46333333333333354,8.99,1,33
2026-08-27 00:27:07.694660,1,18.8947,73.23375,9.57,54.45,0.5800000000000001,0.456666666666667,9.57,1,33
2026-08-27 00:42:07.694660,1,18.86313,73.2725,10.16,44.87,0.5899999999999999,0.5433333333333336,10.16,1,33
2026-08-27 00:57:07.694660,1,18.83157,73.31125,10.72,43.3,0.5600000000000005,0.5766666666666668,10.72,1,33
2026-08-27 01:12:07.694660,2,18.8,73.35,11.18,46.19,0.4599999999999991,0.5366666666666665,11.18,1,33
2026-08-27 01:27:07.694660,2,18.775,73.4,11.81,54.9,0.6300000000000008,0.5500000000000002,11.81,1,33
2026-08-27 01:42:07.694660,2,18.75,73.45,12.35,44.43,0.5399999999999991,0.543333333333333,12.35,1,33
2026-08-27 01:57:07.694660,2,18.725,73.5,12.71,50.76,0.3600000000000012,0.5100000000000003,12.71,1,33
2026-08-27 02:12:07.694660,2,18.7,73.55,13.3,56.7,0.5899999999999999,0.49666666666666676,13.3,1,33
2026-08-27 02:27:07.694660,2,18.675,73.6,13.63,53.47,0.33000000000000007,0.426666666666667,13.63,1,33
2026-08-27 02:42:07.694660,3,18.65,73.65,14.04,40.05,0.40999999999999837,0.44333333333333275,14.04,1,33
2026-08-27 02:57:07.694660,3,18.63013,73.68297,14.5,53.3,0.46000000000000085,0.39999999999999974,14.5,1,33
2026-08-27 03:12:07.694660,3,18.61027,73.71593,14.97,40.09,0.47000000000000064,0.4466666666666666,14.97,1,33
2026-08-27 03:27:07.694660,3,18.5904,73.7489,15.31,49.47,0.33999999999999986,0.4233333333333338,15.31,1,33
2026-08-27 03:42:07.694660,3,18.57053,73.78187,15.95,40.37,0.6399999999999988,0.4833333333333331,15.95,1,33
2026-08-27 03:57:07.694660,3,18.55067,73.81483,16.5,41.29,0.5500000000000007,0.5099999999999998,16.5,1,33
2026-08-26 22:12:07.696716,0,19.076,72.8777,5.11,59.04,0.0,0.0,5.11,0,34
2026-08-26 22:27:07.696716,0,19.06157,72.91767,5.02,41.92,-0.09000000000000075,0.0,5.02,0,34
2026-08-26 22:42:07.696716,0,19.04713,72.95763,4.9,59.77,-0.11999999999999922,0.0,4.9,0,34
2026-08-26 22:57:07.696716,0,19.0327,72.9976,4.85,53.71,-0.05000000000000071,-0.08666666666666689,4.85,0,34
2026-08-26 23:12:07.696716,0,19.01827,73.03757,4.94,50.67,0.09000000000000075,-0.026666666666666394,4.94,0,34
2026-08-26 23:27:07.696716,0,19.00383,73.07753,5.13,51.88,0.1899999999999995,0.07666666666666651,5.13,0,34
2026-08-26 23:42:07.696716,1,18.9894,73.1175,4.99,44.26,-0.13999999999999968,0.046666666666666856,4.99,0,34
2026-08-26 23:57:07.696716,1,18.95783,73.15625,4.81,52.65,-0.1800000000000006,-0.04333333333333359,4.81,0,34
2026-08-27 00:12:07.696716,1,18.92627,73.195,4.89,48.59,0.08000000000000007,-0.08000000000000007,4.89,0,34
2026-08-27 00:27:07.696716,1,18.8947,73.23375,4.76,58.18,-0.1299999999999999,-0.07666666666666681,4.76,0,34
2026-08-27 00:42:07.696716,1,18.86313,73.2725,4.96,55.87,0.20000000000000018,0.05000000000000012,4.96,0,34
2026-08-27 00:57:07.696716,1,18.83157,73.31125,4.89,52.37,-0.07000000000000028,0.0,4.89,0,34
2026-08-27 01:12:07.696716,2,18.8,73.35,4.73,47.25,-0.15999999999999925,-0.009999999999999787,4.73,0,34
2026-08-27 01:27:07.696716,2,18.775,73.4,4.8,50.41,0.0699999999999994,-0.05333333333333338,4.8,0,34
2026-08-27 01:42:07.696716,2,18.75,73.45,4.97,48.6,0.16999999999999993,0.02666666666666669,4.97,0,34
2026-08-27 01:57:07.696716,2,18.725,73.5,4.8,50.14,-0.16999999999999993,0.023333333333333133,4.8,0,34
2026-08-27 02:12:07.696716,2,18.7,73.55,4.94,56.25,0.14000000000000057,0.046666666666666856,4.94,0,34
2026-08-27 02:27:07.696716,2,18.675,73.6,5.05,47.93,0.10999999999999943,0.02666666666666669,5.05,0,34
2026-08-27 02:42:07.696716,3,18.65,73.65,4.92,41.64,-0.1299999999999999,0.040000000000000036,4.92,0,34
2026-08-27 02:57:07.696716,3,18.63013,73.68297,5.09,57.99,0.16999999999999993,0.04999999999999982,5.09,0,34
2026-08-27 03:12:07.696716,3,18.61027,73.71593,5.02,51.59,-0.07000000000000028,-0.010000000000000083,5.02,0,34
2026-08-27 03:27:07.696716,3,18.5904,73.7489,4.97,44.41,-0.04999999999999982,0.016666666666666607,4.97,0,34
2026-08-27 03:42:07.696716,3,18.57053,73.78187,4.79,54.71,-0.17999999999999972,-0.09999999999999994,4.79,0,34
2026-08-27 03:57:07.696716,3,18.55067,73.81483,4.97,55.88,0.17999999999999972,-0.016666666666666607,4.97,0,34
2026-08-26 22:12:07.698859,0,19.076,72.8777,5.15,53.09,0.0,0.0,5.15,0,35
2026-08-26 22:27:07.698859,0,19.06157,72.91767,4.98,59.22,-0.16999999999999993,0.0,4.98,0,35
2026-08-26 22:42:07.698859,0,19.04713,72.95763,5.0,44.03,0.019999999999999574,0.0,5.0,0,35
2026-08-26 22:57:07.698859,0,19.0327,72.9976,5.11,47.55,0.11000000000000032,-0.013333333333333345,5.11,0,35
2026-08-26 23:12:07.698859,0,19.01827,73.03757,5.29,48.1,0.17999999999999972,0.10333333333333321,5.29,0,35
2026-08-26 23:27:07.698859,0,19.00383,73.07753,5.21,44.49,-0.08000000000000007,0.06999999999999999,5.21,0,35
2026-08-26 23:42:07.698859,1,18.9894,73.1175,5.99,43.82,0.7800000000000002,0.2933333333333333,5.99,0,35
2026-08-26 23:57:07.698859,1,18.95783,73.15625,6.74,52.2,0.75,0.4833333333333334,6.74,1,35
2026-08-27 00:12:07.698859,1,18.92627,73.195,7.5,51.89,0.7599999999999998,0.7633333333333333,7.5,1,35
2026-08-27 00:27:07.698859,1,18.8947,73.23375,8.17,56.98,0.6699999999999999,0.7266666666666666,8.17,1,35
2026-08-27 00:42:07.698859,1,18.86313,73.2725,9.23,56.64,1.0600000000000005,0.8300000000000001,9.23,1,35
2026-08-27 00:57:07.698859,1,18.83157,73.31125,10.17,49.73,0.9399999999999995,0.89,10.17,1,35
2026-08-27 01:12:07.698859,2,18.8,73.35,11.32,43.56,1.1500000000000004,1.05,11.32,1,35
2026-08-27 01:27:07.698859,2,18.775,73.4,12.13,48.03,0.8100000000000005,0.9666666666666668,12.13,1,35
2026-08-27 01:42:07.698859,2,18.75,73.45,13.03,47.02,0.8999999999999986,0.9533333333333331,13.03,1,35
2026-08-27 01:57:07.698859,2,18.725,73.5,13.82,46.35,0.7900000000000009,0.8333333333333334,13.82,1,35
2026-08-27 02:12:07.698859,2,18.7,73.55,14.99,48.39,1.17,0.9533333333333331,14.99,1,35
2026-08-27 02:27:07.698859,2,18.675,73.6,15.69,51.42,0.6999999999999993,0.8866666666666667,15.69,1,35
2026-08-27 02:42:07.698859,3,18.65,73.65,16.77,50.25,1.08,0.9833333333333331,16.77,1,35
2026-08-27 02:57:07.698859,3,18.63013,73.68297,17.69,46.36,0.9200000000000017,0.9000000000000004,17.69,1,35
2026-08-27 03:12:07.698859,3,18.61027,73.71593,18.47,57.29,0.7799999999999976,0.9266666666666664,18.47,1,35
2026-08-27 03:27:07.698859,3,18.5904,73.7489,19.23,45.48,0.7600000000000016,0.8200000000000003,19.23,1,35
2026-08-27 03:42:07.698859,3,18.57053,73.78187,19.9,41.74,0.6699999999999982,0.7366666666666658,19.9,1,35
2026-08-27 03:57:07.698859,3,18.55067,73.81483,20.69,44.78,0.7900000000000027,0.7400000000000008,20.69,1,35
2026-08-26 22:12:07.700844,0,19.076,72.8777,5.79,45.49,0.0,0.0,5.79,0,36
2026-08-26 22:27:07.700844,0,19.06157,72.91767,6.57,43.82,0.7800000000000002,0.0,6.57,0,36
2026-08-26 22:42:07.700844,0,19.04713,72.95763,7.29,53.14,0.7199999999999998,0.0,7.29,1,36
2026-08-26 22:57:07.700844,0,19.0327,72.9976,7.98,45.61,0.6900000000000004,0.7300000000000001,7.98,1,36
2026-08-26 23:12:07.700844,0,19.01827,73.03757,8.49,53.88,0.5099999999999998,0.64,8.49,1,36
2026-08-26 23:27:07.700844,0,19.00383,73.07753,9.19,52.1,0.6999999999999993,0.6333333333333332,9.19,1,36
2026-08-26 23:42:07.700844,1,18.9894,73.1175,9.73,56.31,0.5400000000000009,0.5833333333333334,9.73,1,36
2026-08-26 23:57:07.700844,1,18.95783,73.15625,10.54,45.38,0.8099999999999987,0.683333333333333,10.54,1,36
2026-08-27 00:12:07.700844,1,18.92627,73.195,11.26,56.94,0.7200000000000006,0.6900000000000001,11.26,1,36
2026-08-27 00:27:07.700844,1,18.8947,73.23375,11.8,54.11,0.5400000000000009,0.6900000000000001,11.8,1,36
2026-08-27 00:42:07.700844,1,18.86313,73.2725,12.35,57.67,0.5499999999999989,0.6033333333333335,12.35,1,36
2026-08-27 00:57:07.700844,1,18.83157,73.31125,13.27,50.71,0.9199999999999999,0.6699999999999999,13.27,1,36
2026-08-27 01:12:07.700844,2,18.8,73.35,13.91,45.96,0.6400000000000006,0.7033333333333331,13.91,1,36
2026-08-27 01:27:07.700844,2,18.775,73.4,14.38,56.21,0.47000000000000064,0.6766666666666671,14.38,1,36
2026-08-27 01:42:07.700844,2,18.75,73.45,15.17,45.97,0.7899999999999991,0.6333333333333334,15.17,1,36
2026-08-27 01:57:07.700844,2,18.725,73.5,15.83,54.74,0.6600000000000001,0.64,15.83,1,36
2026-08-27 02:12:07.700844,2,18.7,73.55,16.7,45.21,0.8699999999999992,0.7733333333333329,16.7,1,36
2026-08-27 02:27:07.700844,2,18.675,73.6,17.42,50.3,0.7200000000000024,0.7500000000000006,17.42,1,36
2026-08-27 02:42:07.700844,3,18.65,73.65,18.2,59.03,0.7799999999999976,0.7899999999999997,18.2,1,36
2026-08-27 02:57:07.700844,3,18.63013,73.68297,19.08,50.98,0.879999999999999,0.793333333333333,19.08,1,36
2026-08-27 03:12:07.700844,3,18.61027,73.71593,19.66,44.87,0.5800000000000018,0.7466666666666661,19.66,1,36
2026-08-27 03:27:07.700844,3,18.5904,73.7489,20.21,56.13,0.5500000000000007,0.6700000000000005,20.21,1,36
2026-08-27 03:42:07.700844,3,18.57053,73.78187,20.72,58.76,0.509999999999998,0.5466666666666669,20.72,1,36
2026-08-27 03:57:07.700844,3,18.55067,73.81483,21.52,44.02,0.8000000000000007,0.6199999999999998,21.52,1,36
2026-08-26 22:12:07.702700,0,19.076,72.8777,4.89,52.94,0.0,0.0,4.89,0,37
2026-08-26 22:27:07.702700,0,19.06157,72.91767,4.91,50.47,0.020000000000000462,0.0,4.91,0,37
2026-08-26 22:42:07.702700,0,19.04713,72.95763,5.0,51.36,0.08999999999999986,0.0,5.0,0,37
2026-08-26 22:57:07.702700,0,19.0327,72.9976,5.06,48.79,0.05999999999999961,0.05666666666666664,5.06,0,37
2026-08-26 23:12:07.702700,0,19.01827,73.03757,5.01,53.55,-0.04999999999999982,0.033333333333333215,5.01,0,37
2026-08-26 23:27:07.702700,0,19.00383,73.07753,5.03,54.79,0.020000000000000462,0.010000000000000083,5.03,0,37
2026-08-26 23:42:07.702700,1,18.9894,73.1175,4.85,44.19,-0.1800000000000006,-0.06999999999999999,4.85,0,37
2026-08-26 23:57:07.702700,1,18.95783,73.15625,4.84,40.76,-0.009999999999999787,-0.05666666666666664,4.84,0,37
2026-08-27 00:12:07.702700,1,18.92627,73.195,4.66,52.38,-0.17999999999999972,-0.12333333333333336,4.66,0,37
2026-08-27 00:27:07.702700,1,18.8947,73.23375,4.47,42.69,-0.1900000000000004,-0.12666666666666662,4.47,0,37
2026-08-27 00:42:07.702700,1,18.86313,73.2725,4.54,47.64,0.07000000000000028,-0.09999999999999994,4.54,0,37
2026-08-27 00:57:07.702700,1,18.83157,73.31125,4.48,40.46,-0.05999999999999961,-0.05999999999999991,4.48,0,37
2026-08-27 01:12:07.702700,2,18.8,73.35,5.42,46.78,0.9399999999999995,0.3166666666666667,5.42,0,37
2026-08-27 01:27:07.702700,2,18.775,73.4,6.41,49.15,0.9900000000000002,0.6233333333333334,6.41,0,37
2026-08-27 01:42:07.702700,2,18.75,73.45,7.24,47.7,0.8300000000000001,0.9199999999999999,7.24,1,37
2026-08-27 01:57:07.702700,2,18.725,73.5,7.93,57.39,0.6899999999999995,0.8366666666666666,7.93,1,37
2026-08-27 02:12:07.702700,2,18.7,73.55,8.84,40.38,0.9100000000000001,0.8099999999999999,8.84,1,37
2026-08-27 02:27:07.702700,2,18.675,73.6,9.95,45.59,1.1099999999999994,0.903333333333333,9.95,1,37
2026-08-27 02:42:07.702700,3,18.65,73.65,10.71,46.14,0.7600000000000016,0.9266666666666671,10.71,1,37
2026-08-27 02:57:07.702700,3,18.63013,73.68297,11.39,46.99,0.6799999999999997,0.8500000000000002,11.39,1,37
2026-08-27 03:12:07.702700,3,18.61027,73.71593,12.48,43.95,1.0899999999999999,0.8433333333333337,12.48,1,37
2026-08-27 03:27:07.702700,3,18.5904,73.7489,13.63,41.67,1.1500000000000004,0.9733333333333333,13.63,1,37
2026-08-27 03:42:07.702700,3,18.57053,73.78187,14.29,56.15,0.6599999999999984,0.9666666666666662,14.29,1,37
2026-08-27 03:57:07.702700,3,18.55067,73.81483,15.17,48.49,0.8800000000000008,0.8966666666666665,15.17,1,37
2026-08-26 22:12:07.704733,0,19.076,72.8777,4.87,47.46,0.0,0.0,4.87,0,38
2026-08-26 22:27:07.704733,0,19.06157,72.91767,4.98,42.18,0.11000000000000032,0.0,4.98,0,38
2026-08-26 22:42:07.704733,0,19.04713,72.95763,4.81,41.89,-0.17000000000000082,0.0,4.81,0,38
2026-08-26 22:57:07.704733,0,19.0327,72.9976,4.93,59.94,0.1200000000000001,0.01999999999999987,4.93,0,38
2026-08-26 23:12:07.704733,0,19.01827,73.03757,5.02,41.13,0.08999999999999986,0.01333333333333305,5.02,0,38
2026-08-26 23:27:07.704733,0,19.00383,73.07753,5.11,54.41,0.09000000000000075,0.10000000000000024,5.11,0,38
2026-08-26 23:42:07.704733,1,18.9894,73.1175,6.24,41.14,1.13,0.4366666666666668,6.24,1,38
2026-08-26 23:57:07.704733,1,18.95783,73.15625,7.21,56.86,0.9699999999999998,0.7300000000000001,7.21,1,38
2026-08-27 00:12:07.704733,1,18.92627,73.195,8.08,46.32,0.8700000000000001,0.9899999999999999,8.08,1,38
2026-08-27 00:27:07.704733,1,18.8947,73.23375,9.12,42.68,1.0399999999999991,0.9599999999999996,9.12,1,38
2026-08-27 00:42:07.704733,1,18.86313,73.2725,9.76,43.26,0.6400000000000006,0.85,9.76,1,38
2026-08-27 00:57:07.704733,1,18.83157,73.31125,10.49,48.22,0.7300000000000004,0.8033333333333333,10.49,1,38
2026-08-27 01:12:07.704733,2,18.8,73.35,11.11,45.57,0.6199999999999992,0.6633333333333334,11.11,1,38
2026-08-27 01:27:07.704733,2,18.775,73.4,11.74,55.43,0.6300000000000008,0.6600000000000001,11.74,1,38
2026-08-27 01:42:07.704733,2,18.75,73.45,12.86,59.6,1.1199999999999992,0.7899999999999997,12.86,1,38
2026-08-27 01:57:07.704733,2,18.725,73.5,13.85,56.3,0.9900000000000002,0.9133333333333334,13.85,1,38
2026-08-27 02:12:07.704733,2,18.7,73.55,14.77,48.05,0.9199999999999999,1.0099999999999998,14.77,1,38
2026-08-27 02:27:07.704733,2,18.675,73.6,15.75,52.1,0.9800000000000004,0.9633333333333335,15.75,1,38
2026-08-27 02:42:07.704733,3,18.65,73.65,16.58,51.34,0.8299999999999983,0.9099999999999996,16.58,1,38
2026-08-27 02:57:07.704733,3,18.63013,73.68297,17.56,52.48,0.9800000000000004,0.9299999999999997,17.56,1,38
2026-08-27 03:12:07.704733,3,18.61027,73.71593,18.37,58.67,0.8100000000000023,0.8733333333333336,18.37,1,38
2026-08-27 03:27:07.704733,3,18.5904,73.7489,19.26,51.95,0.8900000000000006,0.8933333333333344,19.26,1,38
2026-08-27 03:42:07.704733,3,18.57053,73.78187,20.12,44.02,0.8599999999999994,0.853333333333334,20.12,1,38
2026-08-27 03:57:07.704733,3,18.55067,73.81483,20.93,55.18,0.8099999999999987,0.8533333333333329,20.93,1,38
2026-08-26 22:12:07.706727,0,19.076,72.8777,4.89,40.1,0.0,0.0,4.89,0,39
2026-08-26 22:27:07.706727,0,19.06157,72.91767,5.06,50.18,0.16999999999999993,0.0,5.06,0,39
2026-08-26 22:42:07.706727,0,19.04713,72.95763,5.18,59.37,0.1200000000000001,0.0,5.18,0,39
2026-08-26 22:57:07.706727,0,19.0327,72.9976,5.25,50.5,0.07000000000000028,0.1200000000000001,5.25,0,39
2026-08-26 23:12:07.706727,0,19.01827,73.03757,5.15,48.39,-0.09999999999999964,0.03000000000000025,5.15,0,39
2026-08-26 23:27:07.706727,0,19.00383,73.07753,5.31,55.86,0.15999999999999925,0.0433333333333333,5.31,0,39
2026-08-26 23:42:07.706727,1,18.9894,73.1175,5.3,53.67,-0.009999999999999787,0.016666666666666607,5.3,0,39
2026-08-26 23:57:07.706727,1,18.95783,73.15625,5.25,57.96,-0.04999999999999982,0.033333333333333215,5.25,0,39
2026-08-27 00:12:07.706727,1,18.92627,73.195,5.31,53.27,0.05999999999999961,0.0,5.31,0,39
2026-08-27 00:27:07.706727,1,18.8947,73.23375,5.33,52.46,0.020000000000000462,0.010000000000000083,5.33,0,39
2026-08-27 00:42:07.706727,1,18.86313,73.2725,5.36,44.78,0.03000000000000025,0.03666666666666677,5.36,0,39
2026-08-27 00:57:07.706727,1,18.83157,73.31125,5.4,56.34,0.040000000000000036,0.03000000000000025,5.4,0,39
2026-08-27 01:12:07.706727,2,18.8,73.35,5.26,53.66,-0.14000000000000057,-0.023333333333333428,5.26,0,39
2026-08-27 01:27:07.706727,2,18.775,73.4,5.19,49.81,-0.0699999999999994,-0.05666666666666664,5.19,0,39
2026-08-27 01:42:07.706727,2,18.75,73.45,5.19,54.93,0.0,-0.06999999999999999,5.19,0,39
2026-08-27 01:57:07.706727,2,18.725,73.5,5.05,49.03,-0.14000000000000057,-0.06999999999999999,5.05,0,39
2026-08-27 02:12:07.706727,2,18.7,73.55,5.06,55.17,0.009999999999999787,-0.04333333333333359,5.06,0,39
2026-08-27 02:27:07.706727,2,18.675,73.6,4.95,51.31,-0.10999999999999943,-0.08000000000000007,4.95,0,39
2026-08-27 02:42:07.706727,3,18.65,73.65,5.42,45.52,0.46999999999999975,0.12333333333333336,5.42,0,39
2026-08-27 02:57:07.706727,3,18.63013,73.68297,5.89,40.18,0.46999999999999975,0.27666666666666667,5.89,0,39
2026-08-27 03:12:07.706727,3,18.61027,73.71593,6.18,54.14,0.29000000000000004,0.40999999999999986,6.18,0,39
2026-08-27 03:27:07.706727,3,18.5904,73.7489,6.65,48.66,0.47000000000000064,0.41000000000000014,6.65,0,39
2026-08-27 03:42:07.706727,3,18.57053,73.78187,7.0,40.45,0.34999999999999964,0.3700000000000001,7.0,0,39
2026-08-27 03:57:07.706727,3,18.55067,73.81483,7.47,45.55,0.46999999999999975,0.43,7.47,0,39
2026-08-26 22:12:07.708788,0,19.076,72.8777,5.14,55.91,0.0,0.0,5.14,0,40
2026-08-26 22:27:07.708788,0,19.06157,72.91767,5.22,58.49,0.08000000000000007,0.0,5.22,0,40
2026-08-26 22:42:07.708788,0,19.04713,72.95763,5.17,43.74,-0.04999999999999982,0.0,5.17,0,40
2026-08-26 22:57:07.708788,0,19.0327,72.9976,5.18,46.21,0.009999999999999787,0.013333333333333345,5.18,0,40
2026-08-26 23:12:07.708788,0,19.01827,73.03757,5.17,42.48,-0.009999999999999787,-0.016666666666666607,5.17,0,40
2026-08-26 23:27:07.708788,0,19.00383,73.07753,5.2,45.28,0.03000000000000025,0.010000000000000083,5.2,0,40
2026-08-26 23:42:07.708788,1,18.9894,73.1175,5.83,41.85,0.6299999999999999,0.21666666666666679,5.83,0,40
2026-08-26 23:57:07.708788,1,18.95783,73.15625,6.17,56.52,0.33999999999999986,0.3333333333333333,6.17,0,40
2026-08-27 00:12:07.708788,1,18.92627,73.195,6.73,42.74,0.5600000000000005,0.5100000000000001,6.73,0,40
2026-08-27 00:27:07.708788,1,18.8947,73.23375,7.19,58.97,0.45999999999999996,0.4533333333333334,7.19,1,40
2026-08-27 00:42:07.708788,1,18.86313,73.2725,7.76,59.83,0.5699999999999994,0.5299999999999999,7.76,1,40
2026-08-27 00:57:07.708788,1,18.83157,73.31125,8.36,49.73,0.5999999999999996,0.543333333333333,8.36,1,40
2026-08-27 01:12:07.708788,2,18.8,73.35,8.81,46.39,0.45000000000000107,0.54,8.81,1,40
2026-08-27 01:27:07.708788,2,18.775,73.4,9.28,49.42,0.46999999999999886,0.5066666666666665,9.28,1,40
2026-08-27 01:42:07.708788,2,18.75,73.45,9.83,55.47,0.5500000000000007,0.4900000000000002,9.83,1,40
2026-08-27 01:57:07.708788,2,18.725,73.5,10.43,43.4,0.5999999999999996,0.5399999999999997,10.43,1,40
2026-08-27 02:12:07.708788,2,18.7,73.55,10.79,44.18,0.35999999999999943,0.5033333333333333,10.79,1,40
2026-08-27 02:27:07.708788,2,18.675,73.6,11.38,46.29,0.5900000000000016,0.5166666666666669,11.38,1,40
2026-08-27 02:42:07.708788,3,18.65,73.65,11.72,52.22,0.33999999999999986,0.4300000000000003,11.72,1,40
2026-08-27 02:57:07.708788,3,18.63013,73.68297,12.06,57.18,0.33999999999999986,0.4233333333333338,12.06,1,40
2026-08-27 03:12:07.708788,3,18.61027,73.71593,12.44,52.95,0.379999999999999,0.3533333333333329,12.44,1,40
2026-08-27 03:27:07.708788,3,18.5904,73.7489,12.84,45.64,0.40000000000000036,0.3733333333333331,12.84,1,40
2026-08-27 03:42:07.708788,3,18.57053,73.78187,13.41,50.84,0.5700000000000003,0.4499999999999999,13.41,1,40
2026-08-27 03:57:07.708788,3,18.55067,73.81483,13.96,50.57,0.5500000000000007,0.5066666666666672,13.96,1,40
2026-08-26 22:12:07.710786,0,19.076,72.8777,5.19,52.75,0.0,0.0,5.19,0,41
2026-08-26 22:27:07.710786,0,19.06157,72.91767,5.05,43.43,-0.14000000000000057,0.0,5.05,0,41
2026-08-26 22:42:07.710786,0,19.04713,72.95763,4.89,49.93,-0.16000000000000014,0.0,4.89,0,41
2026-08-26 22:57:07.710786,0,19.0327,72.9976,4.75,59.8,-0.13999999999999968,-0.1466666666666668,4.75,0,41
2026-08-26 23:12:07.710786,0,19.01827,73.03757,4.95,52.58,0.20000000000000018,-0.033333333333333215,4.95,0,41
2026-08-26 23:27:07.710786,0,19.00383,73.07753,4.77,53.71,-0.1800000000000006,-0.040000000000000036,4.77,0,41
2026-08-26 23:42:07.710786,1,18.9894,73.1175,4.66,42.98,-0.10999999999999943,-0.029999999999999954,4.66,0,41
2026-08-26 23:57:07.710786,1,18.95783,73.15625,4.47,56.87,-0.1900000000000004,-0.16000000000000014,4.47,0,41
2026-08-27 00:12:07.710786,1,18.92627,73.195,4.43,41.3,-0.040000000000000036,-0.11333333333333329,4.43,0,41
2026-08-27 00:27:07.710786,1,18.8947,73.23375,4.32,45.19,-0.10999999999999943,-0.11333333333333329,4.32,0,41
2026-08-27 00:42:07.710786,1,18.86313,73.2725,4.41,42.03,0.08999999999999986,-0.01999999999999987,4.41,0,41
2026-08-27 00:57:07.710786,1,18.83157,73.31125,4.49,47.82,0.08000000000000007,0.020000000000000167,4.49,0,41
2026-08-27 01:12:07.710786,2,18.8,73.35,4.41,55.61,-0.08000000000000007,0.029999999999999954,4.41,0,41
2026-08-27 01:27:07.710786,2,18.775,73.4,4.46,50.8,0.04999999999999982,0.016666666666666607,4.46,0,41
2026-08-27 01:42:07.710786,2,18.75,73.45,4.45,52.58,-0.009999999999999787,-0.013333333333333345,4.45,0,41
2026-08-27 01:57:07.710786,2,18.725,73.5,4.25,52.27,-0.20000000000000018,-0.05333333333333338,4.25,0,41
2026-08-27 02:12:07.710786,2,18.7,73.55,4.08,54.58,-0.16999999999999993,-0.12666666666666662,4.08,0,41
2026-08-27 02:27:07.710786,2,18.675,73.6,3.99,47.01,-0.08999999999999986,-0.15333333333333332,3.99,0,41
2026-08-27 02:42:07.710786,3,18.65,73.65,4.06,41.47,0.0699999999999994,-0.06333333333333346,4.06,0,41
2026-08-27 02:57:07.710786,3,18.63013,73.68297,4.07,52.3,0.010000000000000675,-0.0033333333333332624,4.07,0,41
2026-08-27 03:12:07.710786,3,18.61027,73.71593,4.0,52.14,-0.07000000000000028,0.0033333333333332624,4.0,0,41
2026-08-27 03:27:07.710786,3,18.5904,73.7489,3.85,50.42,-0.1499999999999999,-0.06999999999999984,3.85,0,41
2026-08-27 03:42:07.710786,3,18.57053,73.78187,3.98,50.16,0.1299999999999999,-0.0300000000000001,3.98,0,41
2026-08-27 03:57:07.710786,3,18.55067,73.81483,4.08,51.46,0.10000000000000009,0.02666666666666669,4.08,0,41
2026-08-26 22:12:07.712915,0,19.076,72.8777,6.13,54.76,0.0,0.0,6.13,1,42
2026-08-26 22:27:07.712915,0,19.06157,72.91767,6.91,40.95,0.7800000000000002,0.0,6.91,1,42
2026-08-26 22:42:07.712915,0,19.04713,72.95763,8.11,40.18,1.1999999999999993,0.0,8.11,1,42
2026-08-26 22:57:07.712915,0,19.0327,72.9976,8.8,41.38,0.6900000000000013,0.8900000000000002,8.8,1,42
2026-08-26 23:12:07.712915,0,19.01827,73.03757,9.84,52.75,1.0399999999999991,0.9766666666666666,9.84,1,42
2026-08-26 23:27:07.712915,0,19.00383,73.07753,10.96,52.94,1.120000000000001,0.9500000000000005,10.96,1,42
2026-08-26 23:42:07.712915,1,18.9894,73.1175,11.88,44.03,0.9199999999999999,1.0266666666666666,11.88,1,42
2026-08-26 23:57:07.712915,1,18.95783,73.15625,12.7,42.39,0.8199999999999985,0.9533333333333331,12.7,1,42
2026-08-27 00:12:07.712915,1,18.92627,73.195,13.78,51.74,1.08,0.9399999999999995,13.78,1,42
2026-08-27 00:27:07.712915,1,18.8947,73.23375,14.7,59.72,0.9199999999999999,0.9399999999999995,14.7,1,42
2026-08-27 00:42:07.712915,1,18.86313,73.2725,15.62,51.29,0.9199999999999999,0.9733333333333333,15.62,1,42
2026-08-27 00:57:07.712915,1,18.83157,73.31125,16.82,46.62,1.200000000000001,1.0133333333333336,16.82,1,42
2026-08-27 01:12:07.712915,2,18.8,73.35,17.96,56.93,1.1400000000000006,1.0866666666666671,17.96,1,42
2026-08-27 01:27:07.712915,2,18.775,73.4,18.74,54.91,0.7799999999999976,1.0399999999999998,18.74,1,42
2026-08-27 01:42:07.712915,2,18.75,73.45,19.43,57.52,0.6900000000000013,0.8699999999999998,19.43,1,42
2026-08-27 01:57:07.712915,2,18.725,73.5,20.45,52.6,1.0199999999999996,0.8299999999999995,20.45,1,42
2026-08-27 02:12:07.712915,2,18.7,73.55,21.11,47.83,0.6600000000000001,0.7900000000000004,21.11,1,42
2026-08-27 02:27:07.712915,2,18.675,73.6,22.38,45.47,1.2699999999999996,0.9833333333333331,22.38,1,42
2026-08-27 02:42:07.712915,3,18.65,73.65,23.57,54.15,1.1900000000000013,1.0400000000000003,23.57,1,42
2026-08-27 02:57:07.712915,3,18.63013,73.68297,24.81,57.5,1.2399999999999984,1.2333333333333332,24.81,1,42
2026-08-27 03:12:07.712915,3,18.61027,73.71593,26.0,59.45,1.1900000000000013,1.206666666666667,26.0,1,42
2026-08-27 03:27:07.712915,3,18.5904,73.7489,27.0,43.19,1.0,1.1433333333333333,27.0,1,42
2026-08-27 03:42:07.712915,3,18.57053,73.78187,28.14,42.25,1.1400000000000006,1.1100000000000005,28.14,1,42
2026-08-27 03:57:07.712915,3,18.55067,73.81483,28.86,50.87,0.7199999999999989,0.9533333333333331,28.86,1,42
2026-08-26 22:12:07.714807,0,19.076,72.8777,5.07,48.18,0.0,0.0,5.07,0,43
2026-08-26 22:27:07.714807,0,19.06157,72.91767,4.89,56.48,-0.1800000000000006,0.0,4.89,0,43
2026-08-26 22:42:07.714807,0,19.04713,72.95763,4.89,51.97,0.0,0.0,4.89,0,43
2026-08-26 22:57:07.714807,0,19.0327,72.9976,4.97,47.6,0.08000000000000007,-0.03333333333333351,4.97,0,43
2026-08-26 23:12:07.714807,0,19.01827,73.03757,4.79,51.98,-0.17999999999999972,-0.033333333333333215,4.79,0,43
2026-08-26 23:27:07.714807,0,19.00383,73.07753,4.65,44.54,-0.13999999999999968,-0.07999999999999978,4.65,0,43
2026-08-26 23:42:07.714807,1,18.9894,73.1175,4.84,53.22,0.1899999999999995,-0.0433333333333333,4.84,0,43
2026-08-26 23:57:07.714807,1,18.95783,73.15625,4.82,44.04,-0.019999999999999574,0.010000000000000083,4.82,0,43
2026-08-27 00:12:07.714807,1,18.92627,73.195,4.8,57.65,-0.020000000000000462,0.04999999999999982,4.8,0,43
2026-08-27 00:27:07.714807,1,18.8947,73.23375,4.68,49.85,-0.1200000000000001,-0.05333333333333338,4.68,0,43
2026-08-27 00:42:07.714807,1,18.86313,73.2725,4.53,44.77,-0.14999999999999947,-0.09666666666666668,4.53,0,43
2026-08-27 00:57:07.714807,1,18.83157,73.31125,4.47,41.89,-0.0600000000000005,-0.11000000000000003,4.47,0,43
2026-08-27 01:12:07.714807,2,18.8,73.35,4.65,48.67,0.1800000000000006,-0.009999999999999787,4.65,0,43
2026-08-27 01:27:07.714807,2,18.775,73.4,4.64,51.75,-0.010000000000000675,0.03666666666666648,4.64,0,43
2026-08-27 01:42:07.714807,2,18.75,73.45,4.64,58.95,0.0,0.05666666666666664,4.64,0,43
2026-08-27 01:57:07.714807,2,18.725,73.5,4.77,40.17,0.1299999999999999,0.03999999999999974,4.77,0,43
2026-08-27 02:12:07.714807,2,18.7,73.55,4.94,55.59,0.17000000000000082,0.10000000000000024,4.94,0,43
2026-08-27 02:27:07.714807,2,18.675,73.6,5.09,40.11,0.14999999999999947,0.15000000000000005,5.09,0,43
2026-08-27 02:42:07.714807,3,18.65,73.65,5.43,44.66,0.33999999999999986,0.22000000000000006,5.43,0,43
2026-08-27 02:57:07.714807,3,18.63013,73.68297,5.62,47.05,0.1900000000000004,0.22666666666666657,5.62,0,43
2026-08-27 03:12:07.714807,3,18.61027,73.71593,5.96,58.13,0.33999999999999986,0.29000000000000004,5.96,0,43
2026-08-27 03:27:07.714807,3,18.5904,73.7489,6.23,54.05,0.27000000000000046,0.2666666666666669,6.23,0,43
2026-08-27 03:42:07.714807,3,18.57053,73.78187,6.41,44.64,0.17999999999999972,0.26333333333333336,6.41,0,43
2026-08-27 03:57:07.714807,3,18.55067,73.81483,6.62,48.69,0.20999999999999996,0.22000000000000006,6.62,0,43
2026-08-26 22:12:07.716784,0,19.076,72.8777,5.16,49.55,0.0,0.0,5.16,0,44
2026-08-26 22:27:07.716784,0,19.06157,72.91767,5.23,57.05,0.07000000000000028,0.0,5.23,0,44
2026-08-26 22:42:07.716784,0,19.04713,72.95763,5.35,53.43,0.11999999999999922,0.0,5.35,0,44
2026-08-26 22:57:07.716784,0,19.0327,72.9976,5.39,51.11,0.040000000000000036,0.07666666666666651,5.39,0,44
2026-08-26 23:12:07.716784,0,19.01827,73.03757,5.43,47.72,0.040000000000000036,0.06666666666666643,5.43,0,44
2026-08-26 23:27:07.716784,0,19.00383,73.07753,5.23,53.67,-0.1999999999999993,-0.03999999999999974,5.23,0,44
2026-08-26 23:42:07.716784,1,18.9894,73.1175,5.23,41.21,0.0,-0.05333333333333309,5.23,0,44
2026-08-26 23:57:07.716784,1,18.95783,73.15625,5.18,42.45,-0.05000000000000071,-0.08333333333333333,5.18,0,44
2026-08-27 00:12:07.716784,1,18.92627,73.195,5.14,44.12,-0.040000000000000036,-0.03000000000000025,5.14,0,44
2026-08-27 00:27:07.716784,1,18.8947,73.23375,5.01,56.53,-0.1299999999999999,-0.07333333333333354,5.01,0,44
2026-08-27 00:42:07.716784,1,18.86313,73.2725,4.87,44.26,-0.13999999999999968,-0.10333333333333321,4.87,0,44
2026-08-27 00:57:07.716784,1,18.83157,73.31125,5.02,55.38,0.14999999999999947,-0.040000000000000036,5.02,0,44
2026-08-27 01:12:07.716784,2,18.8,73.35,5.01,51.82,-0.009999999999999787,0.0,5.01,0,44
2026-08-27 01:27:07.716784,2,18.775,73.4,4.87,41.48,-0.13999999999999968,0.0,4.87,0,44
2026-08-27 01:42:07.716784,2,18.75,73.45,5.01,57.54,0.13999999999999968,-0.0033333333333332624,5.01,0,44
2026-08-27 01:57:07.716784,2,18.725,73.5,5.02,45.16,0.009999999999999787,0.0033333333333332624,5.02,0,44
2026-08-27 02:12:07.716784,2,18.7,73.55,5.1,54.95,0.08000000000000007,0.07666666666666651,5.1,0,44
2026-08-27 02:27:07.716784,2,18.675,73.6,5.06,45.36,-0.040000000000000036,0.016666666666666607,5.06,0,44
2026-08-27 02:42:07.716784,3,18.65,73.65,5.24,55.28,0.1800000000000006,0.07333333333333354,5.24,0,44
2026-08-27 02:57:07.716784,3,18.63013,73.68297,5.34,43.31,0.09999999999999964,0.08000000000000007,5.34,0,44
2026-08-27 03:12:07.716784,3,18.61027,73.71593,5.27,45.2,-0.07000000000000028,0.06999999999999999,5.27,0,44
2026-08-27 03:27:07.716784,3,18.5904,73.7489,5.17,48.86,-0.09999999999999964,-0.023333333333333428,5.17,0,44
2026-08-27 03:42:07.716784,3,18.57053,73.78187,4.97,44.1,-0.20000000000000018,-0.12333333333333336,4.97,0,44
2026-08-27 03:57:07.716784,3,18.55067,73.81483,4.91,41.95,-0.05999999999999961,-0.11999999999999982,4.91,0,44
2026-08-26 22:12:07.718750,0,19.076,72.8777,5.1,48.46,0.0,0.0,5.1,0,45
2026-08-26 22:27:07.718750,0,19.06157,72.91767,5.09,51.37,-0.009999999999999787,0.0,5.09,0,45
2026-08-26 22:42:07.718750,0,19.04713,72.95763,5.07,40.18,-0.019999999999999574,0.0,5.07,0,45
2026-08-26 22:57:07.718750,0,19.0327,72.9976,5.08,42.78,0.009999999999999787,-0.006666666666666525,5.08,0,45
2026-08-26 23:12:07.718750,0,19.01827,73.03757,4.9,47.15,-0.17999999999999972,-0.06333333333333317,4.9,0,45
2026-08-26 23:27:07.718750,0,19.00383,73.07753,4.79,42.51,-0.11000000000000032,-0.09333333333333342,4.79,0,45
2026-08-26 23:42:07.718750,1,18.9894,73.1175,4.79,50.95,0.0,-0.09666666666666668,4.79,0,45
2026-08-26 23:57:07.718750,1,18.95783,73.15625,4.73,45.25,-0.05999999999999961,-0.05666666666666664,4.73,0,45
2026-08-27 00:12:07.718750,1,18.92627,73.195,4.61,46.6,-0.1200000000000001,-0.05999999999999991,4.61,0,45
2026-08-27 00:27:07.718750,1,18.8947,73.23375,4.77,43.3,0.15999999999999925,-0.006666666666666821,4.77,0,45
2026-08-27 00:42:07.718750,1,18.86313,73.2725,4.63,46.79,-0.13999999999999968,-0.03333333333333351,4.63,0,45
2026-08-27 00:57:07.718750,1,18.83157,73.31125,4.63,45.71,0.0,0.006666666666666525,4.63,0,45
2026-08-27 01:12:07.718750,2,18.8,73.35,4.81,41.32,0.17999999999999972,0.013333333333333345,4.81,0,45
2026-08-27 01:27:07.718750,2,18.775,73.4,4.75,43.37,-0.05999999999999961,0.040000000000000036,4.75,0,45
2026-08-27 01:42:07.718750,2,18.75,73.45,4.89,50.73,0.13999999999999968,0.0866666666666666,4.89,0,45
2026-08-27 01:57:07.718750,2,18.725,73.5,5.08,53.32,0.1900000000000004,0.09000000000000015,5.08,0,45
2026-08-27 02:12:07.718750,2,18.7,73.55,5.25,48.0,0.16999999999999993,0.16666666666666666,5.25,0,45
2026-08-27 02:27:07.718750,2,18.675,73.6,5.05,46.48,-0.20000000000000018,0.05333333333333338,5.05,0,45
2026-08-27 02:42:07.718750,3,18.65,73.65,4.91,52.36,-0.13999999999999968,-0.05666666666666664,4.91,0,45
2026-08-27 02:57:07.718750,3,18.63013,73.68297,4.98,52.79,0.07000000000000028,-0.08999999999999986,4.98,0,45
2026-08-27 03:12:07.718750,3,18.61027,73.71593,5.17,43.72,0.1899999999999995,0.040000000000000036,5.17,0,45
2026-08-27 03:27:07.718750,3,18.5904,73.7489,5.36,59.54,0.1900000000000004,0.15000000000000005,5.36,0,45
2026-08-27 03:42:07.718750,3,18.57053,73.78187,5.46,58.06,0.09999999999999964,0.15999999999999984,5.46,0,45
2026-08-27 03:57:07.718750,3,18.55067,73.81483,5.58,49.31,0.1200000000000001,0.13666666666666671,5.58,0,45
2026-08-26 22:12:07.720751,0,19.076,72.8777,5.12,59.14,0.0,0.0,5.12,0,46
2026-08-26 22:27:07.720751,0,19.06157,72.91767,5.22,58.76,0.09999999999999964,0.0,5.22,0,46
2026-08-26 22:42:07.720751,0,19.04713,72.95763,5.23,45.82,0.010000000000000675,0.0,5.23,0,46
2026-08-26 22:57:07.720751,0,19.0327,72.9976,5.38,47.8,0.14999999999999947,0.0866666666666666,5.38,0,46
2026-08-26 23:12:07.720751,0,19.01827,73.03757,5.47,49.84,0.08999999999999986,0.08333333333333333,5.47,0,46
2026-08-26 23:27:07.720751,0,19.00383,73.07753,5.48,58.42,0.010000000000000675,0.08333333333333333,5.48,0,46
2026-08-26 23:42:07.720751,1,18.9894,73.1175,5.52,46.63,0.03999999999999915,0.04666666666666656,5.52,0,46
2026-08-26 23:57:07.720751,1,18.95783,73.15625,5.4,41.64,-0.11999999999999922,-0.023333333333333133,5.4,0,46
2026-08-27 00:12:07.720751,1,18.92627,73.195,5.45,54.12,0.04999999999999982,-0.010000000000000083,5.45,0,46
2026-08-27 00:27:07.720751,1,18.8947,73.23375,5.45,55.93,0.0,-0.023333333333333133,5.45,0,46
2026-08-27 00:42:07.720751,1,18.86313,73.2725,5.5,52.64,0.04999999999999982,0.033333333333333215,5.5,0,46
2026-08-27 00:57:07.720751,1,18.83157,73.31125,5.46,47.07,-0.040000000000000036,0.0033333333333332624,5.46,0,46
2026-08-27 01:12:07.720751,2,18.8,73.35,5.59,51.1,0.1299999999999999,0.04666666666666656,5.59,0,46
2026-08-27 01:27:07.720751,2,18.775,73.4,5.71,54.85,0.1200000000000001,0.06999999999999999,5.71,0,46
2026-08-27 01:42:07.720751,2,18.75,73.45,5.85,53.42,0.13999999999999968,0.1299999999999999,5.85,0,46
2026-08-27 01:57:07.720751,2,18.725,73.5,5.73,54.55,-0.11999999999999922,0.046666666666666856,5.73,0,46
2026-08-27 02:12:07.720751,2,18.7,73.55,5.84,56.93,0.10999999999999943,0.0433333333333333,5.84,0,46
2026-08-27 02:27:07.720751,2,18.675,73.6,5.92,51.32,0.08000000000000007,0.023333333333333428,5.92,0,46
2026-08-27 02:42:07.720751,3,18.65,73.65,6.65,42.71,0.7300000000000004,0.30666666666666664,6.65,1,46
2026-08-27 02:57:07.720751,3,18.63013,73.68297,7.87,48.87,1.2199999999999998,0.6766666666666667,7.87,1,46
2026-08-27 03:12:07.720751,3,18.61027,73.71593,9.19,50.82,1.3199999999999994,1.0899999999999999,9.19,1,46
2026-08-27 03:27:07.720751,3,18.5904,73.7489,9.91,51.17,0.7200000000000006,1.0866666666666667,9.91,1,46
2026-08-27 03:42:07.720751,3,18.57053,73.78187,10.76,52.46,0.8499999999999996,0.9633333333333333,10.76,1,46
2026-08-27 03:57:07.720751,3,18.55067,73.81483,11.54,58.57,0.7799999999999994,0.7833333333333332,11.54,1,46
2026-08-26 22:12:07.722700,0,19.076,72.8777,5.46,55.13,0.0,0.0,5.46,0,47
2026-08-26 22:27:07.722700,0,19.06157,72.91767,5.79,48.64,0.33000000000000007,0.0,5.79,0,47
2026-08-26 22:42:07.722700,0,19.04713,72.95763,6.17,41.67,0.3799999999999999,0.0,6.17,0,47
2026-08-26 22:57:07.722700,0,19.0327,72.9976,6.66,40.42,0.4900000000000002,0.4000000000000001,6.66,0,47
2026-08-26 23:12:07.722700,0,19.01827,73.03757,7.25,43.93,0.5899999999999999,0.48666666666666664,7.25,1,47
2026-08-26 23:27:07.722700,0,19.00383,73.07753,7.83,51.75,0.5800000000000001,0.5533333333333333,7.83,1,47
2026-08-26 23:42:07.722700,1,18.9894,73.1175,8.32,51.73,0.4900000000000002,0.5533333333333333,8.32,1,47
2026-08-26 23:57:07.722700,1,18.95783,73.15625,8.67,45.1,0.34999999999999964,0.47333333333333333,8.67,1,47
2026-08-27 00:12:07.722700,1,18.92627,73.195,9.03,54.39,0.35999999999999943,0.39999999999999974,9.03,1,47
2026-08-27 00:27:07.722700,1,18.8947,73.23375,9.39,56.34,0.3600000000000012,0.35666666666666674,9.39,1,47
2026-08-27 00:42:07.722700,1,18.86313,73.2725,9.7,53.72,0.3099999999999987,0.3433333333333331,9.7,1,47
2026-08-27 00:57:07.722700,1,18.83157,73.31125,10.02,57.33,0.3200000000000003,0.33000000000000007,10.02,1,47
2026-08-27 01:12:07.722700,2,18.8,73.35,10.57,53.28,0.5500000000000007,0.39333333333333326,10.57,1,47
2026-08-27 01:27:07.722700,2,18.775,73.4,11.13,57.44,0.5600000000000005,0.4766666666666672,11.13,1,47
2026-08-27 01:42:07.722700,2,18.75,73.45,11.65,59.77,0.5199999999999996,0.5433333333333336,11.65,1,47
2026-08-27 01:57:07.722700,2,18.725,73.5,12.18,50.07,0.5299999999999994,0.5366666666666665,12.18,1,47
2026-08-27 02:12:07.722700,2,18.7,73.55,12.73,57.88,0.5500000000000007,0.5333333333333332,12.73,1,47
2026-08-27 02:27:07.722700,2,18.675,73.6,13.24,45.87,0.5099999999999998,0.5299999999999999,13.24,1,47
2026-08-27 02:42:07.722700,3,18.65,73.65,13.69,43.03,0.4499999999999993,0.5033333333333333,13.69,1,47
2026-08-27 02:57:07.722700,3,18.63013,73.68297,14.11,58.57,0.41999999999999993,0.4599999999999997,14.11,1,47
2026-08-27 03:12:07.722700,3,18.61027,73.71593,14.42,56.0,0.3100000000000005,0.39333333333333326,14.42,1,47
2026-08-27 03:27:07.722700,3,18.5904,73.7489,14.77,43.55,0.34999999999999964,0.36000000000000004,14.77,1,47
2026-08-27 03:42:07.722700,3,18.57053,73.78187,15.25,46.79,0.4800000000000004,0.38000000000000017,15.25,1,47
2026-08-27 03:57:07.722700,3,18.55067,73.81483,15.63,56.8,0.3800000000000008,0.4033333333333336,15.63,1,47
2026-08-26 22:12:07.724566,0,19.076,72.8777,5.47,56.99,0.0,0.0,5.47,0,48
2026-08-26 22:27:07.724566,0,19.06157,72.91767,5.9,44.94,0.4300000000000006,0.0,5.9,0,48
2026-08-26 22:42:07.724566,0,19.04713,72.95763,6.3,50.79,0.39999999999999947,0.0,6.3,0,48
2026-08-26 22:57:07.724566,0,19.0327,72.9976,6.64,50.89,0.33999999999999986,0.38999999999999996,6.64,0,48
2026-08-26 23:12:07.724566,0,19.01827,73.03757,6.96,56.1,0.3200000000000003,0.3533333333333332,6.96,0,48
2026-08-26 23:27:07.724566,0,19.00383,73.07753,7.35,51.47,0.3899999999999997,0.3499999999999999,7.35,1,48
2026-08-26 23:42:07.724566,1,18.9894,73.1175,7.81,57.96,0.45999999999999996,0.38999999999999996,7.81,1,48
2026-08-26 23:57:07.724566,1,18.95783,73.15625,8.25,51.34,0.4400000000000004,0.43,8.25,1,48
2026-08-27 00:12:07.724566,1,18.92627,73.195,8.69,43.18,0.4399999999999995,0.4466666666666666,8.69,1,48
2026-08-27 00:27:07.724566,1,18.8947,73.23375,9.21,40.65,0.5200000000000014,0.46666666666666706,9.21,1,48
2026-08-27 00:42:07.724566,1,18.86313,73.2725,9.5,58.89,0.28999999999999915,0.4166666666666667,9.5,1,48
2026-08-27 00:57:07.724566,1,18.83157,73.31125,9.83,41.95,0.33000000000000007,0.38000000000000017,9.83,1,48
2026-08-27 01:12:07.724566,2,18.8,73.35,10.26,51.22,0.4299999999999997,0.34999999999999964,10.26,1,48
2026-08-27 01:27:07.724566,2,18.775,73.4,10.53,52.43,0.2699999999999996,0.3433333333333331,10.53,1,48
2026-08-27 01:42:07.724566,2,18.75,73.45,10.85,48.23,0.3200000000000003,0.33999999999999986,10.85,1,48
2026-08-27 01:57:07.724566,2,18.725,73.5,11.37,52.76,0.5199999999999996,0.36999999999999983,11.37,1,48
2026-08-27 02:12:07.724566,2,18.7,73.55,11.66,46.13,0.2900000000000009,0.3766666666666669,11.66,1,48
2026-08-27 02:27:07.724566,2,18.675,73.6,12.0,40.03,0.33999999999999986,0.38333333333333347,12.0,1,48
2026-08-27 02:42:07.724566,3,18.65,73.65,12.29,48.55,0.28999999999999915,0.30666666666666664,12.29,1,48
2026-08-27 02:57:07.724566,3,18.63013,73.68297,12.73,58.39,0.4400000000000013,0.35666666666666674,12.73,1,48
2026-08-27 03:12:07.724566,3,18.61027,73.71593,13.02,48.09,0.28999999999999915,0.33999999999999986,13.02,1,48
2026-08-27 03:27:07.724566,3,18.5904,73.7489,13.38,42.45,0.3600000000000012,0.3633333333333339,13.38,1,48
2026-08-27 03:42:07.724566,3,18.57053,73.78187,13.72,44.82,0.33999999999999986,0.33000000000000007,13.72,1,48
2026-08-27 03:57:07.724566,3,18.55067,73.81483,14.02,46.1,0.29999999999999893,0.3333333333333333,14.02,1,48
2026-08-26 22:12:07.726934,0,19.076,72.8777,5.0,55.8,0.0,0.0,5.0,0,49
2026-08-26 22:27:07.726934,0,19.06157,72.91767,5.16,40.28,0.16000000000000014,0.0,5.16,0,49
2026-08-26 22:42:07.726934,0,19.04713,72.95763,5.16,44.7,0.0,0.0,5.16,0,49
2026-08-26 22:57:07.726934,0,19.0327,72.9976,4.98,59.8,-0.17999999999999972,-0.006666666666666525,4.98,0,49
2026-08-26 23:12:07.726934,0,19.01827,73.03757,5.12,46.45,0.13999999999999968,-0.013333333333333345,5.12,0,49
2026-08-26 23:27:07.726934,0,19.00383,73.07753,4.98,42.08,-0.13999999999999968,-0.05999999999999991,4.98,0,49
2026-08-26 23:42:07.726934,1,18.9894,73.1175,4.85,50.74,-0.13000000000000078,-0.04333333333333359,4.85,0,49
2026-08-26 23:57:07.726934,1,18.95783,73.15625,4.9,54.16,0.05000000000000071,-0.07333333333333325,4.9,0,49
2026-08-27 00:12:07.726934,1,18.92627,73.195,4.89,45.6,-0.010000000000000675,-0.03000000000000025,4.89,0,49
2026-08-27 00:27:07.726934,1,18.8947,73.23375,4.89,58.44,0.0,0.013333333333333345,4.89,0,49
2026-08-27 00:42:07.726934,1,18.86313,73.2725,4.94,47.08,0.05000000000000071,0.013333333333333345,4.94,0,49
2026-08-27 00:57:07.726934,1,18.83157,73.31125,4.82,59.45,-0.1200000000000001,-0.023333333333333133,4.82,0,49
2026-08-27 01:12:07.726934,2,18.8,73.35,4.78,50.42,-0.040000000000000036,-0.03666666666666648,4.78,0,49
2026-08-27 01:27:07.726934,2,18.775,73.4,4.83,40.62,0.04999999999999982,-0.03666666666666677,4.83,0,49
2026-08-27 01:42:07.726934,2,18.75,73.45,4.97,44.84,0.13999999999999968,0.04999999999999982,4.97,0,49
2026-08-27 01:57:07.726934,2,18.725,73.5,5.11,40.58,0.14000000000000057,0.11000000000000003,5.11,0,49
2026-08-27 02:12:07.726934,2,18.7,73.55,5.23,50.71,0.1200000000000001,0.13333333333333344,5.23,0,49
2026-08-27 02:27:07.726934,2,18.675,73.6,5.37,49.24,0.13999999999999968,0.13333333333333344,5.37,0,49
2026-08-27 02:42:07.726934,3,18.65,73.65,5.44,54.64,0.07000000000000028,0.11000000000000003,5.44,0,49
2026-08-27 02:57:07.726934,3,18.63013,73.68297,5.51,59.08,0.0699999999999994,0.09333333333333312,5.51,0,49
2026-08-27 03:12:07.726934,3,18.61027,73.71593,5.36,56.01,-0.14999999999999947,-0.0033333333333332624,5.36,0,49
2026-08-27 03:27:07.726934,3,18.5904,73.7489,5.43,56.64,0.0699999999999994,-0.003333333333333558,5.43,0,49
2026-08-27 03:42:07.726934,3,18.57053,73.78187,5.37,42.44,-0.05999999999999961,-0.04666666666666656,5.37,0,49
2026-08-27 03:57:07.726934,3,18.55067,73.81483,5.26,52.0,-0.11000000000000032,-0.03333333333333351,5.26,0,49
2026-08-26 22:12:07.728989,0,19.076,72.8777,5.11,42.93,0.0,0.0,5.11,0,50
2026-08-26 22:27:07.728989,0,19.06157,72.91767,4.98,44.65,-0.1299999999999999,0.0,4.98,0,50
2026-08-26 22:42:07.728989,0,19.04713,72.95763,5.07,58.45,0.08999999999999986,0.0,5.07,0,50
2026-08-26 22:57:07.728989,0,19.0327,72.9976,4.89,49.75,-0.1800000000000006,-0.07333333333333354,4.89,0,50
2026-08-26 23:12:07.728989,0,19.01827,73.03757,4.9,47.33,0.010000000000000675,-0.02666666666666669,4.9,0,50
2026-08-26 23:27:07.728989,0,19.00383,73.07753,4.72,59.29,-0.1800000000000006,-0.11666666666666685,4.72,0,50
2026-08-26 23:42:07.728989,1,18.9894,73.1175,4.57,42.64,-0.14999999999999947,-0.10666666666666647,4.57,0,50
2026-08-26 23:57:07.728989,1,18.95783,73.15625,4.41,52.19,-0.16000000000000014,-0.1633333333333334,4.41,0,50
2026-08-27 00:12:07.728989,1,18.92627,73.195,4.32,51.32,-0.08999999999999986,-0.13333333333333316,4.32,0,50
2026-08-27 00:27:07.728989,1,18.8947,73.23375,4.41,56.52,0.08999999999999986,-0.05333333333333338,4.41,0,50
2026-08-27 00:42:07.728989,1,18.86313,73.2725,4.46,54.38,0.04999999999999982,0.016666666666666607,4.46,0,50
2026-08-27 00:57:07.728989,1,18.83157,73.31125,4.66,40.55,0.20000000000000018,0.11333333333333329,4.66,0,50
2026-08-27 01:12:07.728989,2,18.8,73.35,4.47,54.79,-0.1900000000000004,0.01999999999999987,4.47,0,50
2026-08-27 01:27:07.728989,2,18.775,73.4,4.52,45.21,0.04999999999999982,0.01999999999999987,4.52,0,50
2026-08-27 01:42:07.728989,2,18.75,73.45,4.56,51.9,0.040000000000000036,-0.03333333333333351,4.56,0,50
2026-08-27 01:57:07.728989,2,18.725,73.5,4.61,56.06,0.05000000000000071,0.046666666666666856,4.61,0,50
2026-08-27 02:12:07.728989,2,18.7,73.55,4.55,47.71,-0.0600000000000005,0.010000000000000083,4.55,0,50
2026-08-27 02:27:07.728989,2,18.675,73.6,4.63,55.27,0.08000000000000007,0.023333333333333428,4.63,0,50
2026-08-27 02:42:07.728989,3,18.65,73.65,4.48,57.05,-0.14999999999999947,-0.0433333333333333,4.48,0,50
2026-08-27 02:57:07.728989,3,18.63013,73.68297,4.6,57.51,0.11999999999999922,0.016666666666666607,4.6,0,50
2026-08-27 03:12:07.728989,3,18.61027,73.71593,4.71,49.62,0.11000000000000032,0.02666666666666669,4.71,0,50
2026-08-27 03:27:07.728989,3,18.5904,73.7489,4.69,46.37,-0.019999999999999574,0.06999999999999999,4.69,0,50
2026-08-27 03:42:07.728989,3,18.57053,73.78187,4.58,58.05,-0.11000000000000032,-0.006666666666666525,4.58,0,50
2026-08-27 03:57:07.728989,3,18.55067,73.81483,4.45,49.55,-0.1299999999999999,-0.0866666666666666,4.45,0,50
2026-08-26 22:12:07.731128,0,19.076,72.8777,4.87,47.8,0.0,0.0,4.87,0,51
2026-08-26 22:27:07.731128,0,19.06157,72.91767,4.94,44.17,0.07000000000000028,0.0,4.94,0,51
2026-08-26 22:42:07.731128,0,19.04713,72.95763,4.74,48.84,-0.20000000000000018,0.0,4.74,0,51
2026-08-26 22:57:07.731128,0,19.0327,72.9976,4.67,49.66,-0.07000000000000028,-0.06666666666666672,4.67,0,51
2026-08-26 23:12:07.731128,0,19.01827,73.03757,4.77,57.34,0.09999999999999964,-0.05666666666666694,4.77,0,51
2026-08-26 23:27:07.731128,0,19.00383,73.07753,4.73,54.09,-0.03999999999999915,-0.0033333333333332624,4.73,0,51
2026-08-26 23:42:07.731128,1,18.9894,73.1175,4.79,41.62,0.05999999999999961,0.040000000000000036,4.79,0,51
2026-08-26 23:57:07.731128,1,18.95783,73.15625,4.77,49.68,-0.020000000000000462,0.0,4.77,0,51
2026-08-27 00:12:07.731128,1,18.92627,73.195,4.88,48.73,0.11000000000000032,0.04999999999999982,4.88,0,51
2026-08-27 00:27:07.731128,1,18.8947,73.23375,4.77,58.5,-0.11000000000000032,-0.006666666666666821,4.77,0,51
2026-08-27 00:42:07.731128,1,18.86313,73.2725,4.96,41.03,0.1900000000000004,0.06333333333333346,4.96,0,51
2026-08-27 00:57:07.731128,1,18.83157,73.31125,4.99,45.1,0.03000000000000025,0.03666666666666677,4.99,0,51
2026-08-27 01:12:07.731128,2,18.8,73.35,5.03,59.65,0.040000000000000036,0.08666666666666689,5.03,0,51
2026-08-27 01:27:07.731128,2,18.775,73.4,5.22,40.93,0.1899999999999995,0.0866666666666666,5.22,0,51
2026-08-27 01:42:07.731128,2,18.75,73.45,5.37,50.76,0.15000000000000036,0.12666666666666662,5.37,0,51
2026-08-27 01:57:07.731128,2,18.725,73.5,5.51,57.59,0.13999999999999968,0.15999999999999984,5.51,0,51
2026-08-27 02:12:07.731128,2,18.7,73.55,5.54,55.72,0.03000000000000025,0.10666666666666676,5.54,0,51
2026-08-27 02:27:07.731128,2,18.675,73.6,5.61,56.22,0.07000000000000028,0.08000000000000007,5.61,0,51
2026-08-27 02:42:07.731128,3,18.65,73.65,5.78,42.32,0.16999999999999993,0.09000000000000015,5.78,0,51
2026-08-27 02:57:07.731128,3,18.63013,73.68297,5.75,59.8,-0.03000000000000025,0.06999999999999999,5.75,0,51
2026-08-27 03:12:07.731128,3,18.61027,73.71593,5.76,45.61,0.009999999999999787,0.04999999999999982,5.76,0,51
2026-08-27 03:27:07.731128,3,18.5904,73.7489,5.75,49.58,-0.009999999999999787,-0.010000000000000083,5.75,0,51
2026-08-27 03:42:07.731128,3,18.57053,73.78187,5.55,57.44,-0.20000000000000018,-0.06666666666666672,5.55,0,51
2026-08-27 03:57:07.731128,3,18.55067,73.81483,5.36,56.46,-0.1899999999999995,-0.13333333333333316,5.36,0,51
2026-08-26 22:12:07.733099,0,19.076,72.8777,5.09,58.5,0.0,0.0,5.09,0,52
2026-08-26 22:27:07.733099,0,19.06157,72.91767,5.16,58.03,0.07000000000000028,0.0,5.16,0,52
2026-08-26 22:42:07.733099,0,19.04713,72.95763,5.11,59.86,-0.04999999999999982,0.0,5.11,0,52
2026-08-26 22:57:07.733099,0,19.0327,72.9976,5.29,57.0,0.17999999999999972,0.06666666666666672,5.29,0,52
2026-08-26 23:12:07.733099,0,19.01827,73.03757,5.29,50.53,0.0,0.0433333333333333,5.29,0,52
2026-08-26 23:27:07.733099,0,19.00383,73.07753,5.41,50.4,0.1200000000000001,0.09999999999999994,5.41,0,52
2026-08-26 23:42:07.733099,1,18.9894,73.1175,5.35,56.04,-0.0600000000000005,0.01999999999999987,5.35,0,52
2026-08-26 23:57:07.733099,1,18.95783,73.15625,5.33,49.0,-0.019999999999999574,0.013333333333333345,5.33,0,52
2026-08-27 00:12:07.733099,1,18.92627,73.195,5.43,47.83,0.09999999999999964,0.006666666666666525,5.43,0,52
2026-08-27 00:27:07.733099,1,18.8947,73.23375,5.39,44.09,-0.040000000000000036,0.013333333333333345,5.39,0,52
2026-08-27 00:42:07.733099,1,18.86313,73.2725,5.4,50.44,0.010000000000000675,0.023333333333333428,5.4,0,52
2026-08-27 00:57:07.733099,1,18.83157,73.31125,5.45,44.72,0.04999999999999982,0.006666666666666821,5.45,0,52
2026-08-27 01:12:07.733099,2,18.8,73.35,5.3,46.43,-0.15000000000000036,-0.029999999999999954,5.3,0,52
2026-08-27 01:27:07.733099,2,18.775,73.4,5.45,46.48,0.15000000000000036,0.016666666666666607,5.45,0,52
2026-08-27 01:42:07.733099,2,18.75,73.45,5.61,51.57,0.16000000000000014,0.05333333333333338,5.61,0,52
2026-08-27 01:57:07.733099,2,18.725,73.5,5.65,50.8,0.040000000000000036,0.11666666666666685,5.65,0,52
2026-08-27 02:12:07.733099,2,18.7,73.55,5.7,40.95,0.04999999999999982,0.08333333333333333,5.7,0,52
2026-08-27 02:27:07.733099,2,18.675,73.6,5.79,50.58,0.08999999999999986,0.05999999999999991,5.79,0,52
2026-08-27 02:42:07.733099,3,18.65,73.65,5.6,53.8,-0.1900000000000004,-0.016666666666666902,5.6,0,52
2026-08-27 02:57:07.733099,3,18.63013,73.68297,5.44,54.14,-0.15999999999999925,-0.0866666666666666,5.44,0,52
2026-08-27 03:12:07.733099,3,18.61027,73.71593,5.61,47.82,0.16999999999999993,-0.05999999999999991,5.61,0,52
2026-08-27 03:27:07.733099,3,18.5904,73.7489,5.67,45.77,0.05999999999999961,0.023333333333333428,5.67,0,52
2026-08-27 03:42:07.733099,3,18.57053,73.78187,5.66,48.53,-0.009999999999999787,0.07333333333333325,5.66,0,52
2026-08-27 03:57:07.733099,3,18.55067,73.81483,5.82,40.9,0.16000000000000014,0.06999999999999999,5.82,0,52
2026-08-26 22:12:07.735142,0,19.076,72.8777,5.17,44.67,0.0,0.0,5.17,0,53
2026-08-26 22:27:07.735142,0,19.06157,72.91767,5.35,57.74,0.17999999999999972,0.0,5.35,0,53
2026-08-26 22:42:07.735142,0,19.04713,72.95763,5.53,49.7,0.1800000000000006,0.0,5.53,0,53
2026-08-26 22:57:07.735142,0,19.0327,72.9976,5.63,40.23,0.09999999999999964,0.15333333333333332,5.63,0,53
2026-08-26 23:12:07.735142,0,19.01827,73.03757,5.48,49.1,-0.14999999999999947,0.04333333333333359,5.48,0,53
2026-08-26 23:27:07.735142,0,19.00383,73.07753,5.55,45.47,0.0699999999999994,0.006666666666666525,5.55,0,53
2026-08-26 23:42:07.735142,1,18.9894,73.1175,5.54,41.32,-0.009999999999999787,-0.029999999999999954,5.54,0,53
2026-08-26 23:57:07.735142,1,18.95783,73.15625,5.62,46.19,0.08000000000000007,0.04666666666666656,5.62,0,53
2026-08-27 00:12:07.735142,1,18.92627,73.195,5.73,51.71,0.11000000000000032,0.0600000000000002,5.73,0,53
2026-08-27 00:27:07.735142,1,18.8947,73.23375,5.83,40.98,0.09999999999999964,0.09666666666666668,5.83,0,53
2026-08-27 00:42:07.735142,1,18.86313,73.2725,5.86,59.3,0.03000000000000025,0.08000000000000007,5.86,0,53
2026-08-27 00:57:07.735142,1,18.83157,73.31125,6.0,44.24,0.13999999999999968,0.08999999999999986,6.0,0,53
2026-08-27 01:12:07.735142,2,18.8,73.35,5.92,56.44,-0.08000000000000007,0.029999999999999954,5.92,0,53
2026-08-27 01:27:07.735142,2,18.775,73.4,5.97,44.64,0.04999999999999982,0.03666666666666648,5.97,0,53
2026-08-27 01:42:07.735142,2,18.75,73.45,5.9,45.36,-0.0699999999999994,-0.033333333333333215,5.9,0,53
2026-08-27 01:57:07.735142,2,18.725,73.5,6.06,46.3,0.15999999999999925,0.04666666666666656,6.06,0,53
2026-08-27 02:12:07.735142,2,18.7,73.55,5.91,56.51,-0.14999999999999947,-0.01999999999999987,5.91,0,53
2026-08-27 02:27:07.735142,2,18.675,73.6,5.97,50.56,0.05999999999999961,0.023333333333333133,5.97,0,53
2026-08-27 02:42:07.735142,3,18.65,73.65,6.56,57.3,0.5899999999999999,0.16666666666666666,6.56,1,53
2026-08-27 02:57:07.735142,3,18.63013,73.68297,7.48,49.15,0.9200000000000008,0.5233333333333334,7.48,1,53
2026-08-27 03:12:07.735142,3,18.61027,73.71593,8.54,54.2,1.0599999999999987,0.8566666666666665,8.54,1,53
2026-08-27 03:27:07.735142,3,18.5904,73.7489,9.49,44.7,0.9500000000000011,0.9766666666666669,9.49,1,53
2026-08-27 03:42:07.735142,3,18.57053,73.78187,10.2,49.9,0.7099999999999991,0.9066666666666663,10.2,1,53
2026-08-27 03:57:07.735142,3,18.55067,73.81483,11.12,53.27,0.9199999999999999,0.86,11.12,1,53
2026-08-26 22:12:07.737179,0,19.076,72.8777,5.05,45.18,0.0,0.0,5.05,0,54
2026-08-26 22:27:07.737179,0,19.06157,72.91767,5.19,54.37,0.14000000000000057,0.0,5.19,0,54
2026-08-26 22:42:07.737179,0,19.04713,72.95763,5.18,56.91,-0.010000000000000675,0.0,5.18,0,54
2026-08-26 22:57:07.737179,0,19.0327,72.9976,5.09,54.93,-0.08999999999999986,0.013333333333333345,5.09,0,54
2026-08-26 23:12:07.737179,0,19.01827,73.03757,4.92,48.59,-0.16999999999999993,-0.09000000000000015,4.92,0,54
2026-08-26 23:27:07.737179,0,19.00383,73.07753,4.73,52.83,-0.1899999999999995,-0.14999999999999977,4.73,0,54
2026-08-26 23:42:07.737179,1,18.9894,73.1175,4.73,41.54,0.0,-0.11999999999999982,4.73,0,54
2026-08-26 23:57:07.737179,1,18.95783,73.15625,4.6,43.15,-0.13000000000000078,-0.10666666666666676,4.6,0,54
2026-08-27 00:12:07.737179,1,18.92627,73.195,4.41,49.33,-0.1899999999999995,-0.10666666666666676,4.41,0,54
2026-08-27 00:27:07.737179,1,18.8947,73.23375,4.49,40.32,0.08000000000000007,-0.08000000000000007,4.49,0,54
2026-08-27 00:42:07.737179,1,18.86313,73.2725,4.63,40.67,0.13999999999999968,0.010000000000000083,4.63,0,54
2026-08-27 00:57:07.737179,1,18.83157,73.31125,4.71,46.79,0.08000000000000007,0.09999999999999994,4.71,0,54
2026-08-27 01:12:07.737179,2,18.8,73.35,5.36,45.49,0.6500000000000004,0.29000000000000004,5.36,0,54
2026-08-27 01:27:07.737179,2,18.775,73.4,5.71,55.83,0.34999999999999964,0.36000000000000004,5.71,0,54
2026-08-27 01:42:07.737179,2,18.75,73.45,6.26,55.66,0.5499999999999998,0.5166666666666666,6.26,0,54
2026-08-27 01:57:07.737179,2,18.725,73.5,6.67,42.85,0.41000000000000014,0.43666666666666654,6.67,0,54
2026-08-27 02:12:07.737179,2,18.7,73.55,7.03,52.58,0.3600000000000003,0.4400000000000001,7.03,1,54
2026-08-27 02:27:07.737179,2,18.675,73.6,7.49,41.97,0.45999999999999996,0.41000000000000014,7.49,1,54
2026-08-27 02:42:07.737179,3,18.65,73.65,8.13,42.57,0.6400000000000006,0.48666666666666697,8.13,1,54
2026-08-27 02:57:07.737179,3,18.63013,73.68297,8.78,44.98,0.6499999999999986,0.583333333333333,8.78,1,54
2026-08-27 03:12:07.737179,3,18.61027,73.71593,9.26,55.37,0.4800000000000004,0.5899999999999999,9.26,1,54
2026-08-27 03:27:07.737179,3,18.5904,73.7489,9.72,54.13,0.46000000000000085,0.5299999999999999,9.72,1,54
2026-08-27 03:42:07.737179,3,18.57053,73.78187,10.28,46.81,0.5599999999999987,0.5,10.28,1,54
2026-08-27 03:57:07.737179,3,18.55067,73.81483,10.62,42.46,0.33999999999999986,0.45333333333333314,10.62,1,54
2026-08-26 22:12:07.739268,0,19.076,72.8777,5.07,44.84,0.0,0.0,5.07,0,55
2026-08-26 22:27:07.739268,0,19.06157,72.91767,5.03,58.92,-0.040000000000000036,0.0,5.03,0,55
2026-08-26 22:42:07.739268,0,19.04713,72.95763,4.85,54.53,-0.1800000000000006,0.0,4.85,0,55
2026-08-26 22:57:07.739268,0,19.0327,72.9976,4.99,57.97,0.14000000000000057,-0.02666666666666669,4.99,0,55
2026-08-26 23:12:07.739268,0,19.01827,73.03757,5.05,55.76,0.05999999999999961,0.006666666666666525,5.05,0,55
2026-08-26 23:27:07.739268,0,19.00383,73.07753,5.06,45.68,0.009999999999999787,0.06999999999999999,5.06,0,55
2026-08-26 23:42:07.739268,1,18.9894,73.1175,5.11,54.61,0.05000000000000071,0.040000000000000036,5.11,0,55
2026-08-26 23:57:07.739268,1,18.95783,73.15625,4.95,44.19,-0.16000000000000014,-0.033333333333333215,4.95,0,55
2026-08-27 00:12:07.739268,1,18.92627,73.195,5.03,44.29,0.08000000000000007,-0.009999999999999787,5.03,0,55
2026-08-27 00:27:07.739268,1,18.8947,73.23375,5.07,49.28,0.040000000000000036,-0.013333333333333345,5.07,0,55
2026-08-27 00:42:07.739268,1,18.86313,73.2725,5.04,52.21,-0.03000000000000025,0.029999999999999954,5.04,0,55
2026-08-27 00:57:07.739268,1,18.83157,73.31125,5.08,44.4,0.040000000000000036,0.016666666666666607,5.08,0,55
2026-08-27 01:12:07.739268,2,18.8,73.35,5.78,58.72,0.7000000000000002,0.23666666666666666,5.78,0,55
2026-08-27 01:27:07.739268,2,18.775,73.4,6.63,55.63,0.8499999999999996,0.5299999999999999,6.63,1,55
2026-08-27 01:42:07.739268,2,18.75,73.45,7.51,41.55,0.8799999999999999,0.8099999999999999,7.51,1,55
2026-08-27 01:57:07.739268,2,18.725,73.5,8.29,51.78,0.7799999999999994,0.8366666666666663,8.29,1,55
2026-08-27 02:12:07.739268,2,18.7,73.55,8.84,58.8,0.5500000000000007,0.7366666666666667,8.84,1,55
2026-08-27 02:27:07.739268,2,18.675,73.6,9.53,57.07,0.6899999999999995,0.6733333333333332,9.53,1,55
2026-08-27 02:42:07.739268,3,18.65,73.65,10.52,56.23,0.9900000000000002,0.7433333333333335,10.52,1,55
2026-08-27 02:57:07.739268,3,18.63013,73.68297,11.2,40.0,0.6799999999999997,0.7866666666666665,11.2,1,55
2026-08-27 03:12:07.739268,3,18.61027,73.71593,11.76,51.56,0.5600000000000005,0.7433333333333335,11.76,1,55
2026-08-27 03:27:07.739268,3,18.5904,73.7489,12.72,56.06,0.9600000000000009,0.7333333333333337,12.72,1,55
2026-08-27 03:42:07.739268,3,18.57053,73.78187,13.61,48.61,0.8899999999999988,0.8033333333333333,13.61,1,55
2026-08-27 03:57:07.739268,3,18.55067,73.81483,14.3,49.14,0.6900000000000013,0.846666666666667,14.3,1,55
2026-08-26 22:12:07.741230,0,19.076,72.8777,5.06,47.34,0.0,0.0,5.06,0,56
2026-08-26 22:27:07.741230,0,19.06157,72.91767,4.98,48.86,-0.07999999999999918,0.0,4.98,0,56
2026-08-26 22:42:07.741230,0,19.04713,72.95763,5.07,45.54,0.08999999999999986,0.0,5.07,0,56
2026-08-26 22:57:07.741230,0,19.0327,72.9976,5.27,41.22,0.1999999999999993,0.06999999999999999,5.27,0,56
2026-08-26 23:12:07.741230,0,19.01827,73.03757,5.39,49.85,0.1200000000000001,0.1366666666666664,5.39,0,56
2026-08-26 23:27:07.741230,0,19.00383,73.07753,5.21,56.69,-0.17999999999999972,0.04666666666666656,5.21,0,56
2026-08-26 23:42:07.741230,1,18.9894,73.1175,5.22,42.7,0.009999999999999787,-0.016666666666666607,5.22,0,56
2026-08-26 23:57:07.741230,1,18.95783,73.15625,5.37,51.73,0.15000000000000036,-0.006666666666666525,5.37,0,56
2026-08-27 00:12:07.741230,1,18.92627,73.195,5.34,40.3,-0.03000000000000025,0.0433333333333333,5.34,0,56
2026-08-27 00:27:07.741230,1,18.8947,73.23375,5.44,53.58,0.10000000000000053,0.07333333333333354,5.44,0,56
2026-08-27 00:42:07.741230,1,18.86313,73.2725,5.4,41.63,-0.040000000000000036,0.010000000000000083,5.4,0,56
2026-08-27 00:57:07.741230,1,18.83157,73.31125,5.56,42.7,0.15999999999999925,0.07333333333333325,5.56,0,56
2026-08-27 01:12:07.741230,2,18.8,73.35,5.53,42.19,-0.02999999999999936,0.029999999999999954,5.53,0,56
2026-08-27 01:27:07.741230,2,18.775,73.4,5.49,51.62,-0.040000000000000036,0.029999999999999954,5.49,0,56
2026-08-27 01:42:07.741230,2,18.75,73.45,5.33,41.15,-0.16000000000000014,-0.07666666666666651,5.33,0,56
2026-08-27 01:57:07.741230,2,18.725,73.5,5.15,40.16,-0.17999999999999972,-0.12666666666666662,5.15,0,56
2026-08-27 02:12:07.741230,2,18.7,73.55,4.96,46.93,-0.1900000000000004,-0.17666666666666675,4.96,0,56
2026-08-27 02:27:07.741230,2,18.675,73.6,4.79,54.19,-0.16999999999999993,-0.18000000000000002,4.79,0,56
2026-08-27 02:42:07.741230,3,18.65,73.65,5.72,42.61,0.9299999999999997,0.1899999999999998,5.72,0,56
2026-08-27 02:57:07.741230,3,18.63013,73.68297,6.46,41.66,0.7400000000000002,0.5,6.46,1,56
2026-08-27 03:12:07.741230,3,18.61027,73.71593,7.46,54.31,1.0,0.89,7.46,1,56
2026-08-27 03:27:07.741230,3,18.5904,73.7489,8.67,55.3,1.21,0.9833333333333334,8.67,1,56
2026-08-27 03:42:07.741230,3,18.57053,73.78187,9.76,51.18,1.0899999999999999,1.0999999999999999,9.76,1,56
2026-08-27 03:57:07.741230,3,18.55067,73.81483,10.99,58.55,1.2300000000000004,1.1766666666666667,10.99,1,56
2026-08-26 22:12:07.743297,0,19.076,72.8777,5.02,51.37,0.0,0.0,5.02,0,57
2026-08-26 22:27:07.743297,0,19.06157,72.91767,4.99,42.64,-0.02999999999999936,0.0,4.99,0,57
2026-08-26 22:42:07.743297,0,19.04713,72.95763,4.82,41.35,-0.16999999999999993,0.0,4.82,0,57
2026-08-26 22:57:07.743297,0,19.0327,72.9976,4.87,52.25,0.04999999999999982,-0.04999999999999982,4.87,0,57
2026-08-26 23:12:07.743297,0,19.01827,73.03757,4.69,40.28,-0.17999999999999972,-0.09999999999999994,4.69,0,57
2026-08-26 23:27:07.743297,0,19.00383,73.07753,4.59,51.32,-0.10000000000000053,-0.07666666666666681,4.59,0,57
2026-08-26 23:42:07.743297,1,18.9894,73.1175,4.56,52.33,-0.03000000000000025,-0.1033333333333335,4.56,0,57
2026-08-26 23:57:07.743297,1,18.95783,73.15625,4.67,51.38,0.11000000000000032,-0.006666666666666821,4.67,0,57
2026-08-27 00:12:07.743297,1,18.92627,73.195,4.71,42.21,0.040000000000000036,0.040000000000000036,4.71,0,57
2026-08-27 00:27:07.743297,1,18.8947,73.23375,4.65,59.38,-0.05999999999999961,0.03000000000000025,4.65,0,57
2026-08-27 00:42:07.743297,1,18.86313,73.2725,4.78,53.73,0.1299999999999999,0.03666666666666677,4.78,0,57
2026-08-27 00:57:07.743297,1,18.83157,73.31125,4.62,43.18,-0.16000000000000014,-0.029999999999999954,4.62,0,57
2026-08-27 01:12:07.743297,2,18.8,73.35,4.78,58.36,0.16000000000000014,0.0433333333333333,4.78,0,57
2026-08-27 01:27:07.743297,2,18.775,73.4,4.96,48.11,0.17999999999999972,0.05999999999999991,4.96,0,57
2026-08-27 01:42:07.743297,2,18.75,73.45,5.02,55.06,0.05999999999999961,0.13333333333333316,5.02,0,57
2026-08-27 01:57:07.743297,2,18.725,73.5,5.04,54.3,0.020000000000000462,0.0866666666666666,5.04,0,57
2026-08-27 02:12:07.743297,2,18.7,73.55,5.21,56.37,0.16999999999999993,0.08333333333333333,5.21,0,57
2026-08-27 02:27:07.743297,2,18.675,73.6,5.35,46.7,0.13999999999999968,0.11000000000000003,5.35,0,57
2026-08-27 02:42:07.743297,3,18.65,73.65,5.39,51.75,0.040000000000000036,0.11666666666666654,5.39,0,57
2026-08-27 02:57:07.743297,3,18.63013,73.68297,5.25,57.4,-0.13999999999999968,0.013333333333333345,5.25,0,57
2026-08-27 03:12:07.743297,3,18.61027,73.71593,5.36,43.26,0.11000000000000032,0.003333333333333558,5.36,0,57
2026-08-27 03:27:07.743297,3,18.5904,73.7489,5.16,41.7,-0.20000000000000018,-0.07666666666666651,5.16,0,57
2026-08-27 03:42:07.743297,3,18.57053,73.78187,5.31,57.55,0.14999999999999947,0.01999999999999987,5.31,0,57
2026-08-27 03:57:07.743297,3,18.55067,73.81483,5.32,42.44,0.010000000000000675,-0.013333333333333345,5.32,0,57
2026-08-26 22:12:07.745324,0,19.076,72.8777,5.06,40.04,0.0,0.0,5.06,0,58
2026-08-26 22:27:07.745324,0,19.06157,72.91767,5.07,49.93,0.010000000000000675,0.0,5.07,0,58
2026-08-26 22:42:07.745324,0,19.04713,72.95763,5.22,52.01,0.14999999999999947,0.0,5.22,0,58
2026-08-26 22:57:07.745324,0,19.0327,72.9976,5.31,45.3,0.08999999999999986,0.08333333333333333,5.31,0,58
2026-08-26 23:12:07.745324,0,19.01827,73.03757,5.38,40.72,0.07000000000000028,0.10333333333333321,5.38,0,58
2026-08-26 23:27:07.745324,0,19.00383,73.07753,5.48,49.77,0.10000000000000053,0.08666666666666689,5.48,0,58
2026-08-26 23:42:07.745324,1,18.9894,73.1175,5.52,55.16,0.03999999999999915,0.06999999999999999,5.52,0,58
2026-08-26 23:57:07.745324,1,18.95783,73.15625,5.61,41.64,0.09000000000000075,0.07666666666666681,5.61,0,58
2026-08-27 00:12:07.745324,1,18.92627,73.195,5.56,45.64,-0.05000000000000071,0.026666666666666394,5.56,0,58
2026-08-27 00:27:07.745324,1,18.8947,73.23375,5.36,49.01,-0.1999999999999993,-0.05333333333333309,5.36,0,58
2026-08-27 00:42:07.745324,1,18.86313,73.2725,5.4,52.1,0.040000000000000036,-0.06999999999999999,5.4,0,58
2026-08-27 00:57:07.745324,1,18.83157,73.31125,5.47,53.48,0.0699999999999994,-0.029999999999999954,5.47,0,58
2026-08-27 01:12:07.745324,2,18.8,73.35,5.44,54.83,-0.02999999999999936,0.02666666666666669,5.44,0,58
2026-08-27 01:27:07.745324,2,18.775,73.4,5.25,59.14,-0.1900000000000004,-0.05000000000000012,5.25,0,58
2026-08-27 01:42:07.745324,2,18.75,73.45,5.19,40.55,-0.05999999999999961,-0.09333333333333312,5.19,0,58
2026-08-27 01:57:07.745324,2,18.725,73.5,5.12,57.89,-0.07000000000000028,-0.10666666666666676,5.12,0,58
2026-08-27 02:12:07.745324,2,18.7,73.55,5.19,44.17,0.07000000000000028,-0.01999999999999987,5.19,0,58
2026-08-27 02:27:07.745324,2,18.675,73.6,5.02,43.47,-0.17000000000000082,-0.05666666666666694,5.02,0,58
2026-08-27 02:42:07.745324,3,18.65,73.65,5.73,58.64,0.7100000000000009,0.20333333333333345,5.73,0,58
2026-08-27 02:57:07.745324,3,18.63013,73.68297,6.34,59.61,0.6099999999999994,0.38333333333333314,6.34,0,58
2026-08-27 03:12:07.745324,3,18.61027,73.71593,7.13,56.37,0.79,0.7033333333333335,7.13,1,58
2026-08-27 03:27:07.745324,3,18.5904,73.7489,7.71,46.89,0.5800000000000001,0.6599999999999998,7.71,1,58
2026-08-27 03:42:07.745324,3,18.57053,73.78187,8.54,50.66,0.8299999999999992,0.7333333333333331,8.54,1,58
2026-08-27 03:57:07.745324,3,18.55067,73.81483,9.38,54.59,0.8400000000000016,0.7500000000000003,9.38,1,58
2026-08-26 22:12:07.747293,0,19.076,72.8777,5.45,44.25,0.0,0.0,5.45,0,59
2026-08-26 22:27:07.747293,0,19.06157,72.91767,5.96,58.34,0.5099999999999998,0.0,5.96,0,59
2026-08-26 22:42:07.747293,0,19.04713,72.95763,6.47,55.43,0.5099999999999998,0.0,6.47,0,59
2026-08-26 22:57:07.747293,0,19.0327,72.9976,7.01,57.17,0.54,0.5199999999999999,7.01,0,59
2026-08-26 23:12:07.747293,0,19.01827,73.03757,7.4,59.91,0.39000000000000057,0.48000000000000015,7.4,1,59
2026-08-26 23:27:07.747293,0,19.00383,73.07753,7.92,46.82,0.5199999999999996,0.4833333333333334,7.92,1,59
2026-08-26 23:42:07.747293,1,18.9894,73.1175,8.33,49.56,0.41000000000000014,0.4400000000000001,8.33,1,59
2026-08-26 23:57:07.747293,1,18.95783,73.15625,8.94,49.5,0.6099999999999994,0.5133333333333331,8.94,1,59
2026-08-27 00:12:07.747293,1,18.92627,73.195,9.53,48.74,0.5899999999999999,0.5366666666666665,9.53,1,59
2026-08-27 00:27:07.747293,1,18.8947,73.23375,10.05,48.36,0.5200000000000014,0.5733333333333336,10.05,1,59
2026-08-27 00:42:07.747293,1,18.86313,73.2725,10.51,54.55,0.4599999999999991,0.5233333333333334,10.51,1,59
2026-08-27 00:57:07.747293,1,18.83157,73.31125,10.9,41.36,0.39000000000000057,0.456666666666667,10.9,1,59
2026-08-27 01:12:07.747293,2,18.8,73.35,11.41,44.17,0.5099999999999998,0.45333333333333314,11.41,1,59
2026-08-27 01:27:07.747293,2,18.775,73.4,11.72,40.62,0.3100000000000005,0.4033333333333336,11.72,1,59
2026-08-27 01:42:07.747293,2,18.75,73.45,12.25,57.39,0.5299999999999994,0.4499999999999999,12.25,1,59
2026-08-27 01:57:07.747293,2,18.725,73.5,12.61,58.63,0.35999999999999943,0.39999999999999974,12.61,1,59
2026-08-27 02:12:07.747293,2,18.7,73.55,13.22,42.98,0.6100000000000012,0.5,13.22,1,59
2026-08-27 02:27:07.747293,2,18.675,73.6,13.56,57.39,0.33999999999999986,0.4366666666666668,13.56,1,59
2026-08-27 02:42:07.747293,3,18.65,73.65,14.1,59.43,0.5399999999999991,0.49666666666666676,14.1,1,59
2026-08-27 02:57:07.747293,3,18.63013,73.68297,14.46,51.41,0.3600000000000012,0.4133333333333334,14.46,1,59
2026-08-27 03:12:07.747293,3,18.61027,73.71593,14.88,56.38,0.41999999999999993,0.4400000000000001,14.88,1,59
2026-08-27 03:27:07.747293,3,18.5904,73.7489,15.28,50.45,0.3999999999999986,0.39333333333333326,15.28,1,59
2026-08-27 03:42:07.747293,3,18.57053,73.78187,15.85,56.89,0.5700000000000003,0.46333333333333293,15.85,1,59
2026-08-27 03:57:07.747293,3,18.55067,73.81483,16.19,54.2,0.34000000000000163,0.4366666666666668,16.19,1,59
2026-08-26 22:12:07.749158,0,19.076,72.8777,4.88,41.19,0.0,0.0,4.88,0,60
2026-08-26 22:27:07.749158,0,19.06157,72.91767,4.94,47.23,0.0600000000000005,0.0,4.94,0,60
2026-08-26 22:42:07.749158,0,19.04713,72.95763,5.03,40.71,0.08999999999999986,0.0,5.03,0,60
2026-08-26 22:57:07.749158,0,19.0327,72.9976,5.21,42.54,0.17999999999999972,0.11000000000000003,5.21,0,60
2026-08-26 23:12:07.749158,0,19.01827,73.03757,5.35,51.21,0.13999999999999968,0.1366666666666664,5.35,0,60
2026-08-26 23:27:07.749158,0,19.00383,73.07753,5.41,51.66,0.0600000000000005,0.12666666666666662,5.41,0,60
2026-08-26 23:42:07.749158,1,18.9894,73.1175,5.38,54.62,-0.03000000000000025,0.05666666666666664,5.38,0,60
2026-08-26 23:57:07.749158,1,18.95783,73.15625,5.33,59.97,-0.04999999999999982,-0.006666666666666525,5.33,0,60
2026-08-27 00:12:07.749158,1,18.92627,73.195,5.35,41.98,0.019999999999999574,-0.020000000000000167,5.35,0,60
2026-08-27 00:27:07.749158,1,18.8947,73.23375,5.27,52.95,-0.08000000000000007,-0.03666666666666677,5.27,0,60
2026-08-27 00:42:07.749158,1,18.86313,73.2725,5.23,41.43,-0.03999999999999915,-0.033333333333333215,5.23,0,60
2026-08-27 00:57:07.749158,1,18.83157,73.31125,5.34,52.18,0.10999999999999943,-0.0033333333333332624,5.34,0,60
2026-08-27 01:12:07.749158,2,18.8,73.35,5.53,50.27,0.1900000000000004,0.08666666666666689,5.53,0,60
2026-08-27 01:27:07.749158,2,18.775,73.4,5.56,58.48,0.02999999999999936,0.10999999999999972,5.56,0,60
2026-08-27 01:42:07.749158,2,18.75,73.45,5.7,50.81,0.14000000000000057,0.1200000000000001,5.7,0,60
2026-08-27 01:57:07.749158,2,18.725,73.5,5.8,50.91,0.09999999999999964,0.08999999999999986,5.8,0,60
2026-08-27 02:12:07.749158,2,18.7,73.55,5.61,43.86,-0.1899999999999995,0.016666666666666902,5.61,0,60
2026-08-27 02:27:07.749158,2,18.675,73.6,5.64,43.37,0.02999999999999936,-0.020000000000000167,5.64,0,60
2026-08-27 02:42:07.749158,3,18.65,73.65,5.45,48.05,-0.1899999999999995,-0.11666666666666654,5.45,0,60
2026-08-27 02:57:07.749158,3,18.63013,73.68297,5.48,59.61,0.03000000000000025,-0.0433333333333333,5.48,0,60
2026-08-27 03:12:07.749158,3,18.61027,73.71593,5.53,49.72,0.04999999999999982,-0.03666666666666648,5.53,0,60
2026-08-27 03:27:07.749158,3,18.5904,73.7489,5.5,44.54,-0.03000000000000025,0.016666666666666607,5.5,0,60
2026-08-27 03:42:07.749158,3,18.57053,73.78187,5.44,44.21,-0.05999999999999961,-0.013333333333333345,5.44,0,60
2026-08-27 03:57:07.749158,3,18.55067,73.81483,5.62,50.15,0.17999999999999972,0.029999999999999954,5.62,0,60
2026-08-26 22:12:07.751201,0,19.076,72.8777,4.85,48.82,0.0,0.0,4.85,0,61
2026-08-26 22:27:07.751201,0,19.06157,72.91767,4.96,43.22,0.11000000000000032,0.0,4.96,0,61
2026-08-26 22:42:07.751201,0,19.04713,72.95763,5.07,41.93,0.11000000000000032,0.0,5.07,0,61
2026-08-26 22:57:07.751201,0,19.0327,72.9976,5.17,57.97,0.09999999999999964,0.10666666666666676,5.17,0,61
2026-08-26 23:12:07.751201,0,19.01827,73.03757,5.16,56.53,-0.009999999999999787,0.06666666666666672,5.16,0,61
2026-08-26 23:27:07.751201,0,19.00383,73.07753,5.28,52.21,0.1200000000000001,0.06999999999999999,5.28,0,61
2026-08-26 23:42:07.751201,1,18.9894,73.1175,5.35,57.4,0.0699999999999994,0.05999999999999991,5.35,0,61
2026-08-26 23:57:07.751201,1,18.95783,73.15625,5.43,50.09,0.08000000000000007,0.08999999999999986,5.43,0,61
2026-08-27 00:12:07.751201,1,18.92627,73.195,5.35,51.81,-0.08000000000000007,0.023333333333333133,5.35,0,61
2026-08-27 00:27:07.751201,1,18.8947,73.23375,5.49,41.63,0.14000000000000057,0.046666666666666856,5.49,0,61
2026-08-27 00:42:07.751201,1,18.86313,73.2725,5.48,42.64,-0.009999999999999787,0.016666666666666902,5.48,0,61
2026-08-27 00:57:07.751201,1,18.83157,73.31125,5.63,41.81,0.14999999999999947,0.09333333333333342,5.63,0,61
2026-08-27 01:12:07.751201,2,18.8,73.35,5.54,52.14,-0.08999999999999986,0.016666666666666607,5.54,0,61
2026-08-27 01:27:07.751201,2,18.775,73.4,5.47,43.48,-0.07000000000000028,-0.003333333333333558,5.47,0,61
2026-08-27 01:42:07.751201,2,18.75,73.45,5.43,56.93,-0.040000000000000036,-0.06666666666666672,5.43,0,61
2026-08-27 01:57:07.751201,2,18.725,73.5,5.31,56.21,-0.1200000000000001,-0.07666666666666681,5.31,0,61
2026-08-27 02:12:07.751201,2,18.7,73.55,5.13,43.64,-0.17999999999999972,-0.11333333333333329,5.13,0,61
2026-08-27 02:27:07.751201,2,18.675,73.6,5.12,58.51,-0.009999999999999787,-0.10333333333333321,5.12,0,61
2026-08-27 02:42:07.751201,3,18.65,73.65,5.76,44.89,0.6399999999999997,0.15000000000000005,5.76,0,61
2026-08-27 02:57:07.751201,3,18.63013,73.68297,6.4,49.3,0.6400000000000006,0.4233333333333335,6.4,0,61
2026-08-27 03:12:07.751201,3,18.61027,73.71593,6.87,58.7,0.46999999999999975,0.5833333333333334,6.87,1,61
2026-08-27 03:27:07.751201,3,18.5904,73.7489,7.48,49.29,0.6100000000000003,0.5733333333333336,7.48,1,61
2026-08-27 03:42:07.751201,3,18.57053,73.78187,8.15,57.98,0.6699999999999999,0.5833333333333334,8.15,1,61
2026-08-27 03:57:07.751201,3,18.55067,73.81483,8.71,51.37,0.5600000000000005,0.6133333333333336,8.71,1,61
2026-08-26 22:12:07.753229,0,19.076,72.8777,5.12,53.64,0.0,0.0,5.12,0,62
2026-08-26 22:27:07.753229,0,19.06157,72.91767,4.94,42.81,-0.17999999999999972,0.0,4.94,0,62
2026-08-26 22:42:07.753229,0,19.04713,72.95763,4.93,47.15,-0.010000000000000675,0.0,4.93,0,62
2026-08-26 22:57:07.753229,0,19.0327,72.9976,5.11,59.46,0.1800000000000006,-0.0033333333333332624,5.11,0,62
2026-08-26 23:12:07.753229,0,19.01827,73.03757,5.12,43.34,0.009999999999999787,0.05999999999999991,5.12,0,62
2026-08-26 23:27:07.753229,0,19.00383,73.07753,5.14,55.23,0.019999999999999574,0.06999999999999999,5.14,0,62
2026-08-26 23:42:07.753229,1,18.9894,73.1175,5.3,59.48,0.16000000000000014,0.06333333333333317,5.3,0,62
2026-08-26 23:57:07.753229,1,18.95783,73.15625,5.42,54.85,0.1200000000000001,0.09999999999999994,5.42,0,62
2026-08-27 00:12:07.753229,1,18.92627,73.195,5.57,45.53,0.15000000000000036,0.14333333333333353,5.57,0,62
2026-08-27 00:27:07.753229,1,18.8947,73.23375,5.65,56.17,0.08000000000000007,0.11666666666666685,5.65,0,62
2026-08-27 00:42:07.753229,1,18.86313,73.2725,5.57,48.91,-0.08000000000000007,0.05000000000000012,5.57,0,62
2026-08-27 00:57:07.753229,1,18.83157,73.31125,5.58,42.48,0.009999999999999787,0.0033333333333332624,5.58,0,62
2026-08-27 01:12:07.753229,2,18.8,73.35,5.54,41.22,-0.040000000000000036,-0.03666666666666677,5.54,0,62
2026-08-27 01:27:07.753229,2,18.775,73.4,5.63,51.36,0.08999999999999986,0.01999999999999987,5.63,0,62
2026-08-27 01:42:07.753229,2,18.75,73.45,5.65,43.23,0.020000000000000462,0.023333333333333428,5.65,0,62
2026-08-27 01:57:07.753229,2,18.725,73.5,5.56,45.84,-0.09000000000000075,0.006666666666666525,5.56,0,62
2026-08-27 02:12:07.753229,2,18.7,73.55,5.49,44.55,-0.0699999999999994,-0.04666666666666656,5.49,0,62
2026-08-27 02:27:07.753229,2,18.675,73.6,5.39,48.39,-0.10000000000000053,-0.08666666666666689,5.39,0,62
2026-08-27 02:42:07.753229,3,18.65,73.65,5.39,58.99,0.0,-0.05666666666666664,5.39,0,62
2026-08-27 02:57:07.753229,3,18.63013,73.68297,5.46,52.15,0.07000000000000028,-0.010000000000000083,5.46,0,62
2026-08-27 03:12:07.753229,3,18.61027,73.71593,5.48,53.24,0.020000000000000462,0.03000000000000025,5.48,0,62
2026-08-27 03:27:07.753229,3,18.5904,73.7489,5.59,49.43,0.10999999999999943,0.06666666666666672,5.59,0,62
2026-08-27 03:42:07.753229,3,18.57053,73.78187,5.76,47.79,0.16999999999999993,0.09999999999999994,5.76,0,62
2026-08-27 03:57:07.753229,3,18.55067,73.81483,5.8,44.43,0.040000000000000036,0.10666666666666647,5.8,0,62
2026-08-26 22:12:07.755939,0,19.076,72.8777,5.08,41.95,0.0,0.0,5.08,0,63
2026-08-26 22:27:07.755939,0,19.06157,72.91767,5.18,54.44,0.09999999999999964,0.0,5.18,0,63
2026-08-26 22:42:07.755939,0,19.04713,72.95763,5.29,50.23,0.11000000000000032,0.0,5.29,0,63
2026-08-26 22:57:07.755939,0,19.0327,72.9976,5.34,48.51,0.04999999999999982,0.0866666666666666,5.34,0,63
2026-08-26 23:12:07.755939,0,19.01827,73.03757,5.4,44.37,0.0600000000000005,0.07333333333333354,5.4,0,63
2026-08-26 23:27:07.755939,0,19.00383,73.07753,5.32,48.67,-0.08000000000000007,0.010000000000000083,5.32,0,63
2026-08-26 23:42:07.755939,1,18.9894,73.1175,5.59,51.45,0.2699999999999996,0.08333333333333333,5.59,0,63
2026-08-26 23:57:07.755939,1,18.95783,73.15625,5.88,41.05,0.29000000000000004,0.15999999999999984,5.88,0,63
2026-08-27 00:12:07.755939,1,18.92627,73.195,6.07,53.04,0.1900000000000004,0.25,6.07,0,63
2026-08-27 00:27:07.755939,1,18.8947,73.23375,6.26,56.66,0.1899999999999995,0.2233333333333333,6.26,0,63
2026-08-27 00:42:07.755939,1,18.86313,73.2725,6.46,41.38,0.20000000000000018,0.19333333333333336,6.46,0,63
2026-08-27 00:57:07.755939,1,18.83157,73.31125,6.75,48.16,0.29000000000000004,0.22666666666666657,6.75,0,63
2026-08-27 01:12:07.755939,2,18.8,73.35,7.03,53.25,0.28000000000000025,0.2566666666666668,7.03,0,63
2026-08-27 01:27:07.755939,2,18.775,73.4,7.26,41.58,0.22999999999999954,0.2666666666666666,7.26,0,63
2026-08-27 01:42:07.755939,2,18.75,73.45,7.48,56.23,0.22000000000000064,0.24333333333333348,7.48,0,63
2026-08-27 01:57:07.755939,2,18.725,73.5,7.73,49.62,0.25,0.2333333333333334,7.73,1,63
2026-08-27 02:12:07.755939,2,18.7,73.55,7.97,46.56,0.23999999999999932,0.23666666666666666,7.97,1,63
2026-08-27 02:27:07.755939,2,18.675,73.6,8.14,49.01,0.17000000000000082,0.22000000000000006,8.14,1,63
2026-08-27 02:42:07.755939,3,18.65,73.65,8.42,59.68,0.27999999999999936,0.22999999999999984,8.42,1,63
2026-08-27 02:57:07.755939,3,18.63013,73.68297,8.7,43.94,0.27999999999999936,0.24333333333333318,8.7,1,63
2026-08-27 03:12:07.755939,3,18.61027,73.71593,8.96,51.45,0.26000000000000156,0.27333333333333343,8.96,1,63
2026-08-27 03:27:07.755939,3,18.5904,73.7489,9.17,52.55,0.20999999999999908,0.25,9.17,1,63
2026-08-27 03:42:07.755939,3,18.57053,73.78187,9.4,48.85,0.23000000000000043,0.2333333333333337,9.4,1,63
2026-08-27 03:57:07.755939,3,18.55067,73.81483,9.7,49.8,0.29999999999999893,0.24666666666666615,9.7,1,63
2026-08-26 22:12:07.758068,0,19.076,72.8777,4.84,40.47,0.0,0.0,4.84,0,64
2026-08-26 22:27:07.758068,0,19.06157,72.91767,4.72,41.47,-0.1200000000000001,0.0,4.72,0,64
2026-08-26 22:42:07.758068,0,19.04713,72.95763,4.85,56.62,0.1299999999999999,0.0,4.85,0,64
2026-08-26 22:57:07.758068,0,19.0327,72.9976,4.72,40.49,-0.1299999999999999,-0.040000000000000036,4.72,0,64
2026-08-26 23:12:07.758068,0,19.01827,73.03757,4.58,56.27,-0.13999999999999968,-0.04666666666666656,4.58,0,64
2026-08-26 23:27:07.758068,0,19.00383,73.07753,4.53,48.86,-0.04999999999999982,-0.10666666666666647,4.53,0,64
2026-08-26 23:42:07.758068,1,18.9894,73.1175,4.44,42.79,-0.08999999999999986,-0.09333333333333312,4.44,0,64
2026-08-26 23:57:07.758068,1,18.95783,73.15625,4.44,59.92,0.0,-0.04666666666666656,4.44,0,64
2026-08-27 00:12:07.758068,1,18.92627,73.195,4.41,54.27,-0.03000000000000025,-0.040000000000000036,4.41,0,64
2026-08-27 00:27:07.758068,1,18.8947,73.23375,4.53,57.34,0.1200000000000001,0.029999999999999954,4.53,0,64
2026-08-27 00:42:07.758068,1,18.86313,73.2725,4.66,54.54,0.1299999999999999,0.07333333333333325,4.66,0,64
2026-08-27 00:57:07.758068,1,18.83157,73.31125,4.84,44.54,0.17999999999999972,0.14333333333333323,4.84,0,64
2026-08-27 01:12:07.758068,2,18.8,73.35,4.79,54.28,-0.04999999999999982,0.0866666666666666,4.79,0,64
2026-08-27 01:27:07.758068,2,18.775,73.4,4.86,57.54,0.07000000000000028,0.06666666666666672,4.86,0,64
2026-08-27 01:42:07.758068,2,18.75,73.45,4.75,40.68,-0.11000000000000032,-0.029999999999999954,4.75,0,64
2026-08-27 01:57:07.758068,2,18.725,73.5,4.93,49.13,0.17999999999999972,0.04666666666666656,4.93,0,64
2026-08-27 02:12:07.758068,2,18.7,73.55,5.1,54.93,0.16999999999999993,0.07999999999999978,5.1,0,64
2026-08-27 02:27:07.758068,2,18.675,73.6,5.01,50.14,-0.08999999999999986,0.0866666666666666,5.01,0,64
2026-08-27 02:42:07.758068,3,18.65,73.65,5.09,45.18,0.08000000000000007,0.05333333333333338,5.09,0,64
2026-08-27 02:57:07.758068,3,18.63013,73.68297,5.03,57.43,-0.05999999999999961,-0.023333333333333133,5.03,0,64
2026-08-27 03:12:07.758068,3,18.61027,73.71593,5.17,46.46,0.13999999999999968,0.05333333333333338,5.17,0,64
2026-08-27 03:27:07.758068,3,18.5904,73.7489,5.35,42.04,0.17999999999999972,0.0866666666666666,5.35,0,64
2026-08-27 03:42:07.758068,3,18.57053,73.78187,5.31,48.26,-0.040000000000000036,0.09333333333333312,5.31,0,64
2026-08-27 03:57:07.758068,3,18.55067,73.81483,5.41,54.4,0.10000000000000053,0.08000000000000007,5.41,0,64
2026-08-26 22:12:07.760095,0,19.076,72.8777,4.91,40.88,0.0,0.0,4.91,0,65
2026-08-26 22:27:07.760095,0,19.06157,72.91767,4.78,49.06,-0.1299999999999999,0.0,4.78,0,65
2026-08-26 22:42:07.760095,0,19.04713,72.95763,4.85,51.45,0.0699999999999994,0.0,4.85,0,65
2026-08-26 22:57:07.760095,0,19.0327,72.9976,4.88,43.93,0.03000000000000025,-0.010000000000000083,4.88,0,65
2026-08-26 23:12:07.760095,0,19.01827,73.03757,4.9,58.19,0.020000000000000462,0.040000000000000036,4.9,0,65
2026-08-26 23:27:07.760095,0,19.00383,73.07753,4.92,40.73,0.019999999999999574,0.023333333333333428,4.92,0,65
2026-08-26 23:42:07.760095,1,18.9894,73.1175,5.59,45.99,0.6699999999999999,0.23666666666666666,5.59,0,65
2026-08-26 23:57:07.760095,1,18.95783,73.15625,6.44,42.52,0.8500000000000005,0.5133333333333333,6.44,0,65
2026-08-27 00:12:07.760095,1,18.92627,73.195,7.22,55.06,0.7799999999999994,0.7666666666666666,7.22,1,65
2026-08-27 00:27:07.760095,1,18.8947,73.23375,7.93,57.86,0.71,0.7799999999999999,7.93,1,65
2026-08-27 00:42:07.760095,1,18.86313,73.2725,8.76,52.27,0.8300000000000001,0.7733333333333331,8.76,1,65
2026-08-27 00:57:07.760095,1,18.83157,73.31125,9.67,51.05,0.9100000000000001,0.8166666666666668,9.67,1,65
2026-08-27 01:12:07.760095,2,18.8,73.35,10.25,59.73,0.5800000000000001,0.7733333333333334,10.25,1,65
2026-08-27 01:27:07.760095,2,18.775,73.4,10.75,46.24,0.5,0.6633333333333334,10.75,1,65
2026-08-27 01:42:07.760095,2,18.75,73.45,11.56,45.88,0.8100000000000005,0.6300000000000002,11.56,1,65
2026-08-27 01:57:07.760095,2,18.725,73.5,12.26,54.9,0.6999999999999993,0.6699999999999999,12.26,1,65
2026-08-27 02:12:07.760095,2,18.7,73.55,13.1,59.18,0.8399999999999999,0.7833333333333332,13.1,1,65
2026-08-27 02:27:07.760095,2,18.675,73.6,13.6,45.66,0.5,0.6799999999999997,13.6,1,65
2026-08-27 02:42:07.760095,3,18.65,73.65,14.2,42.8,0.5999999999999996,0.6466666666666665,14.2,1,65
2026-08-27 02:57:07.760095,3,18.63013,73.68297,14.73,44.31,0.5300000000000011,0.5433333333333336,14.73,1,65
2026-08-27 03:12:07.760095,3,18.61027,73.71593,15.48,43.08,0.75,0.6266666666666669,15.48,1,65
2026-08-27 03:27:07.760095,3,18.5904,73.7489,16.24,54.37,0.759999999999998,0.6799999999999997,16.24,1,65
2026-08-27 03:42:07.760095,3,18.57053,73.78187,16.95,44.39,0.7100000000000009,0.7399999999999997,16.95,1,65
2026-08-27 03:57:07.760095,3,18.55067,73.81483,17.44,45.42,0.490000000000002,0.6533333333333337,17.44,1,65
2026-08-26 22:12:07.762041,0,19.076,72.8777,5.03,49.26,0.0,0.0,5.03,0,66
2026-08-26 22:27:07.762041,0,19.06157,72.91767,5.17,57.9,0.13999999999999968,0.0,5.17,0,66
2026-08-26 22:42:07.762041,0,19.04713,72.95763,5.22,56.56,0.04999999999999982,0.0,5.22,0,66
2026-08-26 22:57:07.762041,0,19.0327,72.9976,5.42,45.71,0.20000000000000018,0.1299999999999999,5.42,0,66
2026-08-26 23:12:07.762041,0,19.01827,73.03757,5.36,54.72,-0.05999999999999961,0.06333333333333346,5.36,0,66
2026-08-26 23:27:07.762041,0,19.00383,73.07753,5.39,46.7,0.02999999999999936,0.05666666666666664,5.39,0,66
2026-08-26 23:42:07.762041,1,18.9894,73.1175,5.26,53.0,-0.1299999999999999,-0.05333333333333338,5.26,0,66
2026-08-26 23:57:07.762041,1,18.95783,73.15625,5.22,41.19,-0.040000000000000036,-0.046666666666666856,5.22,0,66
2026-08-27 00:12:07.762041,1,18.92627,73.195,5.2,52.48,-0.019999999999999574,-0.06333333333333317,5.2,0,66
2026-08-27 00:27:07.762041,1,18.8947,73.23375,5.18,55.86,-0.020000000000000462,-0.02666666666666669,5.18,0,66
2026-08-27 00:42:07.762041,1,18.86313,73.2725,5.2,59.07,0.020000000000000462,-0.006666666666666525,5.2,0,66
2026-08-27 00:57:07.762041,1,18.83157,73.31125,5.25,57.79,0.04999999999999982,0.016666666666666607,5.25,0,66
2026-08-27 01:12:07.762041,2,18.8,73.35,5.43,55.0,0.17999999999999972,0.08333333333333333,5.43,0,66
2026-08-27 01:27:07.762041,2,18.775,73.4,5.51,50.19,0.08000000000000007,0.10333333333333321,5.51,0,66
2026-08-27 01:42:07.762041,2,18.75,73.45,5.45,50.41,-0.05999999999999961,0.06666666666666672,5.45,0,66
2026-08-27 01:57:07.762041,2,18.725,73.5,5.63,42.01,0.17999999999999972,0.06666666666666672,5.63,0,66
2026-08-27 02:12:07.762041,2,18.7,73.55,5.58,40.64,-0.04999999999999982,0.023333333333333428,5.58,0,66
2026-08-27 02:27:07.762041,2,18.675,73.6,5.45,56.83,-0.1299999999999999,0.0,5.45,0,66
2026-08-27 02:42:07.762041,3,18.65,73.65,5.63,58.05,0.17999999999999972,0.0,5.63,0,66
2026-08-27 02:57:07.762041,3,18.63013,73.68297,5.78,42.76,0.15000000000000036,0.06666666666666672,5.78,0,66
2026-08-27 03:12:07.762041,3,18.61027,73.71593,5.94,54.87,0.16000000000000014,0.1633333333333334,5.94,0,66
2026-08-27 03:27:07.762041,3,18.5904,73.7489,5.95,41.28,0.009999999999999787,0.10666666666666676,5.95,0,66
2026-08-27 03:42:07.762041,3,18.57053,73.78187,5.81,43.05,-0.14000000000000057,0.009999999999999787,5.81,0,66
2026-08-27 03:57:07.762041,3,18.55067,73.81483,5.86,50.04,0.05000000000000071,-0.02666666666666669,5.86,0,66
2026-08-26 22:12:07.764088,0,19.076,72.8777,4.98,47.74,0.0,0.0,4.98,0,67
2026-08-26 22:27:07.764088,0,19.06157,72.91767,4.98,53.82,0.0,0.0,4.98,0,67
2026-08-26 22:42:07.764088,0,19.04713,72.95763,4.86,46.47,-0.1200000000000001,0.0,4.86,0,67
2026-08-26 22:57:07.764088,0,19.0327,72.9976,4.96,55.48,0.09999999999999964,-0.006666666666666821,4.96,0,67
2026-08-26 23:12:07.764088,0,19.01827,73.03757,5.14,49.16,0.17999999999999972,0.05333333333333309,5.14,0,67
2026-08-26 23:27:07.764088,0,19.00383,73.07753,5.08,56.74,-0.05999999999999961,0.07333333333333325,5.08,0,67
2026-08-26 23:42:07.764088,1,18.9894,73.1175,4.94,42.88,-0.13999999999999968,-0.006666666666666525,4.94,0,67
2026-08-26 23:57:07.764088,1,18.95783,73.15625,4.76,54.5,-0.1800000000000006,-0.12666666666666662,4.76,0,67
2026-08-27 00:12:07.764088,1,18.92627,73.195,4.8,42.34,0.040000000000000036,-0.09333333333333342,4.8,0,67
2026-08-27 00:27:07.764088,1,18.8947,73.23375,4.6,53.8,-0.20000000000000018,-0.11333333333333358,4.6,0,67
2026-08-27 00:42:07.764088,1,18.86313,73.2725,4.7,57.42,0.10000000000000053,-0.01999999999999987,4.7,0,67
2026-08-27 00:57:07.764088,1,18.83157,73.31125,4.54,53.86,-0.16000000000000014,-0.0866666666666666,4.54,0,67
2026-08-27 01:12:07.764088,2,18.8,73.35,4.6,40.71,0.05999999999999961,0.0,4.6,0,67
2026-08-27 01:27:07.764088,2,18.775,73.4,4.52,58.28,-0.08000000000000007,-0.0600000000000002,4.52,0,67
2026-08-27 01:42:07.764088,2,18.75,73.45,4.44,50.44,-0.07999999999999918,-0.033333333333333215,4.44,0,67
2026-08-27 01:57:07.764088,2,18.725,73.5,4.37,54.16,-0.07000000000000028,-0.07666666666666651,4.37,0,67
2026-08-27 02:12:07.764088,2,18.7,73.55,4.24,53.59,-0.1299999999999999,-0.09333333333333312,4.24,0,67
2026-08-27 02:27:07.764088,2,18.675,73.6,4.07,40.36,-0.16999999999999993,-0.12333333333333336,4.07,0,67
2026-08-27 02:42:07.764088,3,18.65,73.65,4.16,55.73,0.08999999999999986,-0.06999999999999999,4.16,0,67
2026-08-27 02:57:07.764088,3,18.63013,73.68297,4.11,55.89,-0.04999999999999982,-0.0433333333333333,4.11,0,67
2026-08-27 03:12:07.764088,3,18.61027,73.71593,4.12,54.0,0.009999999999999787,0.016666666666666607,4.12,0,67
2026-08-27 03:27:07.764088,3,18.5904,73.7489,4.27,59.72,0.14999999999999947,0.03666666666666648,4.27,0,67
2026-08-27 03:42:07.764088,3,18.57053,73.78187,4.35,45.54,0.08000000000000007,0.07999999999999978,4.35,0,67
2026-08-27 03:57:07.764088,3,18.55067,73.81483,4.24,53.56,-0.10999999999999943,0.040000000000000036,4.24,0,67
2026-08-26 22:12:07.766201,0,19.076,72.8777,5.42,43.1,0.0,0.0,5.42,0,68
2026-08-26 22:27:07.766201,0,19.06157,72.91767,6.12,50.57,0.7000000000000002,0.0,6.12,0,68
2026-08-26 22:42:07.766201,0,19.04713,72.95763,6.53,46.51,0.41000000000000014,0.0,6.53,0,68
2026-08-26 22:57:07.766201,0,19.0327,72.9976,6.93,55.07,0.39999999999999947,0.5033333333333333,6.93,0,68
2026-08-26 23:12:07.766201,0,19.01827,73.03757,7.31,44.71,0.3799999999999999,0.3966666666666665,7.31,1,68
2026-08-26 23:27:07.766201,0,19.00383,73.07753,7.96,41.58,0.6500000000000004,0.47666666666666657,7.96,1,68
2026-08-26 23:42:07.766201,1,18.9894,73.1175,8.41,47.72,0.4500000000000002,0.49333333333333346,8.41,1,68
2026-08-26 23:57:07.766201,1,18.95783,73.15625,8.96,41.76,0.5500000000000007,0.5500000000000004,8.96,1,68
2026-08-27 00:12:07.766201,1,18.92627,73.195,9.33,52.71,0.3699999999999992,0.4566666666666667,9.33,1,68
2026-08-27 00:27:07.766201,1,18.8947,73.23375,9.7,53.02,0.3699999999999992,0.4299999999999997,9.7,1,68
2026-08-27 00:42:07.766201,1,18.86313,73.2725,10.22,40.65,0.5200000000000014,0.41999999999999993,10.22,1,68
2026-08-27 00:57:07.766201,1,18.83157,73.31125,10.66,54.57,0.4399999999999995,0.44333333333333336,10.66,1,68
2026-08-27 01:12:07.766201,2,18.8,73.35,11.31,49.58,0.6500000000000004,0.5366666666666671,11.31,1,68
2026-08-27 01:27:07.766201,2,18.775,73.4,11.79,46.34,0.47999999999999865,0.5233333333333329,11.79,1,68
2026-08-27 01:42:07.766201,2,18.75,73.45,12.19,44.7,0.40000000000000036,0.5099999999999998,12.19,1,68
2026-08-27 01:57:07.766201,2,18.725,73.5,12.77,51.62,0.5800000000000001,0.48666666666666636,12.77,1,68
2026-08-27 02:12:07.766201,2,18.7,73.55,13.25,56.98,0.4800000000000004,0.48666666666666697,13.25,1,68
2026-08-27 02:27:07.766201,2,18.675,73.6,13.86,53.66,0.6099999999999994,0.5566666666666666,13.86,1,68
2026-08-27 02:42:07.766201,3,18.65,73.65,14.39,45.54,0.5300000000000011,0.5400000000000004,14.39,1,68
2026-08-27 02:57:07.766201,3,18.63013,73.68297,14.96,45.03,0.5700000000000003,0.5700000000000003,14.96,1,68
2026-08-27 03:12:07.766201,3,18.61027,73.71593,15.53,44.27,0.5699999999999985,0.5566666666666666,15.53,1,68
2026-08-27 03:27:07.766201,3,18.5904,73.7489,16.0,49.64,0.47000000000000064,0.5366666666666665,16.0,1,68
2026-08-27 03:42:07.766201,3,18.57053,73.78187,16.4,59.3,0.3999999999999986,0.47999999999999926,16.4,1,68
2026-08-27 03:57:07.766201,3,18.55067,73.81483,16.86,48.43,0.46000000000000085,0.44333333333333336,16.86,1,68
2026-08-26 22:12:07.769246,0,19.076,72.8777,5.14,41.6,0.0,0.0,5.14,0,69
2026-08-26 22:27:07.769246,0,19.06157,72.91767,4.95,46.49,-0.1899999999999995,0.0,4.95,0,69
2026-08-26 22:42:07.769246,0,19.04713,72.95763,5.05,55.27,0.09999999999999964,0.0,5.05,0,69
2026-08-26 22:57:07.769246,0,19.0327,72.9976,4.87,44.21,-0.17999999999999972,-0.08999999999999986,4.87,0,69
2026-08-26 23:12:07.769246,0,19.01827,73.03757,4.96,45.16,0.08999999999999986,0.0033333333333332624,4.96,0,69
2026-08-26 23:27:07.769246,0,19.00383,73.07753,5.16,59.72,0.20000000000000018,0.03666666666666677,5.16,0,69
2026-08-26 23:42:07.769246,1,18.9894,73.1175,5.06,49.62,-0.10000000000000053,0.06333333333333317,5.06,0,69
2026-08-26 23:57:07.769246,1,18.95783,73.15625,5.05,41.85,-0.009999999999999787,0.029999999999999954,5.05,0,69
2026-08-27 00:12:07.769246,1,18.92627,73.195,5.18,47.68,0.1299999999999999,0.006666666666666525,5.18,0,69
2026-08-27 00:27:07.769246,1,18.8947,73.23375,5.16,51.4,-0.019999999999999574,0.03333333333333351,5.16,0,69
2026-08-27 00:42:07.769246,1,18.86313,73.2725,5.14,44.24,-0.020000000000000462,0.029999999999999954,5.14,0,69
2026-08-27 00:57:07.769246,1,18.83157,73.31125,5.0,44.85,-0.13999999999999968,-0.05999999999999991,5.0,0,69
2026-08-27 01:12:07.769246,2,18.8,73.35,5.1,52.89,0.09999999999999964,-0.020000000000000167,5.1,0,69
2026-08-27 01:27:07.769246,2,18.775,73.4,5.11,57.87,0.010000000000000675,-0.009999999999999787,5.11,0,69
2026-08-27 01:42:07.769246,2,18.75,73.45,5.03,50.1,-0.08000000000000007,0.010000000000000083,5.03,0,69
2026-08-27 01:57:07.769246,2,18.725,73.5,4.99,49.49,-0.040000000000000036,-0.03666666666666648,4.99,0,69
2026-08-27 02:12:07.769246,2,18.7,73.55,4.92,43.35,-0.07000000000000028,-0.06333333333333346,4.92,0,69
2026-08-27 02:27:07.769246,2,18.675,73.6,5.1,47.51,0.17999999999999972,0.023333333333333133,5.1,0,69
2026-08-27 02:42:07.769246,3,18.65,73.65,5.82,46.72,0.7200000000000006,0.27666666666666667,5.82,0,69
2026-08-27 02:57:07.769246,3,18.63013,73.68297,6.41,54.28,0.5899999999999999,0.49666666666666676,6.41,0,69
2026-08-27 03:12:07.769246,3,18.61027,73.71593,7.36,45.21,0.9500000000000002,0.7533333333333335,7.36,1,69
2026-08-27 03:27:07.769246,3,18.5904,73.7489,7.86,57.43,0.5,0.68,7.86,1,69
2026-08-27 03:42:07.769246,3,18.57053,73.78187,8.82,56.72,0.96,0.8033333333333333,8.82,1,69
2026-08-27 03:57:07.769246,3,18.55067,73.81483,9.63,47.61,0.8100000000000005,0.7566666666666668,9.63,1,69
2026-08-26 22:12:07.771371,0,19.076,72.8777,5.01,42.18,0.0,0.0,5.01,0,70
2026-08-26 22:27:07.771371,0,19.06157,72.91767,5.16,46.07,0.15000000000000036,0.0,5.16,0,70
2026-08-26 22:42:07.771371,0,19.04713,72.95763,5.09,48.96,-0.07000000000000028,0.0,5.09,0,70
2026-08-26 22:57:07.771371,0,19.0327,72.9976,5.03,55.82,-0.05999999999999961,0.006666666666666821,5.03,0,70
2026-08-26 23:12:07.771371,0,19.01827,73.03757,5.15,42.92,0.1200000000000001,-0.0033333333333332624,5.15,0,70
2026-08-26 23:27:07.771371,0,19.00383,73.07753,5.24,44.06,0.08999999999999986,0.05000000000000012,5.24,0,70
2026-08-26 23:42:07.771371,1,18.9894,73.1175,5.33,56.52,0.08999999999999986,0.09999999999999994,5.33,0,70
2026-08-26 23:57:07.771371,1,18.95783,73.15625,5.32,50.84,-0.009999999999999787,0.05666666666666664,5.32,0,70
2026-08-27 00:12:07.771371,1,18.92627,73.195,5.46,42.67,0.13999999999999968,0.07333333333333325,5.46,0,70
2026-08-27 00:27:07.771371,1,18.8947,73.23375,5.27,46.75,-0.1900000000000004,-0.020000000000000167,5.27,0,70
2026-08-27 00:42:07.771371,1,18.86313,73.2725,5.08,54.4,-0.1899999999999995,-0.08000000000000007,5.08,0,70
2026-08-27 00:57:07.771371,1,18.83157,73.31125,5.27,48.52,0.1899999999999995,-0.06333333333333346,5.27,0,70
2026-08-27 01:12:07.771371,2,18.8,73.35,5.12,56.46,-0.14999999999999947,-0.04999999999999982,5.12,0,70
2026-08-27 01:27:07.771371,2,18.775,73.4,5.05,43.86,-0.07000000000000028,-0.010000000000000083,5.05,0,70
2026-08-27 01:42:07.771371,2,18.75,73.45,4.88,58.01,-0.16999999999999993,-0.1299999999999999,4.88,0,70
2026-08-27 01:57:07.771371,2,18.725,73.5,4.82,51.77,-0.05999999999999961,-0.09999999999999994,4.82,0,70
2026-08-27 02:12:07.771371,2,18.7,73.55,4.88,58.17,0.05999999999999961,-0.05666666666666664,4.88,0,70
2026-08-27 02:27:07.771371,2,18.675,73.6,4.73,48.99,-0.14999999999999947,-0.04999999999999982,4.73,0,70
2026-08-27 02:42:07.771371,3,18.65,73.65,4.89,47.9,0.15999999999999925,0.023333333333333133,4.89,0,70
2026-08-27 02:57:07.771371,3,18.63013,73.68297,4.81,56.76,-0.08000000000000007,-0.023333333333333428,4.81,0,70
2026-08-27 03:12:07.771371,3,18.61027,73.71593,4.86,54.09,0.05000000000000071,0.0433333333333333,4.86,0,70
2026-08-27 03:27:07.771371,3,18.5904,73.7489,4.67,46.03,-0.1900000000000004,-0.07333333333333325,4.67,0,70
2026-08-27 03:42:07.771371,3,18.57053,73.78187,4.86,59.28,0.1900000000000004,0.016666666666666902,4.86,0,70
2026-08-27 03:57:07.771371,3,18.55067,73.81483,4.74,58.41,-0.1200000000000001,-0.040000000000000036,4.74,0,70
2026-08-26 22:12:07.773466,0,19.076,72.8777,4.91,41.75,0.0,0.0,4.91,0,71
2026-08-26 22:27:07.773466,0,19.06157,72.91767,4.97,52.09,0.05999999999999961,0.0,4.97,0,71
2026-08-26 22:42:07.773466,0,19.04713,72.95763,4.81,41.51,-0.16000000000000014,0.0,4.81,0,71
2026-08-26 22:57:07.773466,0,19.0327,72.9976,4.89,51.55,0.08000000000000007,-0.006666666666666821,4.89,0,71
2026-08-26 23:12:07.773466,0,19.01827,73.03757,4.74,47.63,-0.14999999999999947,-0.07666666666666651,4.74,0,71
2026-08-26 23:27:07.773466,0,19.00383,73.07753,4.65,43.16,-0.08999999999999986,-0.05333333333333309,4.65,0,71
2026-08-26 23:42:07.773466,1,18.9894,73.1175,4.61,57.19,-0.040000000000000036,-0.09333333333333312,4.61,0,71
2026-08-26 23:57:07.773466,1,18.95783,73.15625,4.76,47.74,0.14999999999999947,0.006666666666666525,4.76,0,71
2026-08-27 00:12:07.773466,1,18.92627,73.195,4.65,44.66,-0.10999999999999943,0.0,4.65,0,71
2026-08-27 00:27:07.773466,1,18.8947,73.23375,4.74,40.94,0.08999999999999986,0.0433333333333333,4.74,0,71
2026-08-27 00:42:07.773466,1,18.86313,73.2725,4.75,54.92,0.009999999999999787,-0.0033333333333332624,4.75,0,71
2026-08-27 00:57:07.773466,1,18.83157,73.31125,4.74,59.99,-0.009999999999999787,0.029999999999999954,4.74,0,71
2026-08-27 01:12:07.773466,2,18.8,73.35,4.97,41.78,0.22999999999999954,0.07666666666666651,4.97,0,71
2026-08-27 01:27:07.773466,2,18.775,73.4,5.18,56.61,0.20999999999999996,0.14333333333333323,5.18,0,71
2026-08-27 01:42:07.773466,2,18.75,73.45,5.42,56.61,0.2400000000000002,0.22666666666666657,5.42,0,71
2026-08-27 01:57:07.773466,2,18.725,73.5,5.6,47.36,0.17999999999999972,0.20999999999999996,5.6,0,71
2026-08-27 02:12:07.773466,2,18.7,73.55,5.82,52.01,0.22000000000000064,0.2133333333333335,5.82,0,71
2026-08-27 02:27:07.773466,2,18.675,73.6,6.01,53.73,0.1899999999999995,0.19666666666666663,6.01,0,71
2026-08-27 02:42:07.773466,3,18.65,73.65,6.2,49.29,0.1900000000000004,0.20000000000000018,6.2,0,71
2026-08-27 02:57:07.773466,3,18.63013,73.68297,6.42,55.69,0.21999999999999975,0.19999999999999987,6.42,0,71
2026-08-27 03:12:07.773466,3,18.61027,73.71593,6.64,55.54,0.21999999999999975,0.20999999999999996,6.64,0,71
2026-08-27 03:27:07.773466,3,18.5904,73.7489,6.85,58.73,0.20999999999999996,0.21666666666666648,6.85,0,71
2026-08-27 03:42:07.773466,3,18.57053,73.78187,7.13,42.89,0.28000000000000025,0.23666666666666666,7.13,0,71
2026-08-27 03:57:07.773466,3,18.55067,73.81483,7.28,44.47,0.15000000000000036,0.2133333333333335,7.28,0,71
2026-08-26 22:12:07.775443,0,19.076,72.8777,5.14,46.49,0.0,0.0,5.14,0,72
2026-08-26 22:27:07.775443,0,19.06157,72.91767,5.19,53.84,0.05000000000000071,0.0,5.19,0,72
2026-08-26 22:42:07.775443,0,19.04713,72.95763,5.17,57.57,-0.020000000000000462,0.0,5.17,0,72
2026-08-26 22:57:07.775443,0,19.0327,72.9976,5.0,46.65,-0.16999999999999993,-0.04666666666666656,5.0,0,72
2026-08-26 23:12:07.775443,0,19.01827,73.03757,5.1,40.88,0.09999999999999964,-0.03000000000000025,5.1,0,72
2026-08-26 23:27:07.775443,0,19.00383,73.07753,5.24,52.21,0.14000000000000057,0.023333333333333428,5.24,0,72
2026-08-26 23:42:07.775443,1,18.9894,73.1175,5.24,42.42,0.0,0.08000000000000007,5.24,0,72
2026-08-26 23:57:07.775443,1,18.95783,73.15625,5.12,55.76,-0.1200000000000001,0.006666666666666821,5.12,0,72
2026-08-27 00:12:07.775443,1,18.92627,73.195,5.06,42.13,-0.0600000000000005,-0.0600000000000002,5.06,0,72
2026-08-27 00:27:07.775443,1,18.8947,73.23375,5.14,56.68,0.08000000000000007,-0.03333333333333351,5.14,0,72
2026-08-27 00:42:07.775443,1,18.86313,73.2725,5.04,58.25,-0.09999999999999964,-0.02666666666666669,5.04,0,72
2026-08-27 00:57:07.775443,1,18.83157,73.31125,4.88,46.14,-0.16000000000000014,-0.05999999999999991,4.88,0,72
2026-08-27 01:12:07.775443,2,18.8,73.35,4.83,52.92,-0.04999999999999982,-0.10333333333333321,4.83,0,72
2026-08-27 01:27:07.775443,2,18.775,73.4,4.78,41.2,-0.04999999999999982,-0.0866666666666666,4.78,0,72
2026-08-27 01:42:07.775443,2,18.75,73.45,4.8,52.78,0.019999999999999574,-0.02666666666666669,4.8,0,72
2026-08-27 01:57:07.775443,2,18.725,73.5,4.82,49.19,0.020000000000000462,-0.0033333333333332624,4.82,0,72
2026-08-27 02:12:07.775443,2,18.7,73.55,4.85,53.71,0.02999999999999936,0.023333333333333133,4.85,0,72
2026-08-27 02:27:07.775443,2,18.675,73.6,4.7,54.43,-0.14999999999999947,-0.033333333333333215,4.7,0,72
2026-08-27 02:42:07.775443,3,18.65,73.65,4.66,45.68,-0.040000000000000036,-0.05333333333333338,4.66,0,72
2026-08-27 02:57:07.775443,3,18.63013,73.68297,4.8,52.37,0.13999999999999968,-0.016666666666666607,4.8,0,72
2026-08-27 03:12:07.775443,3,18.61027,73.71593,4.73,41.67,-0.0699999999999994,0.010000000000000083,4.73,0,72
2026-08-27 03:27:07.775443,3,18.5904,73.7489,4.91,40.05,0.17999999999999972,0.08333333333333333,4.91,0,72
2026-08-27 03:42:07.775443,3,18.57053,73.78187,5.1,49.78,0.1899999999999995,0.09999999999999994,5.1,0,72
2026-08-27 03:57:07.775443,3,18.55067,73.81483,4.99,46.26,-0.10999999999999943,0.0866666666666666,4.99,0,72
2026-08-26 22:12:07.777423,0,19.076,72.8777,4.82,48.8,0.0,0.0,4.82,0,73
2026-08-26 22:27:07.777423,0,19.06157,72.91767,4.66,42.3,-0.16000000000000014,0.0,4.66,0,73
2026-08-26 22:42:07.777423,0,19.04713,72.95763,4.58,51.89,-0.08000000000000007,0.0,4.58,0,73
2026-08-26 22:57:07.777423,0,19.0327,72.9976,4.56,50.14,-0.020000000000000462,-0.08666666666666689,4.56,0,73
2026-08-26 23:12:07.777423,0,19.01827,73.03757,4.71,43.39,0.15000000000000036,0.016666666666666607,4.71,0,73
2026-08-26 23:27:07.777423,0,19.00383,73.07753,4.68,57.92,-0.03000000000000025,0.033333333333333215,4.68,0,73
2026-08-26 23:42:07.777423,1,18.9894,73.1175,4.7,55.14,0.020000000000000462,0.046666666666666856,4.7,0,73
2026-08-26 23:57:07.777423,1,18.95783,73.15625,4.55,46.73,-0.15000000000000036,-0.05333333333333338,4.55,0,73
2026-08-27 00:12:07.777423,1,18.92627,73.195,4.7,58.54,0.15000000000000036,0.006666666666666821,4.7,0,73
2026-08-27 00:27:07.777423,1,18.8947,73.23375,4.76,58.43,0.05999999999999961,0.01999999999999987,4.76,0,73
2026-08-27 00:42:07.777423,1,18.86313,73.2725,4.56,57.54,-0.20000000000000018,0.0033333333333332624,4.56,0,73
2026-08-27 00:57:07.777423,1,18.83157,73.31125,4.43,54.62,-0.1299999999999999,-0.09000000000000015,4.43,0,73
2026-08-27 01:12:07.777423,2,18.8,73.35,4.56,47.15,0.1299999999999999,-0.06666666666666672,4.56,0,73
2026-08-27 01:27:07.777423,2,18.775,73.4,4.53,53.78,-0.02999999999999936,-0.009999999999999787,4.53,0,73
2026-08-27 01:42:07.777423,2,18.75,73.45,4.7,53.9,0.16999999999999993,0.09000000000000015,4.7,0,73
2026-08-27 01:57:07.777423,2,18.725,73.5,4.66,42.31,-0.040000000000000036,0.03333333333333351,4.66,0,73
2026-08-27 02:12:07.777423,2,18.7,73.55,4.71,47.98,0.04999999999999982,0.05999999999999991,4.71,0,73
2026-08-27 02:27:07.777423,2,18.675,73.6,4.56,48.88,-0.15000000000000036,-0.046666666666666856,4.56,0,73
2026-08-27 02:42:07.777423,3,18.65,73.65,5.08,44.69,0.5200000000000005,0.13999999999999999,5.08,0,73
2026-08-27 02:57:07.777423,3,18.63013,73.68297,5.47,52.04,0.3899999999999997,0.25333333333333324,5.47,0,73
2026-08-27 03:12:07.777423,3,18.61027,73.71593,5.89,40.16,0.41999999999999993,0.44333333333333336,5.89,0,73
2026-08-27 03:27:07.777423,3,18.5904,73.7489,6.38,54.54,0.4900000000000002,0.4333333333333333,6.38,0,73
2026-08-27 03:42:07.777423,3,18.57053,73.78187,6.85,41.81,0.46999999999999975,0.45999999999999996,6.85,0,73
2026-08-27 03:57:07.777423,3,18.55067,73.81483,7.34,46.73,0.4900000000000002,0.4833333333333334,7.34,0,73
2026-08-26 22:12:07.779408,0,19.076,72.8777,4.95,52.77,0.0,0.0,4.95,0,74
2026-08-26 22:27:07.779408,0,19.06157,72.91767,4.76,46.64,-0.1900000000000004,0.0,4.76,0,74
2026-08-26 22:42:07.779408,0,19.04713,72.95763,4.58,40.13,-0.17999999999999972,0.0,4.58,0,74
2026-08-26 22:57:07.779408,0,19.0327,72.9976,4.67,50.46,0.08999999999999986,-0.09333333333333342,4.67,0,74
2026-08-26 23:12:07.779408,0,19.01827,73.03757,4.77,58.85,0.09999999999999964,0.0033333333333332624,4.77,0,74
2026-08-26 23:27:07.779408,0,19.00383,73.07753,4.88,53.19,0.11000000000000032,0.09999999999999994,4.88,0,74
2026-08-26 23:42:07.779408,1,18.9894,73.1175,4.71,58.39,-0.16999999999999993,0.013333333333333345,4.71,0,74
2026-08-26 23:57:07.779408,1,18.95783,73.15625,4.77,44.59,0.05999999999999961,0.0,4.77,0,74
2026-08-27 00:12:07.779408,1,18.92627,73.195,4.57,42.96,-0.1999999999999993,-0.10333333333333321,4.57,0,74
2026-08-27 00:27:07.779408,1,18.8947,73.23375,4.47,43.69,-0.10000000000000053,-0.08000000000000007,4.47,0,74
2026-08-27 00:42:07.779408,1,18.86313,73.2725,4.42,42.76,-0.04999999999999982,-0.11666666666666654,4.42,0,74
2026-08-27 00:57:07.779408,1,18.83157,73.31125,4.26,56.32,-0.16000000000000014,-0.1033333333333335,4.26,0,74
2026-08-27 01:12:07.779408,2,18.8,73.35,4.18,52.94,-0.08000000000000007,-0.09666666666666668,4.18,0,74
2026-08-27 01:27:07.779408,2,18.775,73.4,4.04,45.45,-0.13999999999999968,-0.12666666666666662,4.04,0,74
2026-08-27 01:42:07.779408,2,18.75,73.45,4.19,58.32,0.15000000000000036,-0.023333333333333133,4.19,0,74
2026-08-27 01:57:07.779408,2,18.725,73.5,4.25,40.22,0.05999999999999961,0.023333333333333428,4.25,0,74
2026-08-27 02:12:07.779408,2,18.7,73.55,4.24,57.81,-0.009999999999999787,0.06666666666666672,4.24,0,74
2026-08-27 02:27:07.779408,2,18.675,73.6,4.29,48.95,0.04999999999999982,0.033333333333333215,4.29,0,74
2026-08-27 02:42:07.779408,3,18.65,73.65,4.84,50.58,0.5499999999999998,0.19666666666666663,4.84,0,74
2026-08-27 02:57:07.779408,3,18.63013,73.68297,5.24,56.06,0.40000000000000036,0.3333333333333333,5.24,0,74
2026-08-27 03:12:07.779408,3,18.61027,73.71593,5.71,40.46,0.46999999999999975,0.47333333333333333,5.71,0,74
2026-08-27 03:27:07.779408,3,18.5904,73.7489,6.14,45.67,0.4299999999999997,0.4333333333333333,6.14,0,74
2026-08-27 03:42:07.779408,3,18.57053,73.78187,6.67,41.04,0.5300000000000002,0.47666666666666657,6.67,0,74
2026-08-27 03:57:07.779408,3,18.55067,73.81483,7.1,43.18,0.4299999999999997,0.4633333333333332,7.1,0,74
2026-08-26 22:12:07.781445,0,19.076,72.8777,5.99,54.94,0.0,0.0,5.99,0,75
2026-08-26 22:27:07.781445,0,19.06157,72.91767,6.81,52.19,0.8199999999999994,0.0,6.81,1,75
2026-08-26 22:42:07.781445,0,19.04713,72.95763,7.75,59.75,0.9400000000000004,0.0,7.75,1,75
2026-08-26 22:57:07.781445,0,19.0327,72.9976,8.64,53.06,0.8900000000000006,0.8833333333333334,8.64,1,75
2026-08-26 23:12:07.781445,0,19.01827,73.03757,9.83,42.5,1.1899999999999995,1.0066666666666668,9.83,1,75
2026-08-26 23:27:07.781445,0,19.00383,73.07753,11.29,57.95,1.459999999999999,1.1799999999999997,11.29,1,75
2026-08-26 23:42:07.781445,1,18.9894,73.1175,12.33,56.45,1.040000000000001,1.2299999999999998,12.33,1,75
2026-08-26 23:57:07.781445,1,18.95783,73.15625,13.29,40.87,0.9599999999999991,1.153333333333333,13.29,1,75
2026-08-27 00:12:07.781445,1,18.92627,73.195,14.33,55.28,1.040000000000001,1.0133333333333336,14.33,1,75
2026-08-27 00:27:07.781445,1,18.8947,73.23375,15.16,45.08,0.8300000000000001,0.9433333333333334,15.16,1,75
2026-08-27 00:42:07.781445,1,18.86313,73.2725,16.47,53.0,1.3099999999999987,1.0599999999999998,16.47,1,75
2026-08-27 00:57:07.781445,1,18.83157,73.31125,17.93,47.29,1.4600000000000009,1.2,17.93,1,75
2026-08-27 01:12:07.781445,2,18.8,73.35,18.91,44.63,0.9800000000000004,1.25,18.91,1,75
2026-08-27 01:27:07.781445,2,18.775,73.4,20.24,51.37,1.3299999999999983,1.2566666666666666,20.24,1,75
2026-08-27 01:42:07.781445,2,18.75,73.45,21.4,46.88,1.1600000000000001,1.1566666666666663,21.4,1,75
2026-08-27 01:57:07.781445,2,18.725,73.5,22.79,57.14,1.3900000000000006,1.293333333333333,22.79,1,75
2026-08-27 02:12:07.781445,2,18.7,73.55,23.61,45.77,0.8200000000000003,1.1233333333333337,23.61,1,75
2026-08-27 02:27:07.781445,2,18.675,73.6,24.65,44.75,1.0399999999999991,1.0833333333333333,24.65,1,75
2026-08-27 02:42:07.781445,3,18.65,73.65,26.07,59.98,1.4200000000000017,1.0933333333333337,26.07,1,75
2026-08-27 02:57:07.781445,3,18.63013,73.68297,27.04,45.31,0.9699999999999989,1.1433333333333333,27.04,1,75
2026-08-27 03:12:07.781445,3,18.61027,73.71593,27.79,58.49,0.75,1.0466666666666669,27.79,1,75
2026-08-27 03:27:07.781445,3,18.5904,73.7489,28.59,57.15,0.8000000000000007,0.8399999999999999,28.59,1,75
2026-08-27 03:42:07.781445,3,18.57053,73.78187,29.71,54.16,1.120000000000001,0.8900000000000006,29.71,1,75
2026-08-27 03:57:07.781445,3,18.55067,73.81483,30.59,44.15,0.879999999999999,0.9333333333333336,30.59,1,75
2026-08-26 22:12:07.783319,0,19.076,72.8777,4.98,54.06,0.0,0.0,4.98,0,76
2026-08-26 22:27:07.783319,0,19.06157,72.91767,4.92,44.78,-0.0600000000000005,0.0,4.92,0,76
2026-08-26 22:42:07.783319,0,19.04713,72.95763,4.79,46.54,-0.1299999999999999,0.0,4.79,0,76
2026-08-26 22:57:07.783319,0,19.0327,72.9976,4.97,42.28,0.17999999999999972,-0.003333333333333558,4.97,0,76
2026-08-26 23:12:07.783319,0,19.01827,73.03757,5.14,53.52,0.16999999999999993,0.07333333333333325,5.14,0,76
2026-08-26 23:27:07.783319,0,19.00383,73.07753,5.26,44.03,0.1200000000000001,0.1566666666666666,5.26,0,76
2026-08-26 23:42:07.783319,1,18.9894,73.1175,5.07,53.26,-0.1899999999999995,0.03333333333333351,5.07,0,76
2026-08-26 23:57:07.783319,1,18.95783,73.15625,5.26,47.02,0.1899999999999995,0.040000000000000036,5.26,0,76
2026-08-27 00:12:07.783319,1,18.92627,73.195,5.34,47.18,0.08000000000000007,0.02666666666666669,5.34,0,76
2026-08-27 00:27:07.783319,1,18.8947,73.23375,5.5,53.89,0.16000000000000014,0.14333333333333323,5.5,0,76
2026-08-27 00:42:07.783319,1,18.86313,73.2725,5.56,52.67,0.05999999999999961,0.09999999999999994,5.56,0,76
2026-08-27 00:57:07.783319,1,18.83157,73.31125,5.44,55.63,-0.11999999999999922,0.03333333333333351,5.44,0,76
2026-08-27 01:12:07.783319,2,18.8,73.35,5.49,47.37,0.04999999999999982,-0.0033333333333332624,5.49,0,76
2026-08-27 01:27:07.783319,2,18.775,73.4,5.3,43.59,-0.1900000000000004,-0.0866666666666666,5.3,0,76
2026-08-27 01:42:07.783319,2,18.75,73.45,5.2,51.46,-0.09999999999999964,-0.08000000000000007,5.2,0,76
2026-08-27 01:57:07.783319,2,18.725,73.5,5.35,47.74,0.14999999999999947,-0.046666666666666856,5.35,0,76
2026-08-27 02:12:07.783319,2,18.7,73.55,5.49,51.22,0.14000000000000057,0.06333333333333346,5.49,0,76
2026-08-27 02:27:07.783319,2,18.675,73.6,5.45,54.49,-0.040000000000000036,0.08333333333333333,5.45,0,76
2026-08-27 02:42:07.783319,3,18.65,73.65,5.38,48.75,-0.07000000000000028,0.010000000000000083,5.38,0,76
2026-08-27 02:57:07.783319,3,18.63013,73.68297,5.27,41.58,-0.11000000000000032,-0.07333333333333354,5.27,0,76
2026-08-27 03:12:07.783319,3,18.61027,73.71593,5.37,56.21,0.10000000000000053,-0.02666666666666669,5.37,0,76
2026-08-27 03:27:07.783319,3,18.5904,73.7489,5.22,50.87,-0.15000000000000036,-0.05333333333333338,5.22,0,76
2026-08-27 03:42:07.783319,3,18.57053,73.78187,5.17,56.38,-0.04999999999999982,-0.033333333333333215,5.17,0,76
2026-08-27 03:57:07.783319,3,18.55067,73.81483,5.04,42.3,-0.1299999999999999,-0.11000000000000003,5.04,0,76
2026-08-26 22:12:07.785447,0,19.076,72.8777,5.11,52.4,0.0,0.0,5.11,0,77
2026-08-26 22:27:07.785447,0,19.06157,72.91767,5.04,46.59,-0.07000000000000028,0.0,5.04,0,77
2026-08-26 22:42:07.785447,0,19.04713,72.95763,5.16,45.08,0.1200000000000001,0.0,5.16,0,77
2026-08-26 22:57:07.785447,0,19.0327,72.9976,5.0,47.15,-0.16000000000000014,-0.03666666666666677,5.0,0,77
2026-08-26 23:12:07.785447,0,19.01827,73.03757,5.19,51.81,0.1900000000000004,0.05000000000000012,5.19,0,77
2026-08-26 23:27:07.785447,0,19.00383,73.07753,5.03,53.39,-0.16000000000000014,-0.0433333333333333,5.03,0,77
2026-08-26 23:42:07.785447,1,18.9894,73.1175,4.85,57.89,-0.1800000000000006,-0.05000000000000012,4.85,0,77
2026-08-26 23:57:07.785447,1,18.95783,73.15625,5.01,46.76,0.16000000000000014,-0.0600000000000002,5.01,0,77
2026-08-27 00:12:07.785447,1,18.92627,73.195,4.85,47.51,-0.16000000000000014,-0.0600000000000002,4.85,0,77
2026-08-27 00:27:07.785447,1,18.8947,73.23375,4.67,42.84,-0.17999999999999972,-0.05999999999999991,4.67,0,77
2026-08-27 00:42:07.785447,1,18.86313,73.2725,4.55,40.49,-0.1200000000000001,-0.15333333333333332,4.55,0,77
2026-08-27 00:57:07.785447,1,18.83157,73.31125,4.62,54.29,0.07000000000000028,-0.07666666666666651,4.62,0,77
2026-08-27 01:12:07.785447,2,18.8,73.35,5.56,45.64,0.9399999999999995,0.2966666666666666,5.56,0,77
2026-08-27 01:27:07.785447,2,18.775,73.4,6.32,43.03,0.7600000000000007,0.5900000000000002,6.32,0,77
2026-08-27 01:42:07.785447,2,18.75,73.45,7.3,59.35,0.9799999999999995,0.8933333333333332,7.3,1,77
2026-08-27 01:57:07.785447,2,18.725,73.5,7.96,43.91,0.6600000000000001,0.8000000000000002,7.96,1,77
2026-08-27 02:12:07.785447,2,18.7,73.55,8.84,52.45,0.8799999999999999,0.8399999999999999,8.84,1,77
2026-08-27 02:27:07.785447,2,18.675,73.6,10.04,44.28,1.1999999999999993,0.9133333333333331,10.04,1,77
2026-08-27 02:42:07.785447,3,18.65,73.65,11.13,52.1,1.0900000000000016,1.0566666666666669,11.13,1,77
2026-08-27 02:57:07.785447,3,18.63013,73.68297,12.21,58.16,1.08,1.1233333333333337,12.21,1,77
2026-08-27 03:12:07.785447,3,18.61027,73.71593,12.91,47.07,0.6999999999999993,0.956666666666667,12.91,1,77
2026-08-27 03:27:07.785447,3,18.5904,73.7489,13.69,57.12,0.7799999999999994,0.8533333333333329,13.69,1,77
2026-08-27 03:42:07.785447,3,18.57053,73.78187,14.86,56.61,1.17,0.8833333333333329,14.86,1,77
2026-08-27 03:57:07.785447,3,18.55067,73.81483,15.86,51.42,1.0,0.9833333333333331,15.86,1,77
2026-08-26 22:12:07.787398,0,19.076,72.8777,5.19,46.75,0.0,0.0,5.19,0,78
2026-08-26 22:27:07.787398,0,19.06157,72.91767,5.23,42.07,0.040000000000000036,0.0,5.23,0,78
2026-08-26 22:42:07.787398,0,19.04713,72.95763,5.24,57.48,0.009999999999999787,0.0,5.24,0,78
2026-08-26 22:57:07.787398,0,19.0327,72.9976,5.05,50.54,-0.1900000000000004,-0.046666666666666856,5.05,0,78
2026-08-26 23:12:07.787398,0,19.01827,73.03757,4.91,51.07,-0.13999999999999968,-0.10666666666666676,4.91,0,78
2026-08-26 23:27:07.787398,0,19.00383,73.07753,5.02,49.75,0.10999999999999943,-0.07333333333333354,5.02,0,78
2026-08-26 23:42:07.787398,1,18.9894,73.1175,4.85,59.24,-0.16999999999999993,-0.06666666666666672,4.85,0,78
2026-08-26 23:57:07.787398,1,18.95783,73.15625,4.65,59.4,-0.1999999999999993,-0.0866666666666666,4.65,0,78
2026-08-27 00:12:07.787398,1,18.92627,73.195,4.6,47.98,-0.05000000000000071,-0.13999999999999999,4.6,0,78
2026-08-27 00:27:07.787398,1,18.8947,73.23375,4.49,58.08,-0.10999999999999943,-0.11999999999999982,4.49,0,78
2026-08-27 00:42:07.787398,1,18.86313,73.2725,4.33,58.41,-0.16000000000000014,-0.10666666666666676,4.33,0,78
2026-08-27 00:57:07.787398,1,18.83157,73.31125,4.27,46.47,-0.0600000000000005,-0.11000000000000003,4.27,0,78
2026-08-27 01:12:07.787398,2,18.8,73.35,4.39,56.29,0.1200000000000001,-0.03333333333333351,4.39,0,78
2026-08-27 01:27:07.787398,2,18.775,73.4,4.55,49.34,0.16000000000000014,0.07333333333333325,4.55,0,78
2026-08-27 01:42:07.787398,2,18.75,73.45,4.38,56.35,-0.16999999999999993,0.03666666666666677,4.38,0,78
2026-08-27 01:57:07.787398,2,18.725,73.5,4.33,44.73,-0.04999999999999982,-0.01999999999999987,4.33,0,78
2026-08-27 02:12:07.787398,2,18.7,73.55,4.35,49.25,0.019999999999999574,-0.06666666666666672,4.35,0,78
2026-08-27 02:27:07.787398,2,18.675,73.6,4.34,43.33,-0.009999999999999787,-0.013333333333333345,4.34,0,78
2026-08-27 02:42:07.787398,3,18.65,73.65,5.05,43.37,0.71,0.2399999999999999,5.05,0,78
2026-08-27 02:57:07.787398,3,18.63013,73.68297,5.67,55.51,0.6200000000000001,0.4400000000000001,5.67,0,78
2026-08-27 03:12:07.787398,3,18.61027,73.71593,6.26,51.4,0.5899999999999999,0.64,6.26,0,78
2026-08-27 03:27:07.787398,3,18.5904,73.7489,6.64,51.86,0.3799999999999999,0.5299999999999999,6.64,0,78
2026-08-27 03:42:07.787398,3,18.57053,73.78187,7.11,51.23,0.47000000000000064,0.48000000000000015,7.11,0,78
2026-08-27 03:57:07.787398,3,18.55067,73.81483,7.72,58.22,0.6099999999999994,0.48666666666666664,7.72,0,78
2026-08-26 22:12:07.789354,0,19.076,72.8777,5.72,46.37,0.0,0.0,5.72,0,79
2026-08-26 22:27:07.789354,0,19.06157,72.91767,6.6,58.66,0.8799999999999999,0.0,6.6,1,79
2026-08-26 22:42:07.789354,0,19.04713,72.95763,7.42,47.31,0.8200000000000003,0.0,7.42,1,79
2026-08-26 22:57:07.789354,0,19.0327,72.9976,8.05,55.02,0.6300000000000008,0.776666666666667,8.05,1,79
2026-08-26 23:12:07.789354,0,19.01827,73.03757,8.91,56.01,0.8599999999999994,0.7700000000000001,8.91,1,79
2026-08-26 23:27:07.789354,0,19.00383,73.07753,9.62,54.83,0.7099999999999991,0.7333333333333331,9.62,1,79
2026-08-26 23:42:07.789354,1,18.9894,73.1175,10.47,56.61,0.8500000000000014,0.8066666666666666,10.47,1,79
2026-08-26 23:57:07.789354,1,18.95783,73.15625,11.2,54.58,0.7299999999999986,0.7633333333333331,11.2,1,79
2026-08-27 00:12:07.789354,1,18.92627,73.195,11.71,46.29,0.5100000000000016,0.6966666666666672,11.71,1,79
2026-08-27 00:27:07.789354,1,18.8947,73.23375,12.35,46.45,0.6399999999999988,0.6266666666666664,12.35,1,79
2026-08-27 00:42:07.789354,1,18.86313,73.2725,12.9,58.14,0.5500000000000007,0.566666666666667,12.9,1,79
2026-08-27 00:57:07.789354,1,18.83157,73.31125,13.73,53.47,0.8300000000000001,0.6733333333333332,13.73,1,79
2026-08-27 01:12:07.789354,2,18.8,73.35,14.39,50.66,0.6600000000000001,0.6800000000000003,14.39,1,79
2026-08-27 01:27:07.789354,2,18.775,73.4,15.0,41.83,0.6099999999999994,0.6999999999999998,15.0,1,79
2026-08-27 01:42:07.789354,2,18.75,73.45,15.59,43.11,0.5899999999999999,0.6199999999999998,15.59,1,79
2026-08-27 01:57:07.789354,2,18.725,73.5,16.19,49.71,0.6000000000000014,0.6000000000000002,16.19,1,79
2026-08-27 02:12:07.789354,2,18.7,73.55,17.11,48.03,0.9199999999999982,0.7033333333333331,17.11,1,79
2026-08-27 02:27:07.789354,2,18.675,73.6,17.65,46.22,0.5399999999999991,0.6866666666666662,17.65,1,79
2026-08-27 02:42:07.789354,3,18.65,73.65,18.27,41.01,0.620000000000001,0.6933333333333328,18.27,1,79
2026-08-27 02:57:07.789354,3,18.63013,73.68297,18.88,44.98,0.6099999999999994,0.5899999999999999,18.88,1,79
2026-08-27 03:12:07.789354,3,18.61027,73.71593,19.49,56.67,0.6099999999999994,0.6133333333333333,19.49,1,79
2026-08-27 03:27:07.789354,3,18.5904,73.7489,20.31,57.97,0.8200000000000003,0.6799999999999997,20.31,1,79
2026-08-27 03:42:07.789354,3,18.57053,73.78187,21.01,49.51,0.7000000000000028,0.7100000000000009,21.01,1,79
2026-08-27 03:57:07.789354,3,18.55067,73.81483,21.82,42.49,0.8099999999999987,0.7766666666666673,21.82,1,79
2026-08-26 22:12:07.791166,0,19.076,72.8777,4.82,52.02,0.0,0.0,4.82,0,80
2026-08-26 22:27:07.791166,0,19.06157,72.91767,4.87,57.74,0.04999999999999982,0.0,4.87,0,80
2026-08-26 22:42:07.791166,0,19.04713,72.95763,4.69,43.56,-0.17999999999999972,0.0,4.69,0,80
2026-08-26 22:57:07.791166,0,19.0327,72.9976,4.77,44.19,0.07999999999999918,-0.016666666666666902,4.77,0,80
2026-08-26 23:12:07.791166,0,19.01827,73.03757,4.85,57.28,0.08000000000000007,-0.006666666666666821,4.85,0,80
2026-08-26 23:27:07.791166,0,19.00383,73.07753,4.84,52.96,-0.009999999999999787,0.04999999999999982,4.84,0,80
2026-08-26 23:42:07.791166,1,18.9894,73.1175,5.25,48.03,0.41000000000000014,0.16000000000000014,5.25,0,80
2026-08-26 23:57:07.791166,1,18.95783,73.15625,5.68,49.98,0.4299999999999997,0.27666666666666667,5.68,0,80
2026-08-27 00:12:07.791166,1,18.92627,73.195,6.17,52.11,0.4900000000000002,0.44333333333333336,6.17,0,80
2026-08-27 00:27:07.791166,1,18.8947,73.23375,6.51,50.6,0.33999999999999986,0.41999999999999993,6.51,0,80
2026-08-27 00:42:07.791166,1,18.86313,73.2725,6.84,43.26,0.33000000000000007,0.3866666666666667,6.84,0,80
2026-08-27 00:57:07.791166,1,18.83157,73.31125,7.11,43.97,0.27000000000000046,0.31333333333333346,7.11,0,80
2026-08-27 01:12:07.791166,2,18.8,73.35,7.57,56.38,0.45999999999999996,0.3533333333333335,7.57,1,80
2026-08-27 01:27:07.791166,2,18.775,73.4,7.83,46.91,0.2599999999999998,0.33000000000000007,7.83,1,80
2026-08-27 01:42:07.791166,2,18.75,73.45,8.27,43.24,0.4399999999999995,0.38666666666666644,8.27,1,80
2026-08-27 01:57:07.791166,2,18.725,73.5,8.72,42.95,0.45000000000000107,0.38333333333333347,8.72,1,80
2026-08-27 02:12:07.791166,2,18.7,73.55,9.2,48.75,0.47999999999999865,0.4566666666666664,9.2,1,80
2026-08-27 02:27:07.791166,2,18.675,73.6,9.6,48.85,0.40000000000000036,0.44333333333333336,9.6,1,80
2026-08-27 02:42:07.791166,3,18.65,73.65,9.94,42.99,0.33999999999999986,0.4066666666666663,9.94,1,80
2026-08-27 02:57:07.791166,3,18.63013,73.68297,10.44,48.95,0.5,0.4133333333333334,10.44,1,80
2026-08-27 03:12:07.791166,3,18.61027,73.71593,10.82,41.29,0.3800000000000008,0.4066666666666669,10.82,1,80
2026-08-27 03:27:07.791166,3,18.5904,73.7489,11.12,58.73,0.29999999999999893,0.39333333333333326,11.12,1,80
2026-08-27 03:42:07.791166,3,18.57053,73.78187,11.45,50.72,0.33000000000000007,0.3366666666666666,11.45,1,80
2026-08-27 03:57:07.791166,3,18.55067,73.81483,11.82,59.64,0.370000000000001,0.3333333333333333,11.82,1,80
2026-08-26 22:12:07.793062,0,19.076,72.8777,5.09,51.84,0.0,0.0,5.09,0,81
2026-08-26 22:27:07.793062,0,19.06157,72.91767,5.01,45.73,-0.08000000000000007,0.0,5.01,0,81
2026-08-26 22:42:07.793062,0,19.04713,72.95763,5.16,59.56,0.15000000000000036,0.0,5.16,0,81
2026-08-26 22:57:07.793062,0,19.0327,72.9976,5.04,42.54,-0.1200000000000001,-0.016666666666666607,5.04,0,81
2026-08-26 23:12:07.793062,0,19.01827,73.03757,5.18,42.09,0.13999999999999968,0.05666666666666664,5.18,0,81
2026-08-26 23:27:07.793062,0,19.00383,73.07753,5.26,45.86,0.08000000000000007,0.033333333333333215,5.26,0,81
2026-08-26 23:42:07.793062,1,18.9894,73.1175,5.38,44.05,0.1200000000000001,0.11333333333333329,5.38,0,81
2026-08-26 23:57:07.793062,1,18.95783,73.15625,5.45,49.32,0.07000000000000028,0.09000000000000015,5.45,0,81
2026-08-27 00:12:07.793062,1,18.92627,73.195,5.51,51.74,0.05999999999999961,0.08333333333333333,5.51,0,81
2026-08-27 00:27:07.793062,1,18.8947,73.23375,5.53,50.63,0.020000000000000462,0.05000000000000012,5.53,0,81
2026-08-27 00:42:07.793062,1,18.86313,73.2725,5.64,40.29,0.10999999999999943,0.06333333333333317,5.64,0,81
2026-08-27 00:57:07.793062,1,18.83157,73.31125,5.8,51.32,0.16000000000000014,0.09666666666666668,5.8,0,81
2026-08-27 01:12:07.793062,2,18.8,73.35,6.18,52.88,0.3799999999999999,0.21666666666666648,6.18,0,81
2026-08-27 01:27:07.793062,2,18.775,73.4,6.44,40.08,0.2600000000000007,0.2666666666666669,6.44,0,81
2026-08-27 01:42:07.793062,2,18.75,73.45,6.83,53.04,0.3899999999999997,0.34333333333333343,6.83,0,81
2026-08-27 01:57:07.793062,2,18.725,73.5,7.19,44.29,0.3600000000000003,0.3366666666666669,7.19,0,81
2026-08-27 02:12:07.793062,2,18.7,73.55,7.52,41.78,0.3299999999999992,0.3599999999999997,7.52,1,81
2026-08-27 02:27:07.793062,2,18.675,73.6,7.78,53.04,0.2600000000000007,0.3166666666666667,7.78,1,81
2026-08-27 02:42:07.793062,3,18.65,73.65,8.2,56.13,0.41999999999999904,0.3366666666666663,8.2,1,81
2026-08-27 02:57:07.793062,3,18.63013,73.68297,8.62,53.26,0.41999999999999993,0.36666666666666653,8.62,1,81
2026-08-27 03:12:07.793062,3,18.61027,73.71593,8.93,48.83,0.3100000000000005,0.38333333333333314,8.93,1,81
2026-08-27 03:27:07.793062,3,18.5904,73.7489,9.34,55.99,0.41000000000000014,0.38000000000000017,9.34,1,81
2026-08-27 03:42:07.793062,3,18.57053,73.78187,9.72,42.06,0.3800000000000008,0.36666666666666714,9.72,1,81
2026-08-27 03:57:07.793062,3,18.55067,73.81483,10.15,54.18,0.4299999999999997,0.4066666666666669,10.15,1,81
2026-08-26 22:12:07.794991,0,19.076,72.8777,4.82,45.04,0.0,0.0,4.82,0,82
2026-08-26 22:27:07.794991,0,19.06157,72.91767,4.91,54.56,0.08999999999999986,0.0,4.91,0,82
2026-08-26 22:42:07.794991,0,19.04713,72.95763,5.11,43.35,0.20000000000000018,0.0,5.11,0,82
2026-08-26 22:57:07.794991,0,19.0327,72.9976,5.12,51.86,0.009999999999999787,0.09999999999999994,5.12,0,82
2026-08-26 23:12:07.794991,0,19.01827,73.03757,5.26,40.62,0.13999999999999968,0.11666666666666654,5.26,0,82
2026-08-26 23:27:07.794991,0,19.00383,73.07753,5.13,41.36,-0.1299999999999999,0.006666666666666525,5.13,0,82
2026-08-26 23:42:07.794991,1,18.9894,73.1175,5.11,49.9,-0.019999999999999574,-0.0033333333333332624,5.11,0,82
2026-08-26 23:57:07.794991,1,18.95783,73.15625,5.15,43.05,0.040000000000000036,-0.03666666666666648,5.15,0,82
2026-08-27 00:12:07.794991,1,18.92627,73.195,5.07,59.17,-0.08000000000000007,-0.01999999999999987,5.07,0,82
2026-08-27 00:27:07.794991,1,18.8947,73.23375,5.21,55.2,0.13999999999999968,0.033333333333333215,5.21,0,82
2026-08-27 00:42:07.794991,1,18.86313,73.2725,5.03,58.41,-0.17999999999999972,-0.040000000000000036,5.03,0,82
2026-08-27 00:57:07.794991,1,18.83157,73.31125,4.93,56.45,-0.10000000000000053,-0.046666666666666856,4.93,0,82
2026-08-27 01:12:07.794991,2,18.8,73.35,5.52,58.52,0.5899999999999999,0.10333333333333321,5.52,0,82
2026-08-27 01:27:07.794991,2,18.775,73.4,6.05,46.11,0.5300000000000002,0.33999999999999986,6.05,0,82
2026-08-27 01:42:07.794991,2,18.75,73.45,6.47,41.76,0.41999999999999993,0.5133333333333333,6.47,0,82
2026-08-27 01:57:07.794991,2,18.725,73.5,6.94,47.19,0.47000000000000064,0.4733333333333336,6.94,1,82
2026-08-27 02:12:07.794991,2,18.7,73.55,7.6,52.29,0.6599999999999993,0.5166666666666666,7.6,1,82
2026-08-27 02:27:07.794991,2,18.675,73.6,8.08,55.64,0.4800000000000004,0.5366666666666667,8.08,1,82
2026-08-27 02:42:07.794991,3,18.65,73.65,8.88,45.04,0.8000000000000007,0.6466666666666668,8.88,1,82
2026-08-27 02:57:07.794991,3,18.63013,73.68297,9.59,49.52,0.7099999999999991,0.6633333333333334,9.59,1,82
2026-08-27 03:12:07.794991,3,18.61027,73.71593,10.01,54.79,0.41999999999999993,0.6433333333333332,10.01,1,82
2026-08-27 03:27:07.794991,3,18.5904,73.7489,10.48,45.98,0.47000000000000064,0.5333333333333332,10.48,1,82
2026-08-27 03:42:07.794991,3,18.57053,73.78187,11.03,47.1,0.5499999999999989,0.4799999999999998,11.03,1,82
2026-08-27 03:57:07.794991,3,18.55067,73.81483,11.56,53.34,0.5300000000000011,0.5166666666666669,11.56,1,82
2026-08-26 22:12:07.797085,0,19.076,72.8777,4.87,42.69,0.0,0.0,4.87,0,83
2026-08-26 22:27:07.797085,0,19.06157,72.91767,5.06,51.36,0.1899999999999995,0.0,5.06,0,83
2026-08-26 22:42:07.797085,0,19.04713,72.95763,5.14,44.58,0.08000000000000007,0.0,5.14,0,83
2026-08-26 22:57:07.797085,0,19.0327,72.9976,5.07,46.35,-0.0699999999999994,0.06666666666666672,5.07,0,83
2026-08-26 23:12:07.797085,0,19.01827,73.03757,4.95,51.57,-0.1200000000000001,-0.03666666666666648,4.95,0,83
2026-08-26 23:27:07.797085,0,19.00383,73.07753,4.87,58.13,-0.08000000000000007,-0.08999999999999986,4.87,0,83
2026-08-26 23:42:07.797085,1,18.9894,73.1175,4.9,56.57,0.03000000000000025,-0.05666666666666664,4.9,0,83
2026-08-26 23:57:07.797085,1,18.95783,73.15625,5.07,50.27,0.16999999999999993,0.040000000000000036,5.07,0,83
2026-08-27 00:12:07.797085,1,18.92627,73.195,4.99,51.1,-0.08000000000000007,0.040000000000000036,4.99,0,83
2026-08-27 00:27:07.797085,1,18.8947,73.23375,4.95,42.71,-0.040000000000000036,0.016666666666666607,4.95,0,83
2026-08-27 00:42:07.797085,1,18.86313,73.2725,5.01,47.72,0.05999999999999961,-0.020000000000000167,5.01,0,83
2026-08-27 00:57:07.797085,1,18.83157,73.31125,5.15,40.67,0.14000000000000057,0.05333333333333338,5.15,0,83
2026-08-27 01:12:07.797085,2,18.8,73.35,5.11,41.01,-0.040000000000000036,0.05333333333333338,5.11,0,83
2026-08-27 01:27:07.797085,2,18.775,73.4,5.09,44.91,-0.020000000000000462,0.02666666666666669,5.09,0,83
2026-08-27 01:42:07.797085,2,18.75,73.45,4.9,43.34,-0.1899999999999995,-0.08333333333333333,4.9,0,83
2026-08-27 01:57:07.797085,2,18.725,73.5,5.06,41.5,0.15999999999999925,-0.016666666666666902,5.06,0,83
2026-08-27 02:12:07.797085,2,18.7,73.55,5.2,40.19,0.14000000000000057,0.03666666666666677,5.2,0,83
2026-08-27 02:27:07.797085,2,18.675,73.6,5.3,45.0,0.09999999999999964,0.13333333333333316,5.3,0,83
2026-08-27 02:42:07.797085,3,18.65,73.65,5.17,57.07,-0.1299999999999999,0.03666666666666677,5.17,0,83
2026-08-27 02:57:07.797085,3,18.63013,73.68297,5.34,53.85,0.16999999999999993,0.04666666666666656,5.34,0,83
2026-08-27 03:12:07.797085,3,18.61027,73.71593,5.22,41.93,-0.1200000000000001,-0.02666666666666669,5.22,0,83
2026-08-27 03:27:07.797085,3,18.5904,73.7489,5.11,57.64,-0.10999999999999943,-0.01999999999999987,5.11,0,83
2026-08-27 03:42:07.797085,3,18.57053,73.78187,5.02,53.16,-0.09000000000000075,-0.10666666666666676,5.02,0,83
2026-08-27 03:57:07.797085,3,18.55067,73.81483,5.14,41.78,0.1200000000000001,-0.02666666666666669,5.14,0,83
2026-08-26 22:12:07.799158,0,19.076,72.8777,4.93,56.73,0.0,0.0,4.93,0,84
2026-08-26 22:27:07.799158,0,19.06157,72.91767,5.09,47.76,0.16000000000000014,0.0,5.09,0,84
2026-08-26 22:42:07.799158,0,19.04713,72.95763,5.01,52.03,-0.08000000000000007,0.0,5.01,0,84
2026-08-26 22:57:07.799158,0,19.0327,72.9976,5.09,49.97,0.08000000000000007,0.05333333333333338,5.09,0,84
2026-08-26 23:12:07.799158,0,19.01827,73.03757,4.93,50.97,-0.16000000000000014,-0.05333333333333338,4.93,0,84
2026-08-26 23:27:07.799158,0,19.00383,73.07753,4.85,47.66,-0.08000000000000007,-0.05333333333333338,4.85,0,84
2026-08-26 23:42:07.799158,1,18.9894,73.1175,4.96,51.34,0.11000000000000032,-0.0433333333333333,4.96,0,84
2026-08-26 23:57:07.799158,1,18.95783,73.15625,4.87,47.56,-0.08999999999999986,-0.01999999999999987,4.87,0,84
2026-08-27 00:12:07.799158,1,18.92627,73.195,5.07,45.05,0.20000000000000018,0.07333333333333354,5.07,0,84
2026-08-27 00:27:07.799158,1,18.8947,73.23375,5.02,40.63,-0.05000000000000071,0.01999999999999987,5.02,0,84
2026-08-27 00:42:07.799158,1,18.86313,73.2725,4.83,55.97,-0.1899999999999995,-0.013333333333333345,4.83,0,84
2026-08-27 00:57:07.799158,1,18.83157,73.31125,4.94,42.82,0.11000000000000032,-0.0433333333333333,4.94,0,84
2026-08-27 01:12:07.799158,2,18.8,73.35,5.85,57.79,0.9099999999999993,0.27666666666666667,5.85,0,84
2026-08-27 01:27:07.799158,2,18.775,73.4,6.52,55.41,0.6699999999999999,0.5633333333333331,6.52,1,84
2026-08-27 01:42:07.799158,2,18.75,73.45,7.25,47.92,0.7300000000000004,0.7699999999999999,7.25,1,84
2026-08-27 01:57:07.799158,2,18.725,73.5,8.36,57.81,1.1099999999999994,0.8366666666666666,8.36,1,84
2026-08-27 02:12:07.799158,2,18.7,73.55,9.57,40.24,1.2100000000000009,1.0166666666666668,9.57,1,84
2026-08-27 02:27:07.799158,2,18.675,73.6,10.27,50.79,0.6999999999999993,1.0066666666666666,10.27,1,84
2026-08-27 02:42:07.799158,3,18.65,73.65,10.98,53.05,0.7100000000000009,0.8733333333333336,10.98,1,84
2026-08-27 02:57:07.799158,3,18.63013,73.68297,12.22,42.83,1.2400000000000002,0.8833333333333334,12.22,1,84
2026-08-27 03:12:07.799158,3,18.61027,73.71593,12.99,55.3,0.7699999999999996,0.9066666666666668,12.99,1,84
2026-08-27 03:27:07.799158,3,18.5904,73.7489,14.24,55.14,1.25,1.0866666666666667,14.24,1,84
2026-08-27 03:42:07.799158,3,18.57053,73.78187,15.07,46.15,0.8300000000000001,0.9499999999999998,15.07,1,84
2026-08-27 03:57:07.799158,3,18.55067,73.81483,15.76,46.12,0.6899999999999995,0.9233333333333332,15.76,1,84
2026-08-26 22:12:07.801320,0,19.076,72.8777,5.02,48.27,0.0,0.0,5.02,0,85
2026-08-26 22:27:07.801320,0,19.06157,72.91767,5.08,51.87,0.0600000000000005,0.0,5.08,0,85
2026-08-26 22:42:07.801320,0,19.04713,72.95763,5.12,44.59,0.040000000000000036,0.0,5.12,0,85
2026-08-26 22:57:07.801320,0,19.0327,72.9976,5.22,57.85,0.09999999999999964,0.06666666666666672,5.22,0,85
2026-08-26 23:12:07.801320,0,19.01827,73.03757,5.2,57.8,-0.019999999999999574,0.040000000000000036,5.2,0,85
2026-08-26 23:27:07.801320,0,19.00383,73.07753,5.36,54.27,0.16000000000000014,0.08000000000000007,5.36,0,85
2026-08-26 23:42:07.801320,1,18.9894,73.1175,5.33,45.11,-0.03000000000000025,0.03666666666666677,5.33,0,85
2026-08-26 23:57:07.801320,1,18.95783,73.15625,5.33,46.91,0.0,0.0433333333333333,5.33,0,85
2026-08-27 00:12:07.801320,1,18.92627,73.195,5.34,45.55,0.009999999999999787,-0.006666666666666821,5.34,0,85
2026-08-27 00:27:07.801320,1,18.8947,73.23375,5.37,54.43,0.03000000000000025,0.013333333333333345,5.37,0,85
2026-08-27 00:42:07.801320,1,18.86313,73.2725,5.31,59.33,-0.0600000000000005,-0.006666666666666821,5.31,0,85
2026-08-27 00:57:07.801320,1,18.83157,73.31125,5.44,41.53,0.13000000000000078,0.03333333333333351,5.44,0,85
2026-08-27 01:12:07.801320,2,18.8,73.35,5.42,41.2,-0.020000000000000462,0.016666666666666607,5.42,0,85
2026-08-27 01:27:07.801320,2,18.775,73.4,5.35,47.45,-0.07000000000000028,0.013333333333333345,5.35,0,85
2026-08-27 01:42:07.801320,2,18.75,73.45,5.19,57.63,-0.15999999999999925,-0.08333333333333333,5.19,0,85
2026-08-27 01:57:07.801320,2,18.725,73.5,5.34,47.37,0.14999999999999947,-0.02666666666666669,5.34,0,85
2026-08-27 02:12:07.801320,2,18.7,73.55,5.49,59.15,0.15000000000000036,0.046666666666666856,5.49,0,85
2026-08-27 02:27:07.801320,2,18.675,73.6,5.42,44.76,-0.07000000000000028,0.07666666666666651,5.42,0,85
2026-08-27 02:42:07.801320,3,18.65,73.65,5.69,41.02,0.27000000000000046,0.11666666666666685,5.69,0,85
2026-08-27 02:57:07.801320,3,18.63013,73.68297,5.98,43.52,0.29000000000000004,0.1633333333333334,5.98,0,85
2026-08-27 03:12:07.801320,3,18.61027,73.71593,6.24,58.0,0.2599999999999998,0.27333333333333343,6.24,0,85
2026-08-27 03:27:07.801320,3,18.5904,73.7489,6.48,48.42,0.2400000000000002,0.26333333333333336,6.48,0,85
2026-08-27 03:42:07.801320,3,18.57053,73.78187,6.85,48.25,0.3699999999999992,0.28999999999999976,6.85,0,85
2026-08-27 03:57:07.801320,3,18.55067,73.81483,7.29,44.8,0.4400000000000004,0.3499999999999999,7.29,0,85
2026-08-26 22:12:07.803527,0,19.076,72.8777,4.93,55.37,0.0,0.0,4.93,0,86
2026-08-26 22:27:07.803527,0,19.06157,72.91767,4.73,50.42,-0.1999999999999993,0.0,4.73,0,86
2026-08-26 22:42:07.803527,0,19.04713,72.95763,4.74,52.35,0.009999999999999787,0.0,4.74,0,86
2026-08-26 22:57:07.803527,0,19.0327,72.9976,4.93,48.25,0.1899999999999995,0.0,4.93,0,86
2026-08-26 23:12:07.803527,0,19.01827,73.03757,4.89,58.95,-0.040000000000000036,0.05333333333333309,4.89,0,86
2026-08-26 23:27:07.803527,0,19.00383,73.07753,4.78,55.01,-0.10999999999999943,0.013333333333333345,4.78,0,86
2026-08-26 23:42:07.803527,1,18.9894,73.1175,4.62,51.78,-0.16000000000000014,-0.10333333333333321,4.62,0,86
2026-08-26 23:57:07.803527,1,18.95783,73.15625,4.47,40.3,-0.15000000000000036,-0.13999999999999999,4.47,0,86
2026-08-27 00:12:07.803527,1,18.92627,73.195,4.3,50.27,-0.16999999999999993,-0.16000000000000014,4.3,0,86
2026-08-27 00:27:07.803527,1,18.8947,73.23375,4.25,56.36,-0.04999999999999982,-0.12333333333333336,4.25,0,86
2026-08-27 00:42:07.803527,1,18.86313,73.2725,4.43,54.19,0.17999999999999972,-0.013333333333333345,4.43,0,86
2026-08-27 00:57:07.803527,1,18.83157,73.31125,4.54,41.37,0.11000000000000032,0.08000000000000007,4.54,0,86
2026-08-27 01:12:07.803527,2,18.8,73.35,4.43,44.42,-0.11000000000000032,0.05999999999999991,4.43,0,86
2026-08-27 01:27:07.803527,2,18.775,73.4,4.41,46.87,-0.019999999999999574,-0.006666666666666525,4.41,0,86
2026-08-27 01:42:07.803527,2,18.75,73.45,4.55,55.49,0.13999999999999968,0.0033333333333332624,4.55,0,86
2026-08-27 01:57:07.803527,2,18.725,73.5,4.53,42.96,-0.019999999999999574,0.03333333333333351,4.53,0,86
2026-08-27 02:12:07.803527,2,18.7,73.55,4.4,46.97,-0.1299999999999999,-0.0033333333333332624,4.4,0,86
2026-08-27 02:27:07.803527,2,18.675,73.6,4.38,53.59,-0.020000000000000462,-0.05666666666666664,4.38,0,86
2026-08-27 02:42:07.803527,3,18.65,73.65,4.37,49.12,-0.009999999999999787,-0.05333333333333338,4.37,0,86
2026-08-27 02:57:07.803527,3,18.63013,73.68297,4.23,51.17,-0.13999999999999968,-0.05666666666666664,4.23,0,86
2026-08-27 03:12:07.803527,3,18.61027,73.71593,4.23,49.14,0.0,-0.04999999999999982,4.23,0,86
2026-08-27 03:27:07.803527,3,18.5904,73.7489,4.06,53.8,-0.17000000000000082,-0.1033333333333335,4.06,0,86
2026-08-27 03:42:07.803527,3,18.57053,73.78187,4.22,54.22,0.16000000000000014,-0.003333333333333558,4.22,0,86
2026-08-27 03:57:07.803527,3,18.55067,73.81483,4.26,55.07,0.040000000000000036,0.009999999999999787,4.26,0,86
2026-08-26 22:12:07.805628,0,19.076,72.8777,5.0,59.36,0.0,0.0,5.0,0,87
2026-08-26 22:27:07.805628,0,19.06157,72.91767,5.15,58.05,0.15000000000000036,0.0,5.15,0,87
2026-08-26 22:42:07.805628,0,19.04713,72.95763,5.07,48.12,-0.08000000000000007,0.0,5.07,0,87
2026-08-26 22:57:07.805628,0,19.0327,72.9976,5.24,40.8,0.16999999999999993,0.08000000000000007,5.24,0,87
2026-08-26 23:12:07.805628,0,19.01827,73.03757,5.41,59.76,0.16999999999999993,0.0866666666666666,5.41,0,87
2026-08-26 23:27:07.805628,0,19.00383,73.07753,5.45,41.3,0.040000000000000036,0.12666666666666662,5.45,0,87
2026-08-26 23:42:07.805628,1,18.9894,73.1175,5.52,50.92,0.0699999999999994,0.09333333333333312,5.52,0,87
2026-08-26 23:57:07.805628,1,18.95783,73.15625,5.52,56.29,0.0,0.03666666666666648,5.52,0,87
2026-08-27 00:12:07.805628,1,18.92627,73.195,5.58,51.44,0.0600000000000005,0.0433333333333333,5.58,0,87
2026-08-27 00:27:07.805628,1,18.8947,73.23375,5.76,52.29,0.17999999999999972,0.08000000000000007,5.76,0,87
2026-08-27 00:42:07.805628,1,18.86313,73.2725,5.69,52.16,-0.0699999999999994,0.05666666666666694,5.69,0,87
2026-08-27 00:57:07.805628,1,18.83157,73.31125,5.83,51.93,0.13999999999999968,0.08333333333333333,5.83,0,87
2026-08-27 01:12:07.805628,2,18.8,73.35,5.71,41.17,-0.1200000000000001,-0.016666666666666607,5.71,0,87
2026-08-27 01:27:07.805628,2,18.775,73.4,5.9,52.04,0.1900000000000004,0.06999999999999999,5.9,0,87
2026-08-27 01:42:07.805628,2,18.75,73.45,5.8,54.86,-0.10000000000000053,-0.010000000000000083,5.8,0,87
2026-08-27 01:57:07.805628,2,18.725,73.5,5.85,51.37,0.04999999999999982,0.04666666666666656,5.85,0,87
2026-08-27 02:12:07.805628,2,18.7,73.55,5.94,45.58,0.09000000000000075,0.013333333333333345,5.94,0,87
2026-08-27 02:27:07.805628,2,18.675,73.6,6.07,46.69,0.1299999999999999,0.09000000000000015,6.07,0,87
2026-08-27 02:42:07.805628,3,18.65,73.65,6.22,48.45,0.14999999999999947,0.12333333333333336,6.22,0,87
2026-08-27 02:57:07.805628,3,18.63013,73.68297,6.33,51.54,0.11000000000000032,0.1299999999999999,6.33,0,87
2026-08-27 03:12:07.805628,3,18.61027,73.71593,6.36,56.23,0.03000000000000025,0.09666666666666668,6.36,0,87
2026-08-27 03:27:07.805628,3,18.5904,73.7489,6.33,43.88,-0.03000000000000025,0.03666666666666677,6.33,0,87
2026-08-27 03:42:07.805628,3,18.57053,73.78187,6.28,50.04,-0.04999999999999982,-0.016666666666666607,6.28,0,87
2026-08-27 03:57:07.805628,3,18.55067,73.81483,6.16,56.11,-0.1200000000000001,-0.06666666666666672,6.16,0,87
2026-08-26 22:12:07.807659,0,19.076,72.8777,5.15,44.71,0.0,0.0,5.15,0,88
2026-08-26 22:27:07.807659,0,19.06157,72.91767,5.07,50.63,-0.08000000000000007,0.0,5.07,0,88
2026-08-26 22:42:07.807659,0,19.04713,72.95763,5.25,41.15,0.17999999999999972,0.0,5.25,0,88
2026-08-26 22:57:07.807659,0,19.0327,72.9976,5.2,52.1,-0.04999999999999982,0.016666666666666607,5.2,0,88
2026-08-26 23:12:07.807659,0,19.01827,73.03757,5.35,50.65,0.14999999999999947,0.09333333333333312,5.35,0,88
2026-08-26 23:27:07.807659,0,19.00383,73.07753,5.34,55.45,-0.009999999999999787,0.029999999999999954,5.34,0,88
2026-08-26 23:42:07.807659,1,18.9894,73.1175,5.3,42.7,-0.040000000000000036,0.033333333333333215,5.3,0,88
2026-08-26 23:57:07.807659,1,18.95783,73.15625,5.3,53.92,0.0,-0.016666666666666607,5.3,0,88
2026-08-27 00:12:07.807659,1,18.92627,73.195,5.33,47.61,0.03000000000000025,-0.0033333333333332624,5.33,0,88
2026-08-27 00:27:07.807659,1,18.8947,73.23375,5.16,41.54,-0.16999999999999993,-0.04666666666666656,5.16,0,88
2026-08-27 00:42:07.807659,1,18.86313,73.2725,5.29,58.71,0.1299999999999999,-0.0033333333333332624,5.29,0,88
2026-08-27 00:57:07.807659,1,18.83157,73.31125,5.18,54.28,-0.11000000000000032,-0.05000000000000012,5.18,0,88
2026-08-27 01:12:07.807659,2,18.8,73.35,5.33,44.42,0.15000000000000036,0.05666666666666664,5.33,0,88
2026-08-27 01:27:07.807659,2,18.775,73.4,5.25,59.61,-0.08000000000000007,-0.013333333333333345,5.25,0,88
2026-08-27 01:42:07.807659,2,18.75,73.45,5.37,44.46,0.1200000000000001,0.06333333333333346,5.37,0,88
2026-08-27 01:57:07.807659,2,18.725,73.5,5.22,44.91,-0.15000000000000036,-0.03666666666666677,5.22,0,88
2026-08-27 02:12:07.807659,2,18.7,73.55,5.27,54.96,0.04999999999999982,0.006666666666666525,5.27,0,88
2026-08-27 02:27:07.807659,2,18.675,73.6,5.33,50.48,0.0600000000000005,-0.013333333333333345,5.33,0,88
2026-08-27 02:42:07.807659,3,18.65,73.65,5.43,55.72,0.09999999999999964,0.06999999999999999,5.43,0,88
2026-08-27 02:57:07.807659,3,18.63013,73.68297,5.28,41.2,-0.14999999999999947,0.003333333333333558,5.28,0,88
2026-08-27 03:12:07.807659,3,18.61027,73.71593,5.1,47.19,-0.1800000000000006,-0.07666666666666681,5.1,0,88
2026-08-27 03:27:07.807659,3,18.5904,73.7489,5.25,57.26,0.15000000000000036,-0.05999999999999991,5.25,0,88
2026-08-27 03:42:07.807659,3,18.57053,73.78187,5.07,55.91,-0.17999999999999972,-0.06999999999999999,5.07,0,88
2026-08-27 03:57:07.807659,3,18.55067,73.81483,4.93,43.23,-0.14000000000000057,-0.05666666666666664,4.93,0,88
2026-08-26 22:12:07.809701,0,19.076,72.8777,5.11,48.21,0.0,0.0,5.11,0,89
2026-08-26 22:27:07.809701,0,19.06157,72.91767,5.15,42.58,0.040000000000000036,0.0,5.15,0,89
2026-08-26 22:42:07.809701,0,19.04713,72.95763,5.04,50.0,-0.11000000000000032,0.0,5.04,0,89
2026-08-26 22:57:07.809701,0,19.0327,72.9976,4.88,49.22,-0.16000000000000014,-0.07666666666666681,4.88,0,89
2026-08-26 23:12:07.809701,0,19.01827,73.03757,5.01,55.39,0.1299999999999999,-0.046666666666666856,5.01,0,89
2026-08-26 23:27:07.809701,0,19.00383,73.07753,4.95,59.02,-0.05999999999999961,-0.029999999999999954,4.95,0,89
2026-08-26 23:42:07.809701,1,18.9894,73.1175,5.62,49.83,0.6699999999999999,0.24666666666666673,5.62,0,89
2026-08-26 23:57:07.809701,1,18.95783,73.15625,6.66,44.46,1.04,0.5500000000000002,6.66,1,89
2026-08-27 00:12:07.809701,1,18.92627,73.195,7.3,50.72,0.6399999999999997,0.7833333333333332,7.3,1,89
2026-08-27 00:27:07.809701,1,18.8947,73.23375,8.48,41.41,1.1800000000000006,0.9533333333333335,8.48,1,89
2026-08-27 00:42:07.809701,1,18.86313,73.2725,9.24,41.15,0.7599999999999998,0.86,9.24,1,89
2026-08-27 00:57:07.809701,1,18.83157,73.31125,10.33,52.15,1.0899999999999999,1.01,10.33,1,89
2026-08-27 01:12:07.809701,2,18.8,73.35,11.43,54.82,1.0999999999999996,0.9833333333333331,11.43,1,89
2026-08-27 01:27:07.809701,2,18.775,73.4,12.16,43.87,0.7300000000000004,0.9733333333333333,12.16,1,89
2026-08-27 01:42:07.809701,2,18.75,73.45,13.02,55.4,0.8599999999999994,0.8966666666666665,13.02,1,89
2026-08-27 01:57:07.809701,2,18.725,73.5,14.12,53.48,1.0999999999999996,0.8966666666666665,14.12,1,89
2026-08-27 02:12:07.809701,2,18.7,73.55,15.18,46.64,1.0600000000000005,1.0066666666666666,15.18,1,89
2026-08-27 02:27:07.809701,2,18.675,73.6,16.16,48.55,0.9800000000000004,1.0466666666666669,16.16,1,89
2026-08-27 02:42:07.809701,3,18.65,73.65,16.94,42.32,0.7800000000000011,0.9400000000000007,16.94,1,89
2026-08-27 02:57:07.809701,3,18.63013,73.68297,17.57,43.69,0.629999999999999,0.7966666666666669,17.57,1,89
2026-08-27 03:12:07.809701,3,18.61027,73.71593,18.21,59.47,0.6400000000000006,0.6833333333333336,18.21,1,89
2026-08-27 03:27:07.809701,3,18.5904,73.7489,19.31,58.84,1.0999999999999979,0.7899999999999991,19.31,1,89
2026-08-27 03:42:07.809701,3,18.57053,73.78187,20.29,55.07,0.9800000000000004,0.9066666666666663,20.29,1,89
2026-08-27 03:57:07.809701,3,18.55067,73.81483,21.44,51.02,1.1500000000000021,1.0766666666666669,21.44,1,89
2026-08-26 22:12:07.811628,0,19.076,72.8777,5.09,58.84,0.0,0.0,5.09,0,90
2026-08-26 22:27:07.811628,0,19.06157,72.91767,5.18,49.59,0.08999999999999986,0.0,5.18,0,90
2026-08-26 22:42:07.811628,0,19.04713,72.95763,5.06,55.39,-0.1200000000000001,0.0,5.06,0,90
2026-08-26 22:57:07.811628,0,19.0327,72.9976,5.05,49.11,-0.009999999999999787,-0.013333333333333345,5.05,0,90
2026-08-26 23:12:07.811628,0,19.01827,73.03757,4.98,40.45,-0.0699999999999994,-0.06666666666666643,4.98,0,90
2026-08-26 23:27:07.811628,0,19.00383,73.07753,4.78,58.47,-0.20000000000000018,-0.09333333333333312,4.78,0,90
2026-08-26 23:42:07.811628,1,18.9894,73.1175,4.88,52.02,0.09999999999999964,-0.05666666666666664,4.88,0,90
2026-08-26 23:57:07.811628,1,18.95783,73.15625,5.01,53.44,0.1299999999999999,0.009999999999999787,5.01,0,90
2026-08-27 00:12:07.811628,1,18.92627,73.195,5.01,49.17,0.0,0.07666666666666651,5.01,0,90
2026-08-27 00:27:07.811628,1,18.8947,73.23375,4.93,47.6,-0.08000000000000007,0.016666666666666607,4.93,0,90
2026-08-27 00:42:07.811628,1,18.86313,73.2725,4.86,59.23,-0.0699999999999994,-0.04999999999999982,4.86,0,90
2026-08-27 00:57:07.811628,1,18.83157,73.31125,5.03,40.78,0.16999999999999993,0.006666666666666821,5.03,0,90
2026-08-27 01:12:07.811628,2,18.8,73.35,5.09,56.57,0.05999999999999961,0.05333333333333338,5.09,0,90
2026-08-27 01:27:07.811628,2,18.775,73.4,5.12,50.81,0.03000000000000025,0.0866666666666666,5.12,0,90
2026-08-27 01:42:07.811628,2,18.75,73.45,5.03,42.7,-0.08999999999999986,0.0,5.03,0,90
2026-08-27 01:57:07.811628,2,18.725,73.5,4.98,50.8,-0.04999999999999982,-0.03666666666666648,4.98,0,90
2026-08-27 02:12:07.811628,2,18.7,73.55,5.02,57.88,0.03999999999999915,-0.03333333333333351,5.02,0,90
2026-08-27 02:27:07.811628,2,18.675,73.6,5.14,56.02,0.1200000000000001,0.03666666666666648,5.14,0,90
2026-08-27 02:42:07.811628,3,18.65,73.65,5.59,58.76,0.4500000000000002,0.20333333333333314,5.59,0,90
2026-08-27 02:57:07.811628,3,18.63013,73.68297,5.92,54.02,0.33000000000000007,0.3000000000000001,5.92,0,90
2026-08-27 03:12:07.811628,3,18.61027,73.71593,6.38,52.98,0.45999999999999996,0.4133333333333334,6.38,0,90
2026-08-27 03:27:07.811628,3,18.5904,73.7489,6.78,49.53,0.40000000000000036,0.3966666666666668,6.78,0,90
2026-08-27 03:42:07.811628,3,18.57053,73.78187,7.18,46.18,0.39999999999999947,0.41999999999999993,7.18,0,90
2026-08-27 03:57:07.811628,3,18.55067,73.81483,7.72,47.87,0.54,0.4466666666666666,7.72,0,90
2026-08-26 22:12:07.813621,0,19.076,72.8777,4.91,42.88,0.0,0.0,4.91,0,91
2026-08-26 22:27:07.813621,0,19.06157,72.91767,4.89,57.99,-0.020000000000000462,0.0,4.89,0,91
2026-08-26 22:42:07.813621,0,19.04713,72.95763,4.94,52.89,0.05000000000000071,0.0,4.94,0,91
2026-08-26 22:57:07.813621,0,19.0327,72.9976,4.98,59.27,0.040000000000000036,0.023333333333333428,4.98,0,91
2026-08-26 23:12:07.813621,0,19.01827,73.03757,5.04,42.58,0.05999999999999961,0.05000000000000012,5.04,0,91
2026-08-26 23:27:07.813621,0,19.00383,73.07753,4.88,47.78,-0.16000000000000014,-0.020000000000000167,4.88,0,91
2026-08-26 23:42:07.813621,1,18.9894,73.1175,5.22,54.32,0.33999999999999986,0.07999999999999978,5.22,0,91
2026-08-26 23:57:07.813621,1,18.95783,73.15625,5.5,43.49,0.28000000000000025,0.15333333333333332,5.5,0,91
2026-08-27 00:12:07.813621,1,18.92627,73.195,5.69,50.8,0.1900000000000004,0.2700000000000002,5.69,0,91
2026-08-27 00:27:07.813621,1,18.8947,73.23375,5.98,50.35,0.29000000000000004,0.2533333333333336,5.98,0,91
2026-08-27 00:42:07.813621,1,18.86313,73.2725,6.28,55.23,0.2999999999999998,0.26000000000000006,6.28,0,91
2026-08-27 00:57:07.813621,1,18.83157,73.31125,6.62,41.38,0.33999999999999986,0.3099999999999999,6.62,0,91
2026-08-27 01:12:07.813621,2,18.8,73.35,6.98,40.88,0.3600000000000003,0.3333333333333333,6.98,0,91
2026-08-27 01:27:07.813621,2,18.775,73.4,7.33,44.36,0.34999999999999964,0.3499999999999999,7.33,0,91
2026-08-27 01:42:07.813621,2,18.75,73.45,7.66,46.22,0.33000000000000007,0.3466666666666667,7.66,1,91
2026-08-27 01:57:07.813621,2,18.725,73.5,8.0,56.98,0.33999999999999986,0.33999999999999986,8.0,1,91
2026-08-27 02:12:07.813621,2,18.7,73.55,8.31,42.87,0.3100000000000005,0.3266666666666668,8.31,1,91
2026-08-27 02:27:07.813621,2,18.675,73.6,8.66,57.08,0.34999999999999964,0.3333333333333333,8.66,1,91
2026-08-27 02:42:07.813621,3,18.65,73.65,8.97,43.22,0.3100000000000005,0.32333333333333353,8.97,1,91
2026-08-27 02:57:07.813621,3,18.63013,73.68297,9.17,55.76,0.1999999999999993,0.28666666666666646,9.17,1,91
2026-08-27 03:12:07.813621,3,18.61027,73.71593,9.52,52.54,0.34999999999999964,0.28666666666666646,9.52,1,91
2026-08-27 03:27:07.813621,3,18.5904,73.7489,9.78,56.81,0.2599999999999998,0.2699999999999996,9.78,1,91
2026-08-27 03:42:07.813621,3,18.57053,73.78187,10.09,58.28,0.3100000000000005,0.30666666666666664,10.09,1,91
2026-08-27 03:57:07.813621,3,18.55067,73.81483,10.3,59.23,0.21000000000000085,0.2600000000000004,10.3,1,91
2026-08-26 22:12:07.815609,0,19.076,72.8777,4.93,57.97,0.0,0.0,4.93,0,92
2026-08-26 22:27:07.815609,0,19.06157,72.91767,5.11,59.22,0.1800000000000006,0.0,5.11,0,92
2026-08-26 22:42:07.815609,0,19.04713,72.95763,5.16,59.95,0.04999999999999982,0.0,5.16,0,92
2026-08-26 22:57:07.815609,0,19.0327,72.9976,5.27,59.84,0.10999999999999943,0.11333333333333329,5.27,0,92
2026-08-26 23:12:07.815609,0,19.01827,73.03757,5.2,47.83,-0.0699999999999994,0.029999999999999954,5.2,0,92
2026-08-26 23:27:07.815609,0,19.00383,73.07753,5.34,50.75,0.13999999999999968,0.05999999999999991,5.34,0,92
2026-08-26 23:42:07.815609,1,18.9894,73.1175,6.11,55.88,0.7700000000000005,0.28000000000000025,6.11,0,92
2026-08-26 23:57:07.815609,1,18.95783,73.15625,7.16,40.76,1.0499999999999998,0.6533333333333333,7.16,1,92
2026-08-27 00:12:07.815609,1,18.92627,73.195,7.87,59.09,0.71,0.8433333333333334,7.87,1,92
2026-08-27 00:27:07.815609,1,18.8947,73.23375,8.93,57.31,1.0599999999999996,0.9399999999999998,8.93,1,92
2026-08-27 00:42:07.815609,1,18.86313,73.2725,9.58,42.15,0.6500000000000004,0.8066666666666666,9.58,1,92
2026-08-27 00:57:07.815609,1,18.83157,73.31125,10.33,58.49,0.75,0.82,10.33,1,92
2026-08-27 01:12:07.815609,2,18.8,73.35,11.25,51.32,0.9199999999999999,0.7733333333333334,11.25,1,92
2026-08-27 01:27:07.815609,2,18.775,73.4,11.91,43.26,0.6600000000000001,0.7766666666666667,11.91,1,92
2026-08-27 01:42:07.815609,2,18.75,73.45,13.14,42.57,1.2300000000000004,0.9366666666666669,13.14,1,92
2026-08-27 01:57:07.815609,2,18.725,73.5,14.37,50.59,1.2299999999999986,1.0399999999999998,14.37,1,92
2026-08-27 02:12:07.815609,2,18.7,73.55,15.03,53.59,0.6600000000000001,1.0399999999999998,15.03,1,92
2026-08-27 02:27:07.815609,2,18.675,73.6,15.87,51.02,0.8399999999999999,0.9099999999999996,15.87,1,92
2026-08-27 02:42:07.815609,3,18.65,73.65,17.06,43.17,1.1899999999999995,0.8966666666666665,17.06,1,92
2026-08-27 02:57:07.815609,3,18.63013,73.68297,18.32,41.96,1.2600000000000016,1.096666666666667,18.32,1,92
2026-08-27 03:12:07.815609,3,18.61027,73.71593,19.43,59.27,1.1099999999999994,1.1866666666666668,19.43,1,92
2026-08-27 03:27:07.815609,3,18.5904,73.7489,20.4,53.09,0.9699999999999989,1.1133333333333333,20.4,1,92
2026-08-27 03:42:07.815609,3,18.57053,73.78187,21.22,57.01,0.8200000000000003,0.9666666666666662,21.22,1,92
2026-08-27 03:57:07.815609,3,18.55067,73.81483,21.98,46.41,0.7600000000000016,0.8500000000000002,21.98,1,92
2026-08-26 22:12:07.817622,0,19.076,72.8777,4.94,57.16,0.0,0.0,4.94,0,93
2026-08-26 22:27:07.817622,0,19.06157,72.91767,4.9,57.5,-0.040000000000000036,0.0,4.9,0,93
2026-08-26 22:42:07.817622,0,19.04713,72.95763,4.79,41.76,-0.11000000000000032,0.0,4.79,0,93
2026-08-26 22:57:07.817622,0,19.0327,72.9976,4.78,55.16,-0.009999999999999787,-0.05333333333333338,4.78,0,93
2026-08-26 23:12:07.817622,0,19.01827,73.03757,4.76,50.97,-0.020000000000000462,-0.046666666666666856,4.76,0,93
2026-08-26 23:27:07.817622,0,19.00383,73.07753,4.62,48.3,-0.13999999999999968,-0.05666666666666664,4.62,0,93
2026-08-26 23:42:07.817622,1,18.9894,73.1175,4.65,49.8,0.03000000000000025,-0.0433333333333333,4.65,0,93
2026-08-26 23:57:07.817622,1,18.95783,73.15625,4.49,40.13,-0.16000000000000014,-0.08999999999999986,4.49,0,93
2026-08-27 00:12:07.817622,1,18.92627,73.195,4.53,48.94,0.040000000000000036,-0.029999999999999954,4.53,0,93
2026-08-27 00:27:07.817622,1,18.8947,73.23375,4.45,54.67,-0.08000000000000007,-0.06666666666666672,4.45,0,93
2026-08-27 00:42:07.817622,1,18.86313,73.2725,4.41,55.62,-0.040000000000000036,-0.02666666666666669,4.41,0,93
2026-08-27 00:57:07.817622,1,18.83157,73.31125,4.45,40.16,0.040000000000000036,-0.02666666666666669,4.45,0,93
2026-08-27 01:12:07.817622,2,18.8,73.35,4.57,56.92,0.1200000000000001,0.040000000000000036,4.57,0,93
2026-08-27 01:27:07.817622,2,18.775,73.4,4.56,45.68,-0.010000000000000675,0.04999999999999982,4.56,0,93
2026-08-27 01:42:07.817622,2,18.75,73.45,4.47,46.59,-0.08999999999999986,0.006666666666666525,4.47,0,93
2026-08-27 01:57:07.817622,2,18.725,73.5,4.36,48.26,-0.10999999999999943,-0.06999999999999999,4.36,0,93
2026-08-27 02:12:07.817622,2,18.7,73.55,4.46,56.77,0.09999999999999964,-0.033333333333333215,4.46,0,93
2026-08-27 02:27:07.817622,2,18.675,73.6,4.46,46.5,0.0,-0.0033333333333332624,4.46,0,93
2026-08-27 02:42:07.817622,3,18.65,73.65,4.34,40.56,-0.1200000000000001,-0.006666666666666821,4.34,0,93
2026-08-27 02:57:07.817622,3,18.63013,73.68297,4.31,54.6,-0.03000000000000025,-0.05000000000000012,4.31,0,93
2026-08-27 03:12:07.817622,3,18.61027,73.71593,4.31,47.68,0.0,-0.05000000000000012,4.31,0,93
2026-08-27 03:27:07.817622,3,18.5904,73.7489,4.22,50.14,-0.08999999999999986,-0.040000000000000036,4.22,0,93
2026-08-27 03:42:07.817622,3,18.57053,73.78187,4.1,53.4,-0.1200000000000001,-0.06999999999999999,4.1,0,93
2026-08-27 03:57:07.817622,3,18.55067,73.81483,4.21,53.13,0.11000000000000032,-0.033333333333333215,4.21,0,93
2026-08-26 22:12:07.819602,0,19.076,72.8777,5.13,41.87,0.0,0.0,5.13,0,94
2026-08-26 22:27:07.819602,0,19.06157,72.91767,5.22,51.38,0.08999999999999986,0.0,5.22,0,94
2026-08-26 22:42:07.819602,0,19.04713,72.95763,5.2,56.77,-0.019999999999999574,0.0,5.2,0,94
2026-08-26 22:57:07.819602,0,19.0327,72.9976,5.04,56.88,-0.16000000000000014,-0.029999999999999954,5.04,0,94
2026-08-26 23:12:07.819602,0,19.01827,73.03757,4.92,49.01,-0.1200000000000001,-0.09999999999999994,4.92,0,94
2026-08-26 23:27:07.819602,0,19.00383,73.07753,4.88,42.83,-0.040000000000000036,-0.10666666666666676,4.88,0,94
2026-08-26 23:42:07.819602,1,18.9894,73.1175,5.06,45.9,0.17999999999999972,0.006666666666666525,5.06,0,94
2026-08-26 23:57:07.819602,1,18.95783,73.15625,5.01,55.33,-0.04999999999999982,0.029999999999999954,5.01,0,94
2026-08-27 00:12:07.819602,1,18.92627,73.195,4.9,42.19,-0.10999999999999943,0.006666666666666821,4.9,0,94
2026-08-27 00:27:07.819602,1,18.8947,73.23375,4.76,59.89,-0.14000000000000057,-0.09999999999999994,4.76,0,94
2026-08-27 00:42:07.819602,1,18.86313,73.2725,4.91,41.29,0.15000000000000036,-0.033333333333333215,4.91,0,94
2026-08-27 00:57:07.819602,1,18.83157,73.31125,4.75,40.96,-0.16000000000000014,-0.05000000000000012,4.75,0,94
2026-08-27 01:12:07.819602,2,18.8,73.35,5.84,50.68,1.0899999999999999,0.36000000000000004,5.84,1,94
2026-08-27 01:27:07.819602,2,18.775,73.4,7.26,57.17,1.42,0.7833333333333332,7.26,1,94
2026-08-27 01:42:07.819602,2,18.75,73.45,8.06,48.12,0.8000000000000007,1.1033333333333335,8.06,1,94
2026-08-27 01:57:07.819602,2,18.725,73.5,9.5,53.05,1.4399999999999995,1.22,9.5,1,94
2026-08-27 02:12:07.819602,2,18.7,73.55,10.92,42.07,1.42,1.22,10.92,1,94
2026-08-27 02:27:07.819602,2,18.675,73.6,12.25,45.49,1.33,1.3966666666666665,12.25,1,94
2026-08-27 02:42:07.819602,3,18.65,73.65,13.23,44.41,0.9800000000000004,1.2433333333333334,13.23,1,94
2026-08-27 02:57:07.819602,3,18.63013,73.68297,14.56,54.75,1.33,1.2133333333333336,14.56,1,94
2026-08-27 03:12:07.819602,3,18.61027,73.71593,15.8,45.23,1.2400000000000002,1.1833333333333336,15.8,1,94
2026-08-27 03:27:07.819602,3,18.5904,73.7489,17.03,49.23,1.2300000000000004,1.2666666666666668,17.03,1,94
2026-08-27 03:42:07.819602,3,18.57053,73.78187,18.05,53.23,1.0199999999999996,1.1633333333333333,18.05,1,94
2026-08-27 03:57:07.819602,3,18.55067,73.81483,18.82,41.6,0.7699999999999996,1.0066666666666666,18.82,1,94
2026-08-26 22:12:07.821526,0,19.076,72.8777,5.99,44.05,0.0,0.0,5.99,0,95
2026-08-26 22:27:07.821526,0,19.06157,72.91767,6.81,44.07,0.8199999999999994,0.0,6.81,1,95
2026-08-26 22:42:07.821526,0,19.04713,72.95763,7.68,51.72,0.8700000000000001,0.0,7.68,1,95
2026-08-26 22:57:07.821526,0,19.0327,72.9976,8.5,42.82,0.8200000000000003,0.8366666666666666,8.5,1,95
2026-08-26 23:12:07.821526,0,19.01827,73.03757,9.13,40.15,0.6300000000000008,0.7733333333333338,9.13,1,95
2026-08-26 23:27:07.821526,0,19.00383,73.07753,10.15,40.17,1.0199999999999996,0.8233333333333336,10.15,1,95
2026-08-26 23:42:07.821526,1,18.9894,73.1175,10.77,59.24,0.6199999999999992,0.7566666666666665,10.77,1,95
2026-08-26 23:57:07.821526,1,18.95783,73.15625,11.7,56.5,0.9299999999999997,0.8566666666666661,11.7,1,95
2026-08-27 00:12:07.821526,1,18.92627,73.195,12.43,41.03,0.7300000000000004,0.7599999999999998,12.43,1,95
2026-08-27 00:27:07.821526,1,18.8947,73.23375,13.04,50.06,0.6099999999999994,0.7566666666666665,13.04,1,95
2026-08-27 00:42:07.821526,1,18.86313,73.2725,13.69,50.74,0.6500000000000004,0.6633333333333334,13.69,1,95
2026-08-27 00:57:07.821526,1,18.83157,73.31125,14.54,43.91,0.8499999999999996,0.7033333333333331,14.54,1,95
2026-08-27 01:12:07.821526,2,18.8,73.35,15.31,56.7,0.7700000000000014,0.7566666666666672,15.31,1,95
2026-08-27 01:27:07.821526,2,18.775,73.4,16.15,53.04,0.8399999999999981,0.8199999999999997,16.15,1,95
2026-08-27 01:42:07.821526,2,18.75,73.45,16.94,49.15,0.7900000000000027,0.8000000000000007,16.94,1,95
2026-08-27 01:57:07.821526,2,18.725,73.5,17.69,58.28,0.75,0.7933333333333336,17.69,1,95
2026-08-27 02:12:07.821526,2,18.7,73.55,18.57,41.6,0.879999999999999,0.8066666666666672,18.57,1,95
2026-08-27 02:27:07.821526,2,18.675,73.6,19.49,44.54,0.9199999999999982,0.8499999999999991,19.49,1,95
2026-08-27 02:42:07.821526,3,18.65,73.65,20.18,52.96,0.6900000000000013,0.8299999999999995,20.18,1,95
2026-08-27 02:57:07.821526,3,18.63013,73.68297,20.9,55.17,0.7199999999999989,0.7766666666666661,20.9,1,95
2026-08-27 03:12:07.821526,3,18.61027,73.71593,21.54,40.44,0.6400000000000006,0.6833333333333336,21.54,1,95
2026-08-27 03:27:07.821526,3,18.5904,73.7489,22.13,42.53,0.5899999999999999,0.6499999999999998,22.13,1,95
2026-08-27 03:42:07.821526,3,18.57053,73.78187,22.71,59.36,0.5800000000000018,0.603333333333334,22.71,1,95
2026-08-27 03:57:07.821526,3,18.55067,73.81483,23.54,41.69,0.8299999999999983,0.6666666666666666,23.54,1,95
2026-08-26 22:12:07.823317,0,19.076,72.8777,5.17,48.39,0.0,0.0,5.17,0,96
2026-08-26 22:27:07.823317,0,19.06157,72.91767,5.36,57.75,0.1900000000000004,0.0,5.36,0,96
2026-08-26 22:42:07.823317,0,19.04713,72.95763,5.37,56.29,0.009999999999999787,0.0,5.37,0,96
2026-08-26 22:57:07.823317,0,19.0327,72.9976,5.38,44.0,0.009999999999999787,0.06999999999999999,5.38,0,96
2026-08-26 23:12:07.823317,0,19.01827,73.03757,5.48,48.76,0.10000000000000053,0.040000000000000036,5.48,0,96
2026-08-26 23:27:07.823317,0,19.00383,73.07753,5.57,58.35,0.08999999999999986,0.06666666666666672,5.57,0,96
2026-08-26 23:42:07.823317,1,18.9894,73.1175,5.48,45.43,-0.08999999999999986,0.03333333333333351,5.48,0,96
2026-08-26 23:57:07.823317,1,18.95783,73.15625,5.5,55.41,0.019999999999999574,0.006666666666666525,5.5,0,96
2026-08-27 00:12:07.823317,1,18.92627,73.195,5.68,46.36,0.17999999999999972,0.03666666666666648,5.68,0,96
2026-08-27 00:27:07.823317,1,18.8947,73.23375,5.63,49.41,-0.04999999999999982,0.04999999999999982,5.63,0,96
2026-08-27 00:42:07.823317,1,18.86313,73.2725,5.46,58.39,-0.16999999999999993,-0.013333333333333345,5.46,0,96
2026-08-27 00:57:07.823317,1,18.83157,73.31125,5.49,59.75,0.03000000000000025,-0.06333333333333317,5.49,0,96
2026-08-27 01:12:07.823317,2,18.8,73.35,5.79,55.63,0.2999999999999998,0.05333333333333338,5.79,0,96
2026-08-27 01:27:07.823317,2,18.775,73.4,6.22,52.74,0.4299999999999997,0.25333333333333324,6.22,0,96
2026-08-27 01:42:07.823317,2,18.75,73.45,6.54,55.28,0.3200000000000003,0.3499999999999999,6.54,0,96
2026-08-27 01:57:07.823317,2,18.725,73.5,6.78,52.08,0.2400000000000002,0.33000000000000007,6.78,0,96
2026-08-27 02:12:07.823317,2,18.7,73.55,7.16,58.95,0.3799999999999999,0.31333333333333346,7.16,0,96
2026-08-27 02:27:07.823317,2,18.675,73.6,7.54,57.7,0.3799999999999999,0.3333333333333333,7.54,1,96
2026-08-27 02:42:07.823317,3,18.65,73.65,7.89,53.89,0.34999999999999964,0.36999999999999983,7.89,1,96
2026-08-27 02:57:07.823317,3,18.63013,73.68297,8.17,41.26,0.28000000000000025,0.3366666666666666,8.17,1,96
2026-08-27 03:12:07.823317,3,18.61027,73.71593,8.47,50.44,0.3000000000000007,0.3100000000000002,8.47,1,96
2026-08-27 03:27:07.823317,3,18.5904,73.7489,8.86,41.68,0.3899999999999988,0.32333333333333325,8.86,1,96
2026-08-27 03:42:07.823317,3,18.57053,73.78187,9.2,48.21,0.33999999999999986,0.3433333333333331,9.2,1,96
2026-08-27 03:57:07.823317,3,18.55067,73.81483,9.46,40.07,0.26000000000000156,0.33000000000000007,9.46,1,96
2026-08-26 22:12:07.825272,0,19.076,72.8777,4.86,48.04,0.0,0.0,4.86,0,97
2026-08-26 22:27:07.825272,0,19.06157,72.91767,4.7,59.32,-0.16000000000000014,0.0,4.7,0,97
2026-08-26 22:42:07.825272,0,19.04713,72.95763,4.78,48.4,0.08000000000000007,0.0,4.78,0,97
2026-08-26 22:57:07.825272,0,19.0327,72.9976,4.76,49.61,-0.020000000000000462,-0.03333333333333351,4.76,0,97
2026-08-26 23:12:07.825272,0,19.01827,73.03757,4.6,58.1,-0.16000000000000014,-0.03333333333333351,4.6,0,97
2026-08-26 23:27:07.825272,0,19.00383,73.07753,4.7,46.97,0.10000000000000053,-0.02666666666666669,4.7,0,97
2026-08-26 23:42:07.825272,1,18.9894,73.1175,4.9,51.78,0.20000000000000018,0.046666666666666856,4.9,0,97
2026-08-26 23:57:07.825272,1,18.95783,73.15625,4.77,55.25,-0.13000000000000078,0.05666666666666664,4.77,0,97
2026-08-27 00:12:07.825272,1,18.92627,73.195,4.91,48.36,0.14000000000000057,0.06999999999999999,4.91,0,97
2026-08-27 00:27:07.825272,1,18.8947,73.23375,5.01,45.53,0.09999999999999964,0.03666666666666648,5.01,0,97
2026-08-27 00:42:07.825272,1,18.86313,73.2725,5.05,54.79,0.040000000000000036,0.09333333333333342,5.05,0,97
2026-08-27 00:57:07.825272,1,18.83157,73.31125,4.92,57.67,-0.1299999999999999,0.0033333333333332624,4.92,0,97
2026-08-27 01:12:07.825272,2,18.8,73.35,6.05,43.81,1.13,0.3466666666666667,6.05,0,97
2026-08-27 01:27:07.825272,2,18.775,73.4,7.04,59.89,0.9900000000000002,0.6633333333333334,7.04,1,97
2026-08-27 01:42:07.825272,2,18.75,73.45,7.89,55.73,0.8499999999999996,0.9899999999999999,7.89,1,97
2026-08-27 01:57:07.825272,2,18.725,73.5,8.69,53.36,0.7999999999999998,0.8799999999999999,8.69,1,97
2026-08-27 02:12:07.825272,2,18.7,73.55,9.76,51.14,1.0700000000000003,0.9066666666666666,9.76,1,97
2026-08-27 02:27:07.825272,2,18.675,73.6,10.71,40.72,0.9500000000000011,0.9400000000000004,10.71,1,97
2026-08-27 02:42:07.825272,3,18.65,73.65,11.43,44.49,0.7199999999999989,0.9133333333333334,11.43,1,97
2026-08-27 02:57:07.825272,3,18.63013,73.68297,12.49,57.87,1.0600000000000005,0.9100000000000001,12.49,1,97
2026-08-27 03:12:07.825272,3,18.61027,73.71593,13.76,41.64,1.2699999999999996,1.0166666666666664,13.76,1,97
2026-08-27 03:27:07.825272,3,18.5904,73.7489,14.59,52.31,0.8300000000000001,1.0533333333333335,14.59,1,97
2026-08-27 03:42:07.825272,3,18.57053,73.78187,15.34,51.14,0.75,0.9499999999999998,15.34,1,97
2026-08-27 03:57:07.825272,3,18.55067,73.81483,16.56,52.9,1.2199999999999989,0.933333333333333,16.56,1,97
2026-08-26 22:12:07.827445,0,19.076,72.8777,4.97,48.32,0.0,0.0,4.97,0,98
2026-08-26 22:27:07.827445,0,19.06157,72.91767,4.93,55.52,-0.040000000000000036,0.0,4.93,0,98
2026-08-26 22:42:07.827445,0,19.04713,72.95763,4.92,53.6,-0.009999999999999787,0.0,4.92,0,98
2026-08-26 22:57:07.827445,0,19.0327,72.9976,5.07,50.53,0.15000000000000036,0.03333333333333351,5.07,0,98
2026-08-26 23:12:07.827445,0,19.01827,73.03757,5.19,54.67,0.1200000000000001,0.08666666666666689,5.19,0,98
2026-08-26 23:27:07.827445,0,19.00383,73.07753,5.18,59.67,-0.010000000000000675,0.0866666666666666,5.18,0,98
2026-08-26 23:42:07.827445,1,18.9894,73.1175,5.02,48.58,-0.16000000000000014,-0.016666666666666902,5.02,0,98
2026-08-26 23:57:07.827445,1,18.95783,73.15625,5.15,40.79,0.13000000000000078,-0.013333333333333345,5.15,0,98
2026-08-27 00:12:07.827445,1,18.92627,73.195,5.23,56.23,0.08000000000000007,0.016666666666666902,5.23,0,98
2026-08-27 00:27:07.827445,1,18.8947,73.23375,5.06,42.96,-0.17000000000000082,0.013333333333333345,5.06,0,98
2026-08-27 00:42:07.827445,1,18.86313,73.2725,5.25,54.92,0.1900000000000004,0.033333333333333215,5.25,0,98
2026-08-27 00:57:07.827445,1,18.83157,73.31125,5.42,40.19,0.16999999999999993,0.06333333333333317,5.42,0,98
2026-08-27 01:12:07.827445,2,18.8,73.35,5.51,59.17,0.08999999999999986,0.15000000000000005,5.51,0,98
2026-08-27 01:27:07.827445,2,18.775,73.4,5.5,59.59,-0.009999999999999787,0.08333333333333333,5.5,0,98
2026-08-27 01:42:07.827445,2,18.75,73.45,5.36,48.01,-0.13999999999999968,-0.01999999999999987,5.36,0,98
2026-08-27 01:57:07.827445,2,18.725,73.5,5.52,57.98,0.15999999999999925,0.0033333333333332624,5.52,0,98
2026-08-27 02:12:07.827445,2,18.7,73.55,5.65,40.56,0.13000000000000078,0.05000000000000012,5.65,0,98
2026-08-27 02:27:07.827445,2,18.675,73.6,5.64,50.04,-0.010000000000000675,0.09333333333333312,5.64,0,98
2026-08-27 02:42:07.827445,3,18.65,73.65,5.48,53.89,-0.15999999999999925,-0.01333333333333305,5.48,0,98
2026-08-27 02:57:07.827445,3,18.63013,73.68297,5.38,54.7,-0.10000000000000053,-0.09000000000000015,5.38,0,98
2026-08-27 03:12:07.827445,3,18.61027,73.71593,5.55,45.56,0.16999999999999993,-0.029999999999999954,5.55,0,98
2026-08-27 03:27:07.827445,3,18.5904,73.7489,5.48,58.2,-0.0699999999999994,0.0,5.48,0,98
2026-08-27 03:42:07.827445,3,18.57053,73.78187,5.59,53.37,0.10999999999999943,0.06999999999999999,5.59,0,98
2026-08-27 03:57:07.827445,3,18.55067,73.81483,5.62,57.23,0.03000000000000025,0.023333333333333428,5.62,0,98
2026-08-26 22:12:07.829513,0,19.076,72.8777,5.17,50.11,0.0,0.0,5.17,0,99
2026-08-26 22:27:07.829513,0,19.06157,72.91767,5.12,42.79,-0.04999999999999982,0.0,5.12,0,99
2026-08-26 22:42:07.829513,0,19.04713,72.95763,4.92,54.47,-0.20000000000000018,0.0,4.92,0,99
2026-08-26 22:57:07.829513,0,19.0327,72.9976,4.81,51.34,-0.11000000000000032,-0.1200000000000001,4.81,0,99
2026-08-26 23:12:07.829513,0,19.01827,73.03757,4.81,58.43,0.0,-0.1033333333333335,4.81,0,99
2026-08-26 23:27:07.829513,0,19.00383,73.07753,4.63,40.86,-0.17999999999999972,-0.09666666666666668,4.63,0,99
2026-08-26 23:42:07.829513,1,18.9894,73.1175,5.68,40.51,1.0499999999999998,0.29000000000000004,5.68,0,99
2026-08-26 23:57:07.829513,1,18.95783,73.15625,6.87,59.2,1.1900000000000004,0.6866666666666669,6.87,1,99
2026-08-27 00:12:07.829513,1,18.92627,73.195,7.66,48.3,0.79,1.01,7.66,1,99
2026-08-27 00:27:07.829513,1,18.8947,73.23375,8.89,41.06,1.2300000000000004,1.0700000000000003,8.89,1,99
2026-08-27 00:42:07.829513,1,18.86313,73.2725,9.75,43.71,0.8599999999999994,0.96,9.75,1,99
2026-08-27 00:57:07.829513,1,18.83157,73.31125,11.03,49.08,1.2799999999999994,1.123333333333333,11.03,1,99
2026-08-27 01:12:07.829513,2,18.8,73.35,12.39,45.02,1.3600000000000012,1.1666666666666667,12.39,1,99
2026-08-27 01:27:07.829513,2,18.775,73.4,13.51,41.66,1.1199999999999992,1.2533333333333332,13.51,1,99
2026-08-27 01:42:07.829513,2,18.75,73.45,14.44,54.66,0.9299999999999997,1.1366666666666667,14.44,1,99
2026-08-27 01:57:07.829513,2,18.725,73.5,15.68,47.98,1.2400000000000002,1.0966666666666665,15.68,1,99
2026-08-27 02:12:07.829513,2,18.7,73.55,16.48,42.24,0.8000000000000007,0.9900000000000002,16.48,1,99
2026-08-27 02:27:07.829513,2,18.675,73.6,17.19,54.16,0.7100000000000009,0.9166666666666673,17.19,1,99
2026-08-27 02:42:07.829513,3,18.65,73.65,17.98,41.5,0.7899999999999991,0.7666666666666669,17.98,1,99
2026-08-27 02:57:07.829513,3,18.63013,73.68297,19.3,46.1,1.3200000000000003,0.9400000000000001,19.3,1,99
2026-08-27 03:12:07.829513,3,18.61027,73.71593,20.07,53.64,0.7699999999999996,0.9599999999999996,20.07,1,99
2026-08-27 03:27:07.829513,3,18.5904,73.7489,21.35,47.21,1.2800000000000011,1.1233333333333337,21.35,1,99
2026-08-27 03:42:07.829513,3,18.57053,73.78187,22.69,59.24,1.3399999999999999,1.1300000000000001,22.69,1,99
2026-08-27 03:57:07.829513,3,18.55067,73.81483,23.82,57.24,1.129999999999999,1.25,23.82,1,99
2026-08-26 22:12:07.831597,0,19.076,72.8777,5.02,44.01,0.0,0.0,5.02,0,100
2026-08-26 22:27:07.831597,0,19.06157,72.91767,4.82,41.83,-0.1999999999999993,0.0,4.82,0,100
2026-08-26 22:42:07.831597,0,19.04713,72.95763,4.7,41.37,-0.1200000000000001,0.0,4.7,0,100
2026-08-26 22:57:07.831597,0,19.0327,72.9976,4.8,58.57,0.09999999999999964,-0.07333333333333325,4.8,0,100
2026-08-26 23:12:07.831597,0,19.01827,73.03757,4.75,42.93,-0.04999999999999982,-0.023333333333333428,4.75,0,100
2026-08-26 23:27:07.831597,0,19.00383,73.07753,4.66,59.89,-0.08999999999999986,-0.013333333333333345,4.66,0,100
2026-08-26 23:42:07.831597,1,18.9894,73.1175,4.79,48.69,0.1299999999999999,-0.0033333333333332624,4.79,0,100
2026-08-26 23:57:07.831597,1,18.95783,73.15625,4.9,59.05,0.11000000000000032,0.05000000000000012,4.9,0,100
2026-08-27 00:12:07.831597,1,18.92627,73.195,5.06,56.01,0.15999999999999925,0.13333333333333316,5.06,0,100
2026-08-27 00:27:07.831597,1,18.8947,73.23375,5.14,57.21,0.08000000000000007,0.11666666666666654,5.14,0,100
2026-08-27 00:42:07.831597,1,18.86313,73.2725,5.02,47.35,-0.1200000000000001,0.03999999999999974,5.02,0,100
2026-08-27 00:57:07.831597,1,18.83157,73.31125,5.16,49.68,0.14000000000000057,0.03333333333333351,5.16,0,100
2026-08-27 01:12:07.831597,2,18.8,73.35,5.03,51.91,-0.1299999999999999,-0.03666666666666648,5.03,0,100
2026-08-27 01:27:07.831597,2,18.775,73.4,4.92,41.89,-0.11000000000000032,-0.033333333333333215,4.92,0,100
2026-08-27 01:42:07.831597,2,18.75,73.45,4.95,47.84,0.03000000000000025,-0.06999999999999999,4.95,0,100
2026-08-27 01:57:07.831597,2,18.725,73.5,5.02,49.94,0.0699999999999994,-0.003333333333333558,5.02,0,100
2026-08-27 02:12:07.831597,2,18.7,73.55,4.98,53.57,-0.03999999999999915,0.020000000000000167,4.98,0,100
2026-08-27 02:27:07.831597,2,18.675,73.6,5.1,54.43,0.11999999999999922,0.04999999999999982,5.1,0,100
2026-08-27 02:42:07.831597,3,18.65,73.65,6.11,47.57,1.0100000000000007,0.36333333333333356,6.11,1,100
2026-08-27 02:57:07.831597,3,18.63013,73.68297,7.23,42.13,1.12,0.75,7.23,1,100
2026-08-27 03:12:07.831597,3,18.61027,73.71593,8.7,47.7,1.4699999999999989,1.2,8.7,1,100
2026-08-27 03:27:07.831597,3,18.5904,73.7489,9.67,47.28,0.9700000000000006,1.1866666666666665,9.67,1,100
2026-08-27 03:42:07.831597,3,18.57053,73.78187,10.41,41.04,0.7400000000000002,1.0599999999999998,10.41,1,100
2026-08-27 03:57:07.831597,3,18.55067,73.81483,11.47,52.89,1.0600000000000005,0.9233333333333338,11.47,1,100
2026-08-26 22:12:07.833689,0,19.076,72.8777,5.08,44.42,0.0,0.0,5.08,0,101
2026-08-26 22:27:07.833689,0,19.06157,72.91767,5.12,53.32,0.040000000000000036,0.0,5.12,0,101
2026-08-26 22:42:07.833689,0,19.04713,72.95763,4.98,59.65,-0.13999999999999968,0.0,4.98,0,101
2026-08-26 22:57:07.833689,0,19.0327,72.9976,4.83,53.18,-0.15000000000000036,-0.08333333333333333,4.83,0,101
2026-08-26 23:12:07.833689,0,19.01827,73.03757,4.66,45.82,-0.16999999999999993,-0.15333333333333332,4.66,0,101
2026-08-26 23:27:07.833689,0,19.00383,73.07753,4.6,43.42,-0.0600000000000005,-0.12666666666666693,4.6,0,101
2026-08-26 23:42:07.833689,1,18.9894,73.1175,4.59,55.09,-0.009999999999999787,-0.08000000000000007,4.59,0,101
2026-08-26 23:57:07.833689,1,18.95783,73.15625,4.64,46.67,0.04999999999999982,-0.006666666666666821,4.64,0,101
2026-08-27 00:12:07.833689,1,18.92627,73.195,4.45,43.77,-0.1899999999999995,-0.04999999999999982,4.45,0,101
2026-08-27 00:27:07.833689,1,18.8947,73.23375,4.39,46.02,-0.0600000000000005,-0.06666666666666672,4.39,0,101
2026-08-27 00:42:07.833689,1,18.86313,73.2725,4.51,45.27,0.1200000000000001,-0.0433333333333333,4.51,0,101
2026-08-27 00:57:07.833689,1,18.83157,73.31125,4.33,54.6,-0.17999999999999972,-0.040000000000000036,4.33,0,101
2026-08-27 01:12:07.833689,2,18.8,73.35,4.4,48.49,0.07000000000000028,0.003333333333333558,4.4,0,101
2026-08-27 01:27:07.833689,2,18.775,73.4,4.38,50.62,-0.020000000000000462,-0.0433333333333333,4.38,0,101
2026-08-27 01:42:07.833689,2,18.75,73.45,4.38,47.43,0.0,0.016666666666666607,4.38,0,101
2026-08-27 01:57:07.833689,2,18.725,73.5,4.55,44.56,0.16999999999999993,0.04999999999999982,4.55,0,101
2026-08-27 02:12:07.833689,2,18.7,73.55,4.46,46.14,-0.08999999999999986,0.02666666666666669,4.46,0,101
2026-08-27 02:27:07.833689,2,18.675,73.6,4.6,48.37,0.13999999999999968,0.07333333333333325,4.6,0,101
2026-08-27 02:42:07.833689,3,18.65,73.65,4.49,59.5,-0.10999999999999943,-0.01999999999999987,4.49,0,101
2026-08-27 02:57:07.833689,3,18.63013,73.68297,4.47,45.48,-0.020000000000000462,0.0033333333333332624,4.47,0,101
2026-08-27 03:12:07.833689,3,18.61027,73.71593,4.35,52.37,-0.1200000000000001,-0.08333333333333333,4.35,0,101
2026-08-27 03:27:07.833689,3,18.5904,73.7489,4.26,56.14,-0.08999999999999986,-0.07666666666666681,4.26,0,101
2026-08-27 03:42:07.833689,3,18.57053,73.78187,4.46,47.32,0.20000000000000018,-0.0033333333333332624,4.46,0,101
2026-08-27 03:57:07.833689,3,18.55067,73.81483,4.6,52.81,0.13999999999999968,0.08333333333333333,4.6,0,101
2026-08-26 22:12:07.835718,0,19.076,72.8777,4.82,57.22,0.0,0.0,4.82,0,102
2026-08-26 22:27:07.835718,0,19.06157,72.91767,4.87,59.64,0.04999999999999982,0.0,4.87,0,102
2026-08-26 22:42:07.835718,0,19.04713,72.95763,4.67,48.14,-0.20000000000000018,0.0,4.67,0,102
2026-08-26 22:57:07.835718,0,19.0327,72.9976,4.68,50.85,0.009999999999999787,-0.046666666666666856,4.68,0,102
2026-08-26 23:12:07.835718,0,19.01827,73.03757,4.59,45.04,-0.08999999999999986,-0.09333333333333342,4.59,0,102
2026-08-26 23:27:07.835718,0,19.00383,73.07753,4.4,56.46,-0.1899999999999995,-0.08999999999999986,4.4,0,102
2026-08-26 23:42:07.835718,1,18.9894,73.1175,4.87,47.68,0.46999999999999975,0.06333333333333346,4.87,0,102
2026-08-26 23:57:07.835718,1,18.95783,73.15625,5.53,50.16,0.6600000000000001,0.31333333333333346,5.53,0,102
2026-08-27 00:12:07.835718,1,18.92627,73.195,6.14,55.21,0.6099999999999994,0.5799999999999997,6.14,0,102
2026-08-27 00:27:07.835718,1,18.8947,73.23375,6.58,49.9,0.4400000000000004,0.57,6.58,0,102
2026-08-27 00:42:07.835718,1,18.86313,73.2725,6.94,44.04,0.3600000000000003,0.47000000000000003,6.94,1,102
2026-08-27 00:57:07.835718,1,18.83157,73.31125,7.48,43.0,0.54,0.44666666666666693,7.48,1,102
2026-08-27 01:12:07.835718,2,18.8,73.35,8.08,57.4,0.5999999999999996,0.5,8.08,1,102
2026-08-27 01:27:07.835718,2,18.775,73.4,8.77,50.26,0.6899999999999995,0.6099999999999998,8.77,1,102
2026-08-27 01:42:07.835718,2,18.75,73.45,9.35,51.19,0.5800000000000001,0.6233333333333331,9.35,1,102
2026-08-27 01:57:07.835718,2,18.725,73.5,9.85,40.46,0.5,0.5899999999999999,9.85,1,102
2026-08-27 02:12:07.835718,2,18.7,73.55,10.4,47.29,0.5500000000000007,0.5433333333333336,10.4,1,102
2026-08-27 02:27:07.835718,2,18.675,73.6,10.84,41.69,0.4399999999999995,0.49666666666666676,10.84,1,102
2026-08-27 02:42:07.835718,3,18.65,73.65,11.35,48.89,0.5099999999999998,0.5,11.35,1,102
2026-08-27 02:57:07.835718,3,18.63013,73.68297,12.05,45.02,0.7000000000000011,0.5500000000000002,12.05,1,102
2026-08-27 03:12:07.835718,3,18.61027,73.71593,12.66,41.14,0.6099999999999994,0.6066666666666668,12.66,1,102
2026-08-27 03:27:07.835718,3,18.5904,73.7489,13.33,41.97,0.6699999999999999,0.6600000000000001,13.33,1,102
2026-08-27 03:42:07.835718,3,18.57053,73.78187,13.95,51.55,0.6199999999999992,0.6333333333333329,13.95,1,102
2026-08-27 03:57:07.835718,3,18.55067,73.81483,14.64,46.28,0.6900000000000013,0.6600000000000001,14.64,1,102
2026-08-26 22:12:07.837662,0,19.076,72.8777,4.81,40.87,0.0,0.0,4.81,0,103
2026-08-26 22:27:07.837662,0,19.06157,72.91767,4.67,53.74,-0.13999999999999968,0.0,4.67,0,103
2026-08-26 22:42:07.837662,0,19.04713,72.95763,4.69,50.2,0.020000000000000462,0.0,4.69,0,103
2026-08-26 22:57:07.837662,0,19.0327,72.9976,4.83,44.93,0.13999999999999968,0.006666666666666821,4.83,0,103
2026-08-26 23:12:07.837662,0,19.01827,73.03757,4.97,49.71,0.13999999999999968,0.09999999999999994,4.97,0,103
2026-08-26 23:27:07.837662,0,19.00383,73.07753,4.91,41.82,-0.05999999999999961,0.07333333333333325,4.91,0,103
2026-08-26 23:42:07.837662,1,18.9894,73.1175,4.8,50.29,-0.11000000000000032,-0.010000000000000083,4.8,0,103
2026-08-26 23:57:07.837662,1,18.95783,73.15625,4.81,41.22,0.009999999999999787,-0.05333333333333338,4.81,0,103
2026-08-27 00:12:07.837662,1,18.92627,73.195,4.74,45.37,-0.0699999999999994,-0.05666666666666664,4.74,0,103
2026-08-27 00:27:07.837662,1,18.8947,73.23375,4.74,55.28,0.0,-0.01999999999999987,4.74,0,103
2026-08-27 00:42:07.837662,1,18.86313,73.2725,4.88,51.91,0.13999999999999968,0.023333333333333428,4.88,0,103
2026-08-27 00:57:07.837662,1,18.83157,73.31125,4.94,49.31,0.0600000000000005,0.06666666666666672,4.94,0,103
2026-08-27 01:12:07.837662,2,18.8,73.35,5.06,54.4,0.11999999999999922,0.10666666666666647,5.06,0,103
2026-08-27 01:27:07.837662,2,18.775,73.4,5.1,41.77,0.040000000000000036,0.07333333333333325,5.1,0,103
2026-08-27 01:42:07.837662,2,18.75,73.45,5.2,46.09,0.10000000000000053,0.0866666666666666,5.2,0,103
2026-08-27 01:57:07.837662,2,18.725,73.5,5.04,40.5,-0.16000000000000014,-0.006666666666666525,5.04,0,103
2026-08-27 02:12:07.837662,2,18.7,73.55,4.94,55.89,-0.09999999999999964,-0.05333333333333309,4.94,0,103
2026-08-27 02:27:07.837662,2,18.675,73.6,5.07,44.48,0.1299999999999999,-0.0433333333333333,5.07,0,103
2026-08-27 02:42:07.837662,3,18.65,73.65,5.13,49.96,0.05999999999999961,0.029999999999999954,5.13,0,103
2026-08-27 02:57:07.837662,3,18.63013,73.68297,4.96,54.63,-0.16999999999999993,0.006666666666666525,4.96,0,103
2026-08-27 03:12:07.837662,3,18.61027,73.71593,4.8,58.65,-0.16000000000000014,-0.09000000000000015,4.8,0,103
2026-08-27 03:27:07.837662,3,18.5904,73.7489,4.63,52.88,-0.16999999999999993,-0.16666666666666666,4.63,0,103
2026-08-27 03:42:07.837662,3,18.57053,73.78187,4.52,53.72,-0.11000000000000032,-0.1466666666666668,4.52,0,103
2026-08-27 03:57:07.837662,3,18.55067,73.81483,4.46,56.62,-0.05999999999999961,-0.11333333333333329,4.46,0,103
2026-08-26 22:12:07.839630,0,19.076,72.8777,5.49,59.23,0.0,0.0,5.49,0,104
2026-08-26 22:27:07.839630,0,19.06157,72.91767,5.88,59.31,0.3899999999999997,0.0,5.88,0,104
2026-08-26 22:42:07.839630,0,19.04713,72.95763,6.31,52.67,0.4299999999999997,0.0,6.31,0,104
2026-08-26 22:57:07.839630,0,19.0327,72.9976,6.96,53.38,0.6500000000000004,0.48999999999999994,6.96,0,104
2026-08-26 23:12:07.839630,0,19.01827,73.03757,7.34,41.89,0.3799999999999999,0.48666666666666664,7.34,1,104
2026-08-26 23:27:07.839630,0,19.00383,73.07753,7.97,47.23,0.6299999999999999,0.5533333333333333,7.97,1,104
2026-08-26 23:42:07.839630,1,18.9894,73.1175,8.46,47.36,0.4900000000000011,0.5000000000000003,8.46,1,104
2026-08-26 23:57:07.839630,1,18.95783,73.15625,8.96,42.97,0.5,0.5400000000000004,8.96,1,104
2026-08-27 00:12:07.839630,1,18.92627,73.195,9.45,50.72,0.48999999999999844,0.4933333333333332,9.45,1,104
2026-08-27 00:27:07.839630,1,18.8947,73.23375,9.99,40.54,0.5400000000000009,0.5099999999999998,9.99,1,104
2026-08-27 00:42:07.839630,1,18.86313,73.2725,10.58,48.42,0.5899999999999999,0.5399999999999997,10.58,1,104
2026-08-27 00:57:07.839630,1,18.83157,73.31125,11.29,55.59,0.7099999999999991,0.6133333333333333,11.29,1,104
2026-08-27 01:12:07.839630,2,18.8,73.35,11.82,46.4,0.5300000000000011,0.61,11.82,1,104
2026-08-27 01:27:07.839630,2,18.775,73.4,12.49,40.8,0.6699999999999999,0.6366666666666667,12.49,1,104
2026-08-27 01:42:07.839630,2,18.75,73.45,13.0,46.99,0.5099999999999998,0.5700000000000003,13.0,1,104
2026-08-27 01:57:07.839630,2,18.725,73.5,13.52,48.83,0.5199999999999996,0.5666666666666664,13.52,1,104
2026-08-27 02:12:07.839630,2,18.7,73.55,13.9,42.71,0.3800000000000008,0.47000000000000003,13.9,1,104
2026-08-27 02:27:07.839630,2,18.675,73.6,14.48,52.6,0.5800000000000001,0.49333333333333346,14.48,1,104
2026-08-27 02:42:07.839630,3,18.65,73.65,14.92,45.77,0.4399999999999995,0.4666666666666668,14.92,1,104
2026-08-27 02:57:07.839630,3,18.63013,73.68297,15.37,50.1,0.4499999999999993,0.4899999999999996,15.37,1,104
2026-08-27 03:12:07.839630,3,18.61027,73.71593,15.88,42.04,0.5100000000000016,0.4666666666666668,15.88,1,104
2026-08-27 03:27:07.839630,3,18.5904,73.7489,16.37,43.87,0.4900000000000002,0.48333333333333367,16.37,1,104
2026-08-27 03:42:07.839630,3,18.57053,73.78187,17.08,47.46,0.7099999999999973,0.5699999999999997,17.08,1,104
2026-08-27 03:57:07.839630,3,18.55067,73.81483,17.61,45.11,0.5300000000000011,0.5766666666666662,17.61,1,104
2026-08-26 22:12:07.841473,0,19.076,72.8777,4.87,43.45,0.0,0.0,4.87,0,105
2026-08-26 22:27:07.841473,0,19.06157,72.91767,4.91,52.03,0.040000000000000036,0.0,4.91,0,105
2026-08-26 22:42:07.841473,0,19.04713,72.95763,4.89,44.51,-0.020000000000000462,0.0,4.89,0,105
2026-08-26 22:57:07.841473,0,19.0327,72.9976,4.83,46.55,-0.05999999999999961,-0.013333333333333345,4.83,0,105
2026-08-26 23:12:07.841473,0,19.01827,73.03757,4.87,45.15,0.040000000000000036,-0.013333333333333345,4.87,0,105
2026-08-26 23:27:07.841473,0,19.00383,73.07753,4.72,54.24,-0.15000000000000036,-0.05666666666666664,4.72,0,105
2026-08-26 23:42:07.841473,1,18.9894,73.1175,4.64,59.59,-0.08000000000000007,-0.06333333333333346,4.64,0,105
2026-08-26 23:57:07.841473,1,18.95783,73.15625,4.79,50.92,0.15000000000000036,-0.02666666666666669,4.79,0,105
2026-08-27 00:12:07.841473,1,18.92627,73.195,4.61,42.72,-0.17999999999999972,-0.03666666666666648,4.61,0,105
2026-08-27 00:27:07.841473,1,18.8947,73.23375,4.42,40.08,-0.1900000000000004,-0.07333333333333325,4.42,0,105
2026-08-27 00:42:07.841473,1,18.86313,73.2725,4.35,42.73,-0.07000000000000028,-0.1466666666666668,4.35,0,105
2026-08-27 00:57:07.841473,1,18.83157,73.31125,4.29,54.76,-0.05999999999999961,-0.10666666666666676,4.29,0,105
2026-08-27 01:12:07.841473,2,18.8,73.35,4.19,57.49,-0.09999999999999964,-0.07666666666666651,4.19,0,105
2026-08-27 01:27:07.841473,2,18.775,73.4,4.05,51.57,-0.14000000000000057,-0.09999999999999994,4.05,0,105
2026-08-27 01:42:07.841473,2,18.75,73.45,4.14,41.16,0.08999999999999986,-0.05000000000000012,4.14,0,105
2026-08-27 01:57:07.841473,2,18.725,73.5,4.25,55.15,0.11000000000000032,0.01999999999999987,4.25,0,105
2026-08-27 02:12:07.841473,2,18.7,73.55,4.21,50.98,-0.040000000000000036,0.05333333333333338,4.21,0,105
2026-08-27 02:27:07.841473,2,18.675,73.6,4.2,52.05,-0.009999999999999787,0.020000000000000167,4.2,0,105
2026-08-27 02:42:07.841473,3,18.65,73.65,4.04,52.66,-0.16000000000000014,-0.06999999999999999,4.04,0,105
2026-08-27 02:57:07.841473,3,18.63013,73.68297,4.24,55.88,0.20000000000000018,0.010000000000000083,4.24,0,105
2026-08-27 03:12:07.841473,3,18.61027,73.71593,4.16,53.32,-0.08000000000000007,-0.013333333333333345,4.16,0,105
2026-08-27 03:27:07.841473,3,18.5904,73.7489,4.09,59.2,-0.07000000000000028,0.016666666666666607,4.09,0,105
2026-08-27 03:42:07.841473,3,18.57053,73.78187,3.98,49.29,-0.10999999999999988,-0.08666666666666674,3.98,0,105
2026-08-27 03:57:07.841473,3,18.55067,73.81483,4.15,59.89,0.17000000000000037,-0.0033333333333332624,4.15,0,105
2026-08-26 22:12:07.843692,0,19.076,72.8777,5.01,49.9,0.0,0.0,5.01,0,106
2026-08-26 22:27:07.843692,0,19.06157,72.91767,4.81,57.03,-0.20000000000000018,0.0,4.81,0,106
2026-08-26 22:42:07.843692,0,19.04713,72.95763,4.98,58.19,0.17000000000000082,0.0,4.98,0,106
2026-08-26 22:57:07.843692,0,19.0327,72.9976,4.82,41.81,-0.16000000000000014,-0.06333333333333317,4.82,0,106
2026-08-26 23:12:07.843692,0,19.01827,73.03757,4.9,53.66,0.08000000000000007,0.03000000000000025,4.9,0,106
2026-08-26 23:27:07.843692,0,19.00383,73.07753,4.75,45.97,-0.15000000000000036,-0.07666666666666681,4.75,0,106
2026-08-26 23:42:07.843692,1,18.9894,73.1175,4.57,57.37,-0.17999999999999972,-0.08333333333333333,4.57,0,106
2026-08-26 23:57:07.843692,1,18.95783,73.15625,4.55,57.09,-0.020000000000000462,-0.11666666666666685,4.55,0,106
2026-08-27 00:12:07.843692,1,18.92627,73.195,4.49,54.41,-0.05999999999999961,-0.0866666666666666,4.49,0,106
2026-08-27 00:27:07.843692,1,18.8947,73.23375,4.58,49.77,0.08999999999999986,0.0033333333333332624,4.58,0,106
2026-08-27 00:42:07.843692,1,18.86313,73.2725,4.56,56.49,-0.020000000000000462,0.0033333333333332624,4.56,0,106
2026-08-27 00:57:07.843692,1,18.83157,73.31125,4.76,41.47,0.20000000000000018,0.08999999999999986,4.76,0,106
2026-08-27 01:12:07.843692,2,18.8,73.35,4.6,42.69,-0.16000000000000014,0.006666666666666525,4.6,0,106
2026-08-27 01:27:07.843692,2,18.775,73.4,4.72,40.22,0.1200000000000001,0.05333333333333338,4.72,0,106
2026-08-27 01:42:07.843692,2,18.75,73.45,4.76,42.71,0.040000000000000036,0.0,4.76,0,106
2026-08-27 01:57:07.843692,2,18.725,73.5,4.6,45.87,-0.16000000000000014,0.0,4.6,0,106
2026-08-27 02:12:07.843692,2,18.7,73.55,4.78,45.02,0.1800000000000006,0.020000000000000167,4.78,0,106
2026-08-27 02:27:07.843692,2,18.675,73.6,4.59,59.66,-0.1900000000000004,-0.05666666666666664,4.59,0,106
2026-08-27 02:42:07.843692,3,18.65,73.65,4.65,56.07,0.0600000000000005,0.016666666666666902,4.65,0,106
2026-08-27 02:57:07.843692,3,18.63013,73.68297,4.82,44.92,0.16999999999999993,0.013333333333333345,4.82,0,106
2026-08-27 03:12:07.843692,3,18.61027,73.71593,4.96,51.92,0.13999999999999968,0.12333333333333336,4.96,0,106
2026-08-27 03:27:07.843692,3,18.5904,73.7489,4.92,47.9,-0.040000000000000036,0.08999999999999986,4.92,0,106
2026-08-27 03:42:07.843692,3,18.57053,73.78187,4.78,59.99,-0.13999999999999968,-0.013333333333333345,4.78,0,106
2026-08-27 03:57:07.843692,3,18.55067,73.81483,4.78,55.65,0.0,-0.05999999999999991,4.78,0,106
2026-08-26 22:12:07.845790,0,19.076,72.8777,4.99,50.96,0.0,0.0,4.99,0,107
2026-08-26 22:27:07.845790,0,19.06157,72.91767,5.02,43.01,0.02999999999999936,0.0,5.02,0,107
2026-08-26 22:42:07.845790,0,19.04713,72.95763,5.18,47.22,0.16000000000000014,0.0,5.18,0,107
2026-08-26 22:57:07.845790,0,19.0327,72.9976,5.14,45.55,-0.040000000000000036,0.04999999999999982,5.14,0,107
2026-08-26 23:12:07.845790,0,19.01827,73.03757,5.24,40.48,0.10000000000000053,0.07333333333333354,5.24,0,107
2026-08-26 23:27:07.845790,0,19.00383,73.07753,5.16,42.7,-0.08000000000000007,-0.006666666666666525,5.16,0,107
2026-08-26 23:42:07.845790,1,18.9894,73.1175,5.36,58.71,0.20000000000000018,0.07333333333333354,5.36,0,107
2026-08-26 23:57:07.845790,1,18.95783,73.15625,5.4,47.36,0.040000000000000036,0.05333333333333338,5.4,0,107
2026-08-27 00:12:07.845790,1,18.92627,73.195,5.56,59.27,0.15999999999999925,0.13333333333333316,5.56,0,107
2026-08-27 00:27:07.845790,1,18.8947,73.23375,5.59,51.22,0.03000000000000025,0.07666666666666651,5.59,0,107
2026-08-27 00:42:07.845790,1,18.86313,73.2725,5.62,54.51,0.03000000000000025,0.07333333333333325,5.62,0,107
2026-08-27 00:57:07.845790,1,18.83157,73.31125,5.54,43.93,-0.08000000000000007,-0.006666666666666525,5.54,0,107
2026-08-27 01:12:07.845790,2,18.8,73.35,5.43,43.84,-0.11000000000000032,-0.05333333333333338,5.43,0,107
2026-08-27 01:27:07.845790,2,18.775,73.4,5.29,42.34,-0.13999999999999968,-0.11000000000000003,5.29,0,107
2026-08-27 01:42:07.845790,2,18.75,73.45,5.29,49.97,0.0,-0.08333333333333333,5.29,0,107
2026-08-27 01:57:07.845790,2,18.725,73.5,5.21,40.14,-0.08000000000000007,-0.07333333333333325,5.21,0,107
2026-08-27 02:12:07.845790,2,18.7,73.55,5.11,56.93,-0.09999999999999964,-0.05999999999999991,5.11,0,107
2026-08-27 02:27:07.845790,2,18.675,73.6,5.26,42.24,0.14999999999999947,-0.010000000000000083,5.26,0,107
2026-08-27 02:42:07.845790,3,18.65,73.65,5.35,43.37,0.08999999999999986,0.04666666666666656,5.35,0,107
2026-08-27 02:57:07.845790,3,18.63013,73.68297,5.41,52.17,0.0600000000000005,0.09999999999999994,5.41,0,107
2026-08-27 03:12:07.845790,3,18.61027,73.71593,5.33,55.78,-0.08000000000000007,0.023333333333333428,5.33,0,107
2026-08-27 03:27:07.845790,3,18.5904,73.7489,5.44,54.24,0.11000000000000032,0.03000000000000025,5.44,0,107
2026-08-27 03:42:07.845790,3,18.57053,73.78187,5.47,59.05,0.02999999999999936,0.01999999999999987,5.47,0,107
2026-08-27 03:57:07.845790,3,18.55067,73.81483,5.58,40.15,0.11000000000000032,0.08333333333333333,5.58,0,107
2026-08-26 22:12:07.847854,0,19.076,72.8777,4.93,46.18,0.0,0.0,4.93,0,108
2026-08-26 22:27:07.847854,0,19.06157,72.91767,4.81,52.61,-0.1200000000000001,0.0,4.81,0,108
2026-08-26 22:42:07.847854,0,19.04713,72.95763,4.85,43.04,0.040000000000000036,0.0,4.85,0,108
2026-08-26 22:57:07.847854,0,19.0327,72.9976,4.73,45.95,-0.11999999999999922,-0.06666666666666643,4.73,0,108
2026-08-26 23:12:07.847854,0,19.01827,73.03757,4.92,40.57,0.1899999999999995,0.03666666666666677,4.92,0,108
2026-08-26 23:27:07.847854,0,19.00383,73.07753,4.88,48.86,-0.040000000000000036,0.010000000000000083,4.88,0,108
2026-08-26 23:42:07.847854,1,18.9894,73.1175,4.99,43.54,0.11000000000000032,0.0866666666666666,4.99,0,108
2026-08-26 23:57:07.847854,1,18.95783,73.15625,5.0,41.83,0.009999999999999787,0.02666666666666669,5.0,0,108
2026-08-27 00:12:07.847854,1,18.92627,73.195,5.02,46.11,0.019999999999999574,0.04666666666666656,5.02,0,108
2026-08-27 00:27:07.847854,1,18.8947,73.23375,5.14,42.55,0.1200000000000001,0.04999999999999982,5.14,0,108
2026-08-27 00:42:07.847854,1,18.86313,73.2725,5.11,40.49,-0.02999999999999936,0.03666666666666677,5.11,0,108
2026-08-27 00:57:07.847854,1,18.83157,73.31125,5.29,55.59,0.17999999999999972,0.09000000000000015,5.29,0,108
2026-08-27 01:12:07.847854,2,18.8,73.35,6.01,43.27,0.7199999999999998,0.29000000000000004,6.01,0,108
2026-08-27 01:27:07.847854,2,18.775,73.4,6.73,56.68,0.7200000000000006,0.54,6.73,0,108
2026-08-27 01:42:07.847854,2,18.75,73.45,7.26,57.62,0.5299999999999994,0.6566666666666666,7.26,1,108
2026-08-27 01:57:07.847854,2,18.725,73.5,7.78,50.53,0.5200000000000005,0.5900000000000002,7.78,1,108
2026-08-27 02:12:07.847854,2,18.7,73.55,8.59,47.16,0.8099999999999996,0.6199999999999998,8.59,1,108
2026-08-27 02:27:07.847854,2,18.675,73.6,9.38,47.19,0.7900000000000009,0.706666666666667,9.38,1,108
2026-08-27 02:42:07.847854,3,18.65,73.65,10.32,47.61,0.9399999999999995,0.8466666666666667,10.32,1,108
2026-08-27 02:57:07.847854,3,18.63013,73.68297,11.27,55.09,0.9499999999999993,0.8933333333333332,11.27,1,108
2026-08-27 03:12:07.847854,3,18.61027,73.71593,11.78,49.9,0.5099999999999998,0.7999999999999995,11.78,1,108
2026-08-27 03:27:07.847854,3,18.5904,73.7489,12.41,53.81,0.6300000000000008,0.6966666666666667,12.41,1,108
2026-08-27 03:42:07.847854,3,18.57053,73.78187,13.12,58.68,0.7099999999999991,0.6166666666666666,13.12,1,108
2026-08-27 03:57:07.847854,3,18.55067,73.81483,13.67,51.1,0.5500000000000007,0.6300000000000002,13.67,1,108
2026-08-26 22:12:07.849807,0,19.076,72.8777,4.98,58.72,0.0,0.0,4.98,0,109
2026-08-26 22:27:07.849807,0,19.06157,72.91767,5.16,43.78,0.17999999999999972,0.0,5.16,0,109
2026-08-26 22:42:07.849807,0,19.04713,72.95763,5.32,48.16,0.16000000000000014,0.0,5.32,0,109
2026-08-26 22:57:07.849807,0,19.0327,72.9976,5.47,54.44,0.14999999999999947,0.1633333333333331,5.47,0,109
2026-08-26 23:12:07.849807,0,19.01827,73.03757,5.48,48.39,0.010000000000000675,0.10666666666666676,5.48,0,109
2026-08-26 23:27:07.849807,0,19.00383,73.07753,5.5,44.42,0.019999999999999574,0.05999999999999991,5.5,0,109
2026-08-26 23:42:07.849807,1,18.9894,73.1175,6.09,51.53,0.5899999999999999,0.2066666666666667,6.09,0,109
2026-08-26 23:57:07.849807,1,18.95783,73.15625,6.84,47.37,0.75,0.45333333333333314,6.84,1,109
2026-08-27 00:12:07.849807,1,18.92627,73.195,7.8,55.34,0.96,0.7666666666666666,7.8,1,109
2026-08-27 00:27:07.849807,1,18.8947,73.23375,8.36,51.04,0.5599999999999996,0.7566666666666665,8.36,1,109
2026-08-27 00:42:07.849807,1,18.86313,73.2725,9.17,56.01,0.8100000000000005,0.7766666666666667,9.17,1,109
2026-08-27 00:57:07.849807,1,18.83157,73.31125,10.13,52.14,0.9600000000000009,0.776666666666667,10.13,1,109
2026-08-27 01:12:07.849807,2,18.8,73.35,11.12,49.62,0.9899999999999984,0.9199999999999999,11.12,1,109
2026-08-27 01:27:07.849807,2,18.775,73.4,11.91,42.75,0.7900000000000009,0.9133333333333334,11.91,1,109
2026-08-27 01:42:07.849807,2,18.75,73.45,12.57,51.13,0.6600000000000001,0.8133333333333331,12.57,1,109
2026-08-27 01:57:07.849807,2,18.725,73.5,13.54,47.09,0.9699999999999989,0.8066666666666666,13.54,1,109
2026-08-27 02:12:07.849807,2,18.7,73.55,14.14,56.59,0.6000000000000014,0.7433333333333335,14.14,1,109
2026-08-27 02:27:07.849807,2,18.675,73.6,15.1,54.42,0.9599999999999991,0.8433333333333332,15.1,1,109
2026-08-27 02:42:07.849807,3,18.65,73.65,16.13,43.4,1.0299999999999994,0.8633333333333333,16.13,1,109
2026-08-27 02:57:07.849807,3,18.63013,73.68297,16.75,55.52,0.620000000000001,0.8699999999999998,16.75,1,109
2026-08-27 03:12:07.849807,3,18.61027,73.71593,17.44,41.52,0.6900000000000013,0.7800000000000006,17.44,1,109
2026-08-27 03:27:07.849807,3,18.5904,73.7489,18.31,57.95,0.8699999999999974,0.7266666666666666,18.31,1,109
2026-08-27 03:42:07.849807,3,18.57053,73.78187,18.88,40.3,0.5700000000000003,0.7099999999999996,18.88,1,109
2026-08-27 03:57:07.849807,3,18.55067,73.81483,19.85,48.28,0.9700000000000024,0.8033333333333333,19.85,1,109
2026-08-26 22:12:07.851756,0,19.076,72.8777,4.97,43.21,0.0,0.0,4.97,0,110
2026-08-26 22:27:07.851756,0,19.06157,72.91767,4.84,58.0,-0.1299999999999999,0.0,4.84,0,110
2026-08-26 22:42:07.851756,0,19.04713,72.95763,4.76,52.25,-0.08000000000000007,0.0,4.76,0,110
2026-08-26 22:57:07.851756,0,19.0327,72.9976,4.59,44.97,-0.16999999999999993,-0.12666666666666662,4.59,0,110
2026-08-26 23:12:07.851756,0,19.01827,73.03757,4.56,46.17,-0.03000000000000025,-0.09333333333333342,4.56,0,110
2026-08-26 23:27:07.851756,0,19.00383,73.07753,4.44,52.58,-0.11999999999999922,-0.10666666666666647,4.44,0,110
2026-08-26 23:42:07.851756,1,18.9894,73.1175,4.36,46.02,-0.08000000000000007,-0.07666666666666651,4.36,0,110
2026-08-26 23:57:07.851756,1,18.95783,73.15625,4.36,53.17,0.0,-0.06666666666666643,4.36,0,110
2026-08-27 00:12:07.851756,1,18.92627,73.195,4.35,50.64,-0.010000000000000675,-0.03000000000000025,4.35,0,110
2026-08-27 00:27:07.851756,1,18.8947,73.23375,4.17,47.94,-0.17999999999999972,-0.06333333333333346,4.17,0,110
2026-08-27 00:42:07.851756,1,18.86313,73.2725,4.26,41.83,0.08999999999999986,-0.03333333333333351,4.26,0,110
2026-08-27 00:57:07.851756,1,18.83157,73.31125,4.22,53.32,-0.040000000000000036,-0.0433333333333333,4.22,0,110
2026-08-27 01:12:07.851756,2,18.8,73.35,4.37,49.61,0.15000000000000036,0.06666666666666672,4.37,0,110
2026-08-27 01:27:07.851756,2,18.775,73.4,4.21,54.97,-0.16000000000000014,-0.016666666666666607,4.21,0,110
2026-08-27 01:42:07.851756,2,18.75,73.45,4.23,45.7,0.020000000000000462,0.003333333333333558,4.23,0,110
2026-08-27 01:57:07.851756,2,18.725,73.5,4.21,43.28,-0.020000000000000462,-0.05333333333333338,4.21,0,110
2026-08-27 02:12:07.851756,2,18.7,73.55,4.31,53.1,0.09999999999999964,0.033333333333333215,4.31,0,110
2026-08-27 02:27:07.851756,2,18.675,73.6,4.21,45.67,-0.09999999999999964,-0.006666666666666821,4.21,0,110
2026-08-27 02:42:07.851756,3,18.65,73.65,4.07,49.13,-0.13999999999999968,-0.04666666666666656,4.07,0,110
2026-08-27 02:57:07.851756,3,18.63013,73.68297,4.21,58.85,0.13999999999999968,-0.033333333333333215,4.21,0,110
2026-08-27 03:12:07.851756,3,18.61027,73.71593,4.08,40.47,-0.1299999999999999,-0.0433333333333333,4.08,0,110
2026-08-27 03:27:07.851756,3,18.5904,73.7489,4.24,42.08,0.16000000000000014,0.05666666666666664,4.24,0,110
2026-08-27 03:42:07.851756,3,18.57053,73.78187,4.36,49.82,0.1200000000000001,0.05000000000000012,4.36,0,110
2026-08-27 03:57:07.851756,3,18.55067,73.81483,4.39,55.5,0.02999999999999936,0.10333333333333321,4.39,0,110
2026-08-26 22:12:07.853740,0,19.076,72.8777,5.01,45.81,0.0,0.0,5.01,0,111
2026-08-26 22:27:07.853740,0,19.06157,72.91767,5.14,57.75,0.1299999999999999,0.0,5.14,0,111
2026-08-26 22:42:07.853740,0,19.04713,72.95763,4.98,48.06,-0.15999999999999925,0.0,4.98,0,111
2026-08-26 22:57:07.853740,0,19.0327,72.9976,5.09,41.46,0.10999999999999943,0.02666666666666669,5.09,0,111
2026-08-26 23:12:07.853740,0,19.01827,73.03757,5.17,44.99,0.08000000000000007,0.010000000000000083,5.17,0,111
2026-08-26 23:27:07.853740,0,19.00383,73.07753,5.13,46.21,-0.040000000000000036,0.04999999999999982,5.13,0,111
2026-08-26 23:42:07.853740,1,18.9894,73.1175,5.07,43.13,-0.05999999999999961,-0.006666666666666525,5.07,0,111
2026-08-26 23:57:07.853740,1,18.95783,73.15625,5.17,50.95,0.09999999999999964,0.0,5.17,0,111
2026-08-27 00:12:07.853740,1,18.92627,73.195,5.03,49.82,-0.13999999999999968,-0.033333333333333215,5.03,0,111
2026-08-27 00:27:07.853740,1,18.8947,73.23375,5.03,48.21,0.0,-0.013333333333333345,5.03,0,111
2026-08-27 00:42:07.853740,1,18.86313,73.2725,4.99,45.41,-0.040000000000000036,-0.05999999999999991,4.99,0,111
2026-08-27 00:57:07.853740,1,18.83157,73.31125,5.0,48.9,0.009999999999999787,-0.010000000000000083,5.0,0,111
2026-08-27 01:12:07.853740,2,18.8,73.35,4.95,46.66,-0.04999999999999982,-0.02666666666666669,4.95,0,111
2026-08-27 01:27:07.853740,2,18.775,73.4,5.05,59.93,0.09999999999999964,0.01999999999999987,5.05,0,111
2026-08-27 01:42:07.853740,2,18.75,73.45,4.92,58.82,-0.1299999999999999,-0.02666666666666669,4.92,0,111
2026-08-27 01:57:07.853740,2,18.725,73.5,5.11,46.56,0.1900000000000004,0.05333333333333338,5.11,0,111
2026-08-27 02:12:07.853740,2,18.7,73.55,5.31,55.13,0.1999999999999993,0.0866666666666666,5.31,0,111
2026-08-27 02:27:07.853740,2,18.675,73.6,5.47,53.62,0.16000000000000014,0.18333333333333326,5.47,0,111
2026-08-27 02:42:07.853740,3,18.65,73.65,5.29,52.26,-0.17999999999999972,0.05999999999999991,5.29,0,111
2026-08-27 02:57:07.853740,3,18.63013,73.68297,5.43,53.05,0.13999999999999968,0.040000000000000036,5.43,0,111
2026-08-27 03:12:07.853740,3,18.61027,73.71593,5.45,52.98,0.020000000000000462,-0.006666666666666525,5.45,0,111
2026-08-27 03:27:07.853740,3,18.5904,73.7489,5.49,53.06,0.040000000000000036,0.06666666666666672,5.49,0,111
2026-08-27 03:42:07.853740,3,18.57053,73.78187,5.6,46.95,0.10999999999999943,0.05666666666666664,5.6,0,111
2026-08-27 03:57:07.853740,3,18.55067,73.81483,5.6,49.64,0.0,0.04999999999999982,5.6,0,111
2026-08-26 22:12:07.855816,0,19.076,72.8777,4.99,41.24,0.0,0.0,4.99,0,112
2026-08-26 22:27:07.855816,0,19.06157,72.91767,5.19,58.65,0.20000000000000018,0.0,5.19,0,112
2026-08-26 22:42:07.855816,0,19.04713,72.95763,5.3,45.07,0.10999999999999943,0.0,5.3,0,112
2026-08-26 22:57:07.855816,0,19.0327,72.9976,5.12,41.11,-0.17999999999999972,0.0433333333333333,5.12,0,112
2026-08-26 23:12:07.855816,0,19.01827,73.03757,5.26,57.93,0.13999999999999968,0.023333333333333133,5.26,0,112
2026-08-26 23:27:07.855816,0,19.00383,73.07753,5.12,48.21,-0.13999999999999968,-0.05999999999999991,5.12,0,112
2026-08-26 23:42:07.855816,1,18.9894,73.1175,5.17,53.64,0.04999999999999982,0.016666666666666607,5.17,0,112
2026-08-26 23:57:07.855816,1,18.95783,73.15625,5.22,57.12,0.04999999999999982,-0.013333333333333345,5.22,0,112
2026-08-27 00:12:07.855816,1,18.92627,73.195,5.33,55.51,0.11000000000000032,0.06999999999999999,5.33,0,112
2026-08-27 00:27:07.855816,1,18.8947,73.23375,5.25,47.21,-0.08000000000000007,0.02666666666666669,5.25,0,112
2026-08-27 00:42:07.855816,1,18.86313,73.2725,5.32,49.45,0.07000000000000028,0.03333333333333351,5.32,0,112
2026-08-27 00:57:07.855816,1,18.83157,73.31125,5.17,59.11,-0.15000000000000036,-0.05333333333333338,5.17,0,112
2026-08-27 01:12:07.855816,2,18.8,73.35,5.19,48.65,0.020000000000000462,-0.01999999999999987,5.19,0,112
2026-08-27 01:27:07.855816,2,18.775,73.4,5.17,51.21,-0.020000000000000462,-0.05000000000000012,5.17,0,112
2026-08-27 01:42:07.855816,2,18.75,73.45,5.18,51.23,0.009999999999999787,0.0033333333333332624,5.18,0,112
2026-08-27 01:57:07.855816,2,18.725,73.5,5.26,51.48,0.08000000000000007,0.023333333333333133,5.26,0,112
2026-08-27 02:12:07.855816,2,18.7,73.55,5.44,49.42,0.1800000000000006,0.09000000000000015,5.44,0,112
2026-08-27 02:27:07.855816,2,18.675,73.6,5.37,57.83,-0.07000000000000028,0.06333333333333346,5.37,0,112
2026-08-27 02:42:07.855816,3,18.65,73.65,5.36,52.19,-0.009999999999999787,0.03333333333333351,5.36,0,112
2026-08-27 02:57:07.855816,3,18.63013,73.68297,5.37,47.09,0.009999999999999787,-0.023333333333333428,5.37,0,112
2026-08-27 03:12:07.855816,3,18.61027,73.71593,5.43,46.91,0.05999999999999961,0.01999999999999987,5.43,0,112
2026-08-27 03:27:07.855816,3,18.5904,73.7489,5.39,56.12,-0.040000000000000036,0.009999999999999787,5.39,0,112
2026-08-27 03:42:07.855816,3,18.57053,73.78187,5.35,42.14,-0.040000000000000036,-0.006666666666666821,5.35,0,112
2026-08-27 03:57:07.855816,3,18.55067,73.81483,5.33,46.22,-0.019999999999999574,-0.033333333333333215,5.33,0,112
2026-08-26 22:12:07.857834,0,19.076,72.8777,4.98,58.29,0.0,0.0,4.98,0,113
2026-08-26 22:27:07.857834,0,19.06157,72.91767,4.88,56.95,-0.10000000000000053,0.0,4.88,0,113
2026-08-26 22:42:07.857834,0,19.04713,72.95763,5.04,47.1,0.16000000000000014,0.0,5.04,0,113
2026-08-26 22:57:07.857834,0,19.0327,72.9976,5.05,47.17,0.009999999999999787,0.023333333333333133,5.05,0,113
2026-08-26 23:12:07.857834,0,19.01827,73.03757,5.22,43.21,0.16999999999999993,0.11333333333333329,5.22,0,113
2026-08-26 23:27:07.857834,0,19.00383,73.07753,5.19,42.98,-0.02999999999999936,0.05000000000000012,5.19,0,113
2026-08-26 23:42:07.857834,1,18.9894,73.1175,5.11,54.66,-0.08000000000000007,0.020000000000000167,5.11,0,113
2026-08-26 23:57:07.857834,1,18.95783,73.15625,5.01,58.87,-0.10000000000000053,-0.06999999999999999,5.01,0,113
2026-08-27 00:12:07.857834,1,18.92627,73.195,5.21,47.25,0.20000000000000018,0.006666666666666525,5.21,0,113
2026-08-27 00:27:07.857834,1,18.8947,73.23375,5.4,57.63,0.1900000000000004,0.09666666666666668,5.4,0,113
2026-08-27 00:42:07.857834,1,18.86313,73.2725,5.6,43.16,0.1999999999999993,0.19666666666666663,5.6,0,113
2026-08-27 00:57:07.857834,1,18.83157,73.31125,5.62,41.21,0.020000000000000462,0.13666666666666671,5.62,0,113
2026-08-27 01:12:07.857834,2,18.8,73.35,5.58,53.3,-0.040000000000000036,0.05999999999999991,5.58,0,113
2026-08-27 01:27:07.857834,2,18.775,73.4,5.4,59.53,-0.17999999999999972,-0.06666666666666643,5.4,0,113
2026-08-27 01:42:07.857834,2,18.75,73.45,5.32,45.87,-0.08000000000000007,-0.09999999999999994,5.32,0,113
2026-08-27 01:57:07.857834,2,18.725,73.5,5.45,50.3,0.1299999999999999,-0.0433333333333333,5.45,0,113
2026-08-27 02:12:07.857834,2,18.7,73.55,5.51,59.51,0.05999999999999961,0.03666666666666648,5.51,0,113
2026-08-27 02:27:07.857834,2,18.675,73.6,5.44,48.19,-0.0699999999999994,0.040000000000000036,5.44,0,113
2026-08-27 02:42:07.857834,3,18.65,73.65,5.26,56.73,-0.1800000000000006,-0.06333333333333346,5.26,0,113
2026-08-27 02:57:07.857834,3,18.63013,73.68297,5.39,45.2,0.1299999999999999,-0.040000000000000036,5.39,0,113
2026-08-27 03:12:07.857834,3,18.61027,73.71593,5.45,47.41,0.0600000000000005,0.0033333333333332624,5.45,0,113
2026-08-27 03:27:07.857834,3,18.5904,73.7489,5.47,45.44,0.019999999999999574,0.06999999999999999,5.47,0,113
2026-08-27 03:42:07.857834,3,18.57053,73.78187,5.33,56.19,-0.13999999999999968,-0.01999999999999987,5.33,0,113
2026-08-27 03:57:07.857834,3,18.55067,73.81483,5.44,41.66,0.11000000000000032,-0.0033333333333332624,5.44,0,113
2026-08-26 22:12:07.860173,0,19.076,72.8777,5.8,58.79,0.0,0.0,5.8,0,114
2026-08-26 22:27:07.860173,0,19.06157,72.91767,6.63,42.45,0.8300000000000001,0.0,6.63,1,114
2026-08-26 22:42:07.860173,0,19.04713,72.95763,7.32,58.98,0.6900000000000004,0.0,7.32,1,114
2026-08-26 22:57:07.860173,0,19.0327,72.9976,8.13,51.84,0.8100000000000005,0.776666666666667,8.13,1,114
2026-08-26 23:12:07.860173,0,19.01827,73.03757,9.03,49.51,0.8999999999999986,0.7999999999999998,9.03,1,114
2026-08-26 23:27:07.860173,0,19.00383,73.07753,9.65,51.19,0.620000000000001,0.7766666666666667,9.65,1,114
2026-08-26 23:42:07.860173,1,18.9894,73.1175,10.43,40.59,0.7799999999999994,0.7666666666666663,10.43,1,114
2026-08-26 23:57:07.860173,1,18.95783,73.15625,11.26,45.16,0.8300000000000001,0.7433333333333335,11.26,1,114
2026-08-27 00:12:07.860173,1,18.92627,73.195,12.17,43.72,0.9100000000000001,0.8399999999999999,12.17,1,114
2026-08-27 00:27:07.860173,1,18.8947,73.23375,13.03,45.89,0.8599999999999994,0.8666666666666666,13.03,1,114
2026-08-27 00:42:07.860173,1,18.86313,73.2725,13.58,49.25,0.5500000000000007,0.7733333333333334,13.58,1,114
2026-08-27 00:57:07.860173,1,18.83157,73.31125,14.45,52.02,0.8699999999999992,0.7599999999999998,14.45,1,114
2026-08-27 01:12:07.860173,2,18.8,73.35,15.23,52.23,0.7800000000000011,0.7333333333333337,15.23,1,114
2026-08-27 01:27:07.860173,2,18.775,73.4,15.82,50.82,0.5899999999999999,0.7466666666666667,15.82,1,114
2026-08-27 01:42:07.860173,2,18.75,73.45,16.61,46.17,0.7899999999999991,0.7200000000000001,16.61,1,114
2026-08-27 01:57:07.860173,2,18.725,73.5,17.12,43.03,0.5100000000000016,0.6300000000000002,17.12,1,114
2026-08-27 02:12:07.860173,2,18.7,73.55,18.01,46.86,0.8900000000000006,0.7300000000000004,18.01,1,114
2026-08-27 02:27:07.860173,2,18.675,73.6,18.79,57.38,0.7799999999999976,0.7266666666666666,18.79,1,114
2026-08-27 02:42:07.860173,3,18.65,73.65,19.73,55.28,0.9400000000000013,0.8699999999999998,19.73,1,114
2026-08-27 02:57:07.860173,3,18.63013,73.68297,20.36,55.52,0.629999999999999,0.7833333333333327,20.36,1,114
2026-08-27 03:12:07.860173,3,18.61027,73.71593,21.14,44.46,0.7800000000000011,0.7833333333333338,21.14,1,114
2026-08-27 03:27:07.860173,3,18.5904,73.7489,21.77,58.07,0.629999999999999,0.6799999999999997,21.77,1,114
2026-08-27 03:42:07.860173,3,18.57053,73.78187,22.64,48.44,0.870000000000001,0.7600000000000003,22.64,1,114
2026-08-27 03:57:07.860173,3,18.55067,73.81483,23.33,47.89,0.6899999999999977,0.7299999999999992,23.33,1,114
2026-08-26 22:12:07.862039,0,19.076,72.8777,6.12,43.82,0.0,0.0,6.12,1,115
2026-08-26 22:27:07.862039,0,19.06157,72.91767,6.88,59.31,0.7599999999999998,0.0,6.88,1,115
2026-08-26 22:42:07.862039,0,19.04713,72.95763,8.18,44.83,1.2999999999999998,0.0,8.18,1,115
2026-08-26 22:57:07.862039,0,19.0327,72.9976,9.23,59.23,1.0500000000000007,1.0366666666666668,9.23,1,115
2026-08-26 23:12:07.862039,0,19.01827,73.03757,10.35,57.72,1.1199999999999992,1.1566666666666665,10.35,1,115
2026-08-26 23:27:07.862039,0,19.00383,73.07753,11.65,52.13,1.3000000000000007,1.156666666666667,11.65,1,115
2026-08-26 23:42:07.862039,1,18.9894,73.1175,12.93,49.96,1.2799999999999994,1.2333333333333332,12.93,1,115
2026-08-26 23:57:07.862039,1,18.95783,73.15625,13.8,43.9,0.870000000000001,1.1500000000000004,13.8,1,115
2026-08-27 00:12:07.862039,1,18.92627,73.195,15.06,47.47,1.2599999999999998,1.1366666666666667,15.06,1,115
2026-08-27 00:27:07.862039,1,18.8947,73.23375,16.35,53.4,1.290000000000001,1.1400000000000006,16.35,1,115
2026-08-27 00:42:07.862039,1,18.86313,73.2725,17.75,59.45,1.3999999999999986,1.3166666666666664,17.75,1,115
2026-08-27 00:57:07.862039,1,18.83157,73.31125,18.55,53.52,0.8000000000000007,1.1633333333333333,18.55,1,115
2026-08-27 01:12:07.862039,2,18.8,73.35,19.68,59.77,1.129999999999999,1.1099999999999994,19.68,1,115
2026-08-27 01:27:07.862039,2,18.775,73.4,20.79,54.33,1.1099999999999994,1.013333333333333,20.79,1,115
2026-08-27 01:42:07.862039,2,18.75,73.45,21.91,59.36,1.120000000000001,1.1199999999999999,21.91,1,115
2026-08-27 01:57:07.862039,2,18.725,73.5,23.37,54.11,1.4600000000000009,1.2300000000000004,23.37,1,115
2026-08-27 02:12:07.862039,2,18.7,73.55,24.55,56.18,1.1799999999999997,1.2533333333333339,24.55,1,115
2026-08-27 02:27:07.862039,2,18.675,73.6,25.69,52.35,1.1400000000000006,1.2600000000000005,25.69,1,115
2026-08-27 02:42:07.862039,3,18.65,73.65,26.71,51.53,1.0199999999999996,1.1133333333333333,26.71,1,115
2026-08-27 02:57:07.862039,3,18.63013,73.68297,28.07,55.68,1.3599999999999994,1.1733333333333331,28.07,1,115
2026-08-27 03:12:07.862039,3,18.61027,73.71593,29.43,40.24,1.3599999999999994,1.2466666666666661,29.43,1,115
2026-08-27 03:27:07.862039,3,18.5904,73.7489,30.51,56.03,1.0800000000000018,1.2666666666666668,30.51,1,115
2026-08-27 03:42:07.862039,3,18.57053,73.78187,31.69,47.23,1.1799999999999997,1.206666666666667,31.69,1,115
2026-08-27 03:57:07.862039,3,18.55067,73.81483,32.85,48.46,1.1600000000000001,1.1400000000000006,32.85,1,115
2026-08-26 22:12:07.863836,0,19.076,72.8777,4.95,56.37,0.0,0.0,4.95,0,116
2026-08-26 22:27:07.863836,0,19.06157,72.91767,5.04,51.97,0.08999999999999986,0.0,5.04,0,116
2026-08-26 22:42:07.863836,0,19.04713,72.95763,5.17,43.07,0.1299999999999999,0.0,5.17,0,116
2026-08-26 22:57:07.863836,0,19.0327,72.9976,5.3,51.91,0.1299999999999999,0.11666666666666654,5.3,0,116
2026-08-26 23:12:07.863836,0,19.01827,73.03757,5.3,56.28,0.0,0.0866666666666666,5.3,0,116
2026-08-26 23:27:07.863836,0,19.00383,73.07753,5.46,54.44,0.16000000000000014,0.09666666666666668,5.46,0,116
2026-08-26 23:42:07.863836,1,18.9894,73.1175,5.35,51.35,-0.11000000000000032,0.016666666666666607,5.35,0,116
2026-08-26 23:57:07.863836,1,18.95783,73.15625,5.43,59.9,0.08000000000000007,0.0433333333333333,5.43,0,116
2026-08-27 00:12:07.863836,1,18.92627,73.195,5.61,48.29,0.1800000000000006,0.05000000000000012,5.61,0,116
2026-08-27 00:27:07.863836,1,18.8947,73.23375,5.61,49.48,0.0,0.08666666666666689,5.61,0,116
2026-08-27 00:42:07.863836,1,18.86313,73.2725,5.67,43.07,0.05999999999999961,0.08000000000000007,5.67,0,116
2026-08-27 00:57:07.863836,1,18.83157,73.31125,5.66,59.77,-0.009999999999999787,0.016666666666666607,5.66,0,116
2026-08-27 01:12:07.863836,2,18.8,73.35,5.65,46.5,-0.009999999999999787,0.013333333333333345,5.65,0,116
2026-08-27 01:27:07.863836,2,18.775,73.4,5.76,52.09,0.10999999999999943,0.029999999999999954,5.76,0,116
2026-08-27 01:42:07.863836,2,18.75,73.45,5.9,50.15,0.14000000000000057,0.08000000000000007,5.9,0,116
2026-08-27 01:57:07.863836,2,18.725,73.5,6.08,59.41,0.17999999999999972,0.14333333333333323,6.08,0,116
2026-08-27 02:12:07.863836,2,18.7,73.55,6.19,56.04,0.11000000000000032,0.14333333333333353,6.19,0,116
2026-08-27 02:27:07.863836,2,18.675,73.6,6.08,56.68,-0.11000000000000032,0.05999999999999991,6.08,0,116
2026-08-27 02:42:07.863836,3,18.65,73.65,6.17,44.65,0.08999999999999986,0.029999999999999954,6.17,0,116
2026-08-27 02:57:07.863836,3,18.63013,73.68297,6.0,43.19,-0.16999999999999993,-0.06333333333333346,6.0,0,116
2026-08-27 03:12:07.863836,3,18.61027,73.71593,5.85,47.05,-0.15000000000000036,-0.07666666666666681,5.85,0,116
2026-08-27 03:27:07.863836,3,18.5904,73.7489,5.83,47.03,-0.019999999999999574,-0.11333333333333329,5.83,0,116
2026-08-27 03:42:07.863836,3,18.57053,73.78187,5.87,59.72,0.040000000000000036,-0.0433333333333333,5.87,0,116
2026-08-27 03:57:07.863836,3,18.55067,73.81483,5.97,51.47,0.09999999999999964,0.040000000000000036,5.97,0,116
2026-08-26 22:12:07.865767,0,19.076,72.8777,5.5,49.05,0.0,0.0,5.5,0,117
2026-08-26 22:27:07.865767,0,19.06157,72.91767,6.14,56.25,0.6399999999999997,0.0,6.14,0,117
2026-08-26 22:42:07.865767,0,19.04713,72.95763,6.62,55.09,0.4800000000000004,0.0,6.62,0,117
2026-08-26 22:57:07.865767,0,19.0327,72.9976,7.25,57.25,0.6299999999999999,0.5833333333333334,7.25,1,117
2026-08-26 23:12:07.865767,0,19.01827,73.03757,7.71,50.03,0.45999999999999996,0.5233333333333334,7.71,1,117
2026-08-26 23:27:07.865767,0,19.00383,73.07753,8.2,58.63,0.4899999999999993,0.5266666666666664,8.2,1,117
2026-08-26 23:42:07.865767,1,18.9894,73.1175,8.69,40.15,0.4900000000000002,0.4799999999999998,8.69,1,117
2026-08-26 23:57:07.865767,1,18.95783,73.15625,9.27,50.0,0.5800000000000001,0.5199999999999999,9.27,1,117
2026-08-27 00:12:07.865767,1,18.92627,73.195,9.82,41.05,0.5500000000000007,0.5400000000000004,9.82,1,117
2026-08-27 00:27:07.865767,1,18.8947,73.23375,10.21,44.36,0.39000000000000057,0.5066666666666672,10.21,1,117
2026-08-27 00:42:07.865767,1,18.86313,73.2725,10.78,40.46,0.5699999999999985,0.5033333333333333,10.78,1,117
2026-08-27 00:57:07.865767,1,18.83157,73.31125,11.26,52.91,0.4800000000000004,0.4799999999999998,11.26,1,117
2026-08-27 01:12:07.865767,2,18.8,73.35,11.77,43.06,0.5099999999999998,0.5199999999999996,11.77,1,117
2026-08-27 01:27:07.865767,2,18.775,73.4,12.18,40.16,0.41000000000000014,0.4666666666666668,12.18,1,117
2026-08-27 01:42:07.865767,2,18.75,73.45,12.55,42.14,0.370000000000001,0.4300000000000003,12.55,1,117
2026-08-27 01:57:07.865767,2,18.725,73.5,13.14,51.94,0.5899999999999999,0.456666666666667,13.14,1,117
2026-08-27 02:12:07.865767,2,18.7,73.55,13.63,55.31,0.4900000000000002,0.48333333333333367,13.63,1,117
2026-08-27 02:27:07.865767,2,18.675,73.6,14.26,47.84,0.629999999999999,0.5699999999999997,14.26,1,117
2026-08-27 02:42:07.865767,3,18.65,73.65,14.68,40.55,0.41999999999999993,0.5133333333333331,14.68,1,117
2026-08-27 02:57:07.865767,3,18.63013,73.68297,15.06,55.58,0.3800000000000008,0.47666666666666657,15.06,1,117
2026-08-27 03:12:07.865767,3,18.61027,73.71593,15.43,47.54,0.3699999999999992,0.38999999999999996,15.43,1,117
2026-08-27 03:27:07.865767,3,18.5904,73.7489,15.87,45.96,0.4399999999999995,0.3966666666666665,15.87,1,117
2026-08-27 03:42:07.865767,3,18.57053,73.78187,16.42,40.92,0.5500000000000025,0.45333333333333375,16.42,1,117
2026-08-27 03:57:07.865767,3,18.55067,73.81483,16.95,47.82,0.5299999999999976,0.5066666666666665,16.95,1,117
2026-08-26 22:12:07.867554,0,19.076,72.8777,5.19,46.96,0.0,0.0,5.19,0,118
2026-08-26 22:27:07.867554,0,19.06157,72.91767,5.34,53.4,0.14999999999999947,0.0,5.34,0,118
2026-08-26 22:42:07.867554,0,19.04713,72.95763,5.3,43.81,-0.040000000000000036,0.0,5.3,0,118
2026-08-26 22:57:07.867554,0,19.0327,72.9976,5.33,45.18,0.03000000000000025,0.04666666666666656,5.33,0,118
2026-08-26 23:12:07.867554,0,19.01827,73.03757,5.4,59.73,0.07000000000000028,0.020000000000000167,5.4,0,118
2026-08-26 23:27:07.867554,0,19.00383,73.07753,5.59,42.85,0.1899999999999995,0.09666666666666668,5.59,0,118
2026-08-26 23:42:07.867554,1,18.9894,73.1175,5.48,59.17,-0.10999999999999943,0.05000000000000012,5.48,0,118
2026-08-26 23:57:07.867554,1,18.95783,73.15625,5.35,57.84,-0.13000000000000078,-0.016666666666666902,5.35,0,118
2026-08-27 00:12:07.867554,1,18.92627,73.195,5.19,51.24,-0.15999999999999925,-0.13333333333333316,5.19,0,118
2026-08-27 00:27:07.867554,1,18.8947,73.23375,5.35,44.05,0.15999999999999925,-0.04333333333333359,5.35,0,118
2026-08-27 00:42:07.867554,1,18.86313,73.2725,5.51,43.73,0.16000000000000014,0.05333333333333338,5.51,0,118
2026-08-27 00:57:07.867554,1,18.83157,73.31125,5.64,52.52,0.1299999999999999,0.14999999999999977,5.64,0,118
2026-08-27 01:12:07.867554,2,18.8,73.35,5.44,59.98,-0.1999999999999993,0.03000000000000025,5.44,0,118
2026-08-27 01:27:07.867554,2,18.775,73.4,5.29,45.07,-0.15000000000000036,-0.07333333333333325,5.29,0,118
2026-08-27 01:42:07.867554,2,18.75,73.45,5.34,50.68,0.04999999999999982,-0.09999999999999994,5.34,0,118
2026-08-27 01:57:07.867554,2,18.725,73.5,5.43,59.23,0.08999999999999986,-0.003333333333333558,5.43,0,118
2026-08-27 02:12:07.867554,2,18.7,73.55,5.62,41.02,0.1900000000000004,0.11000000000000003,5.62,0,118
2026-08-27 02:27:07.867554,2,18.675,73.6,5.75,51.77,0.1299999999999999,0.13666666666666671,5.75,0,118
2026-08-27 02:42:07.867554,3,18.65,73.65,5.66,47.61,-0.08999999999999986,0.07666666666666681,5.66,0,118
2026-08-27 02:57:07.867554,3,18.63013,73.68297,5.64,48.77,-0.020000000000000462,0.006666666666666525,5.64,0,118
2026-08-27 03:12:07.867554,3,18.61027,73.71593,5.56,49.94,-0.08000000000000007,-0.06333333333333346,5.56,0,118
2026-08-27 03:27:07.867554,3,18.5904,73.7489,5.65,49.12,0.09000000000000075,-0.0033333333333332624,5.65,0,118
2026-08-27 03:42:07.867554,3,18.57053,73.78187,5.75,59.35,0.09999999999999964,0.03666666666666677,5.75,0,118
2026-08-27 03:57:07.867554,3,18.55067,73.81483,5.83,57.17,0.08000000000000007,0.09000000000000015,5.83,0,118
2026-08-26 22:12:07.870601,0,19.076,72.8777,5.93,51.57,0.0,0.0,5.93,0,119
2026-08-26 22:27:07.870601,0,19.06157,72.91767,6.88,51.21,0.9500000000000002,0.0,6.88,1,119
2026-08-26 22:42:07.870601,0,19.04713,72.95763,7.72,49.03,0.8399999999999999,0.0,7.72,1,119
2026-08-26 22:57:07.870601,0,19.0327,72.9976,8.34,43.66,0.6200000000000001,0.8033333333333333,8.34,1,119
2026-08-26 23:12:07.870601,0,19.01827,73.03757,8.88,43.21,0.5400000000000009,0.666666666666667,8.88,1,119
2026-08-26 23:27:07.870601,0,19.00383,73.07753,9.66,51.85,0.7799999999999994,0.6466666666666668,9.66,1,119
2026-08-26 23:42:07.870601,1,18.9894,73.1175,10.53,57.62,0.8699999999999992,0.7299999999999999,10.53,1,119
2026-08-26 23:57:07.870601,1,18.95783,73.15625,11.44,49.1,0.9100000000000001,0.8533333333333329,11.44,1,119
2026-08-27 00:12:07.870601,1,18.92627,73.195,12.34,45.03,0.9000000000000004,0.8933333333333332,12.34,1,119
2026-08-27 00:27:07.870601,1,18.8947,73.23375,12.9,57.95,0.5600000000000005,0.7900000000000004,12.9,1,119
2026-08-27 00:42:07.870601,1,18.86313,73.2725,13.56,56.98,0.6600000000000001,0.706666666666667,13.56,1,119
2026-08-27 00:57:07.870601,1,18.83157,73.31125,14.55,44.35,0.9900000000000002,0.7366666666666669,14.55,1,119
2026-08-27 01:12:07.870601,2,18.8,73.35,15.22,43.68,0.6699999999999999,0.7733333333333334,15.22,1,119
2026-08-27 01:27:07.870601,2,18.775,73.4,15.97,55.45,0.75,0.8033333333333333,15.97,1,119
2026-08-27 01:42:07.870601,2,18.75,73.45,16.64,46.99,0.6699999999999999,0.6966666666666667,16.64,1,119
2026-08-27 01:57:07.870601,2,18.725,73.5,17.33,53.41,0.6899999999999977,0.7033333333333326,17.33,1,119
2026-08-27 02:12:07.870601,2,18.7,73.55,17.99,47.83,0.6600000000000001,0.6733333333333326,17.99,1,119
2026-08-27 02:27:07.870601,2,18.675,73.6,18.5,47.13,0.5100000000000016,0.6199999999999998,18.5,1,119
2026-08-27 02:42:07.870601,3,18.65,73.65,19.09,43.87,0.5899999999999999,0.5866666666666672,19.09,1,119
2026-08-27 02:57:07.870601,3,18.63013,73.68297,19.68,58.24,0.5899999999999999,0.5633333333333338,19.68,1,119
2026-08-27 03:12:07.870601,3,18.61027,73.71593,20.44,41.66,0.7600000000000016,0.6466666666666671,20.44,1,119
2026-08-27 03:27:07.870601,3,18.5904,73.7489,21.29,50.78,0.8499999999999979,0.7333333333333331,21.29,1,119
2026-08-27 03:42:07.870601,3,18.57053,73.78187,22.05,47.93,0.7600000000000016,0.7900000000000004,22.05,1,119
2026-08-27 03:57:07.870601,3,18.55067,73.81483,22.88,49.24,0.8299999999999983,0.8133333333333326,22.88,1,119
2026-08-26 22:12:07.872649,0,19.076,72.8777,4.83,41.63,0.0,0.0,4.83,0,120
2026-08-26 22:27:07.872649,0,19.06157,72.91767,4.7,40.24,-0.1299999999999999,0.0,4.7,0,120
2026-08-26 22:42:07.872649,0,19.04713,72.95763,4.7,47.1,0.0,0.0,4.7,0,120
2026-08-26 22:57:07.872649,0,19.0327,72.9976,4.67,46.28,-0.03000000000000025,-0.05333333333333338,4.67,0,120
2026-08-26 23:12:07.872649,0,19.01827,73.03757,4.57,40.17,-0.09999999999999964,-0.0433333333333333,4.57,0,120
2026-08-26 23:27:07.872649,0,19.00383,73.07753,4.43,46.53,-0.14000000000000057,-0.09000000000000015,4.43,0,120
2026-08-26 23:42:07.872649,1,18.9894,73.1175,4.32,45.5,-0.10999999999999943,-0.11666666666666654,4.32,0,120
2026-08-26 23:57:07.872649,1,18.95783,73.15625,4.17,58.33,-0.15000000000000036,-0.13333333333333344,4.17,0,120
2026-08-27 00:12:07.872649,1,18.92627,73.195,4.29,41.1,0.1200000000000001,-0.04666666666666656,4.29,0,120
2026-08-27 00:27:07.872649,1,18.8947,73.23375,4.4,49.64,0.11000000000000032,0.02666666666666669,4.4,0,120
2026-08-27 00:42:07.872649,1,18.86313,73.2725,4.4,54.03,0.0,0.07666666666666681,4.4,0,120
2026-08-27 00:57:07.872649,1,18.83157,73.31125,4.59,46.21,0.1899999999999995,0.09999999999999994,4.59,0,120
2026-08-27 01:12:07.872649,2,18.8,73.35,4.67,43.27,0.08000000000000007,0.08999999999999986,4.67,0,120
2026-08-27 01:27:07.872649,2,18.775,73.4,4.86,46.9,0.1900000000000004,0.15333333333333332,4.86,0,120
2026-08-27 01:42:07.872649,2,18.75,73.45,4.9,54.11,0.040000000000000036,0.1033333333333335,4.9,0,120
2026-08-27 01:57:07.872649,2,18.725,73.5,5.1,46.7,0.1999999999999993,0.14333333333333323,5.1,0,120
2026-08-27 02:12:07.872649,2,18.7,73.55,5.16,42.99,0.0600000000000005,0.09999999999999994,5.16,0,120
2026-08-27 02:27:07.872649,2,18.675,73.6,5.12,57.05,-0.040000000000000036,0.07333333333333325,5.12,0,120
2026-08-27 02:42:07.872649,3,18.65,73.65,5.12,59.55,0.0,0.006666666666666821,5.12,0,120
2026-08-27 02:57:07.872649,3,18.63013,73.68297,5.26,51.92,0.13999999999999968,0.033333333333333215,5.26,0,120
2026-08-27 03:12:07.872649,3,18.61027,73.71593,5.27,44.33,0.009999999999999787,0.04999999999999982,5.27,0,120
2026-08-27 03:27:07.872649,3,18.5904,73.7489,5.2,51.86,-0.0699999999999994,0.02666666666666669,5.2,0,120
2026-08-27 03:42:07.872649,3,18.57053,73.78187,5.37,56.52,0.16999999999999993,0.03666666666666677,5.37,0,120
2026-08-27 03:57:07.872649,3,18.55067,73.81483,5.38,47.42,0.009999999999999787,0.03666666666666677,5.38,0,120
2026-08-26 22:12:07.874664,0,19.076,72.8777,4.88,49.7,0.0,0.0,4.88,0,121
2026-08-26 22:27:07.874664,0,19.06157,72.91767,4.83,56.35,-0.04999999999999982,0.0,4.83,0,121
2026-08-26 22:42:07.874664,0,19.04713,72.95763,4.79,43.73,-0.040000000000000036,0.0,4.79,0,121
2026-08-26 22:57:07.874664,0,19.0327,72.9976,4.65,53.8,-0.13999999999999968,-0.07666666666666651,4.65,0,121
2026-08-26 23:12:07.874664,0,19.01827,73.03757,4.58,58.96,-0.07000000000000028,-0.08333333333333333,4.58,0,121
2026-08-26 23:27:07.874664,0,19.00383,73.07753,4.6,45.06,0.019999999999999574,-0.06333333333333346,4.6,0,121
2026-08-26 23:42:07.874664,1,18.9894,73.1175,4.51,41.71,-0.08999999999999986,-0.046666666666666856,4.51,0,121
2026-08-26 23:57:07.874664,1,18.95783,73.15625,4.65,40.55,0.14000000000000057,0.023333333333333428,4.65,0,121
2026-08-27 00:12:07.874664,1,18.92627,73.195,4.46,51.05,-0.1900000000000004,-0.04666666666666656,4.46,0,121
2026-08-27 00:27:07.874664,1,18.8947,73.23375,4.58,40.45,0.1200000000000001,0.023333333333333428,4.58,0,121
2026-08-27 00:42:07.874664,1,18.86313,73.2725,4.5,49.36,-0.08000000000000007,-0.05000000000000012,4.5,0,121
2026-08-27 00:57:07.874664,1,18.83157,73.31125,4.46,54.48,-0.040000000000000036,0.0,4.46,0,121
2026-08-27 01:12:07.874664,2,18.8,73.35,4.32,44.8,-0.13999999999999968,-0.0866666666666666,4.32,0,121
2026-08-27 01:27:07.874664,2,18.775,73.4,4.29,44.23,-0.03000000000000025,-0.06999999999999999,4.29,0,121
2026-08-27 01:42:07.874664,2,18.75,73.45,4.13,45.46,-0.16000000000000014,-0.11000000000000003,4.13,0,121
2026-08-27 01:57:07.874664,2,18.725,73.5,4.11,42.39,-0.019999999999999574,-0.06999999999999999,4.11,0,121
2026-08-27 02:12:07.874664,2,18.7,73.55,3.96,51.32,-0.15000000000000036,-0.11000000000000003,3.96,0,121
2026-08-27 02:27:07.874664,2,18.675,73.6,3.81,48.62,-0.1499999999999999,-0.10666666666666662,3.81,0,121
2026-08-27 02:42:07.874664,3,18.65,73.65,3.8,44.88,-0.010000000000000231,-0.1033333333333335,3.8,0,121
2026-08-27 02:57:07.874664,3,18.63013,73.68297,3.9,53.98,0.10000000000000009,-0.020000000000000018,3.9,0,121
2026-08-27 03:12:07.874664,3,18.61027,73.71593,3.76,58.69,-0.14000000000000012,-0.016666666666666757,3.76,0,121
2026-08-27 03:27:07.874664,3,18.5904,73.7489,3.69,55.05,-0.06999999999999984,-0.036666666666666625,3.69,0,121
2026-08-27 03:42:07.874664,3,18.57053,73.78187,3.74,48.91,0.050000000000000266,-0.05333333333333323,3.74,0,121
2026-08-27 03:57:07.874664,3,18.55067,73.81483,3.62,46.47,-0.1200000000000001,-0.04666666666666656,3.62,0,121
2026-08-26 22:12:07.876925,0,19.076,72.8777,4.86,43.1,0.0,0.0,4.86,0,122
2026-08-26 22:27:07.876925,0,19.06157,72.91767,5.01,53.61,0.14999999999999947,0.0,5.01,0,122
2026-08-26 22:42:07.876925,0,19.04713,72.95763,4.87,56.66,-0.13999999999999968,0.0,4.87,0,122
2026-08-26 22:57:07.876925,0,19.0327,72.9976,5.04,43.52,0.16999999999999993,0.05999999999999991,5.04,0,122
2026-08-26 23:12:07.876925,0,19.01827,73.03757,5.16,49.55,0.1200000000000001,0.05000000000000012,5.16,0,122
2026-08-26 23:27:07.876925,0,19.00383,73.07753,5.36,49.09,0.20000000000000018,0.1633333333333334,5.36,0,122
2026-08-26 23:42:07.876925,1,18.9894,73.1175,5.34,47.23,-0.020000000000000462,0.09999999999999994,5.34,0,122
2026-08-26 23:57:07.876925,1,18.95783,73.15625,5.41,56.17,0.07000000000000028,0.08333333333333333,5.41,0,122
2026-08-27 00:12:07.876925,1,18.92627,73.195,5.53,54.14,0.1200000000000001,0.05666666666666664,5.53,0,122
2026-08-27 00:27:07.876925,1,18.8947,73.23375,5.56,45.65,0.02999999999999936,0.07333333333333325,5.56,0,122
2026-08-27 00:42:07.876925,1,18.86313,73.2725,5.6,46.68,0.040000000000000036,0.06333333333333317,5.6,0,122
2026-08-27 00:57:07.876925,1,18.83157,73.31125,5.72,58.39,0.1200000000000001,0.06333333333333317,5.72,0,122
2026-08-27 01:12:07.876925,2,18.8,73.35,5.89,41.17,0.16999999999999993,0.11000000000000003,5.89,0,122
2026-08-27 01:27:07.876925,2,18.775,73.4,6.11,57.25,0.22000000000000064,0.17000000000000023,6.11,0,122
2026-08-27 01:42:07.876925,2,18.75,73.45,6.41,53.48,0.2999999999999998,0.23000000000000012,6.41,0,122
2026-08-27 01:57:07.876925,2,18.725,73.5,6.65,51.81,0.2400000000000002,0.2533333333333336,6.65,0,122
2026-08-27 02:12:07.876925,2,18.7,73.55,6.89,40.24,0.23999999999999932,0.2599999999999998,6.89,0,122
2026-08-27 02:27:07.876925,2,18.675,73.6,7.11,44.64,0.22000000000000064,0.2333333333333334,7.11,0,122
2026-08-27 02:42:07.876925,3,18.65,73.65,7.33,55.0,0.21999999999999975,0.22666666666666657,7.33,0,122
2026-08-27 02:57:07.876925,3,18.63013,73.68297,7.63,52.28,0.2999999999999998,0.24666666666666673,7.63,1,122
2026-08-27 03:12:07.876925,3,18.61027,73.71593,7.85,40.87,0.21999999999999975,0.24666666666666645,7.85,1,122
2026-08-27 03:27:07.876925,3,18.5904,73.7489,8.1,59.85,0.25,0.25666666666666654,8.1,1,122
2026-08-27 03:42:07.876925,3,18.57053,73.78187,8.4,46.14,0.3000000000000007,0.2566666666666668,8.4,1,122
2026-08-27 03:57:07.876925,3,18.55067,73.81483,8.67,58.34,0.2699999999999996,0.27333333333333343,8.67,1,122
2026-08-26 22:12:07.878908,0,19.076,72.8777,4.95,48.58,0.0,0.0,4.95,0,123
2026-08-26 22:27:07.878908,0,19.06157,72.91767,4.78,44.36,-0.16999999999999993,0.0,4.78,0,123
2026-08-26 22:42:07.878908,0,19.04713,72.95763,4.8,49.72,0.019999999999999574,0.0,4.8,0,123
2026-08-26 22:57:07.878908,0,19.0327,72.9976,4.86,55.37,0.0600000000000005,-0.029999999999999954,4.86,0,123
2026-08-26 23:12:07.878908,0,19.01827,73.03757,4.83,40.06,-0.03000000000000025,0.016666666666666607,4.83,0,123
2026-08-26 23:27:07.878908,0,19.00383,73.07753,4.86,41.06,0.03000000000000025,0.020000000000000167,4.86,0,123
2026-08-26 23:42:07.878908,1,18.9894,73.1175,5.79,50.38,0.9299999999999997,0.3099999999999999,5.79,0,123
2026-08-26 23:57:07.878908,1,18.95783,73.15625,6.54,54.27,0.75,0.57,6.54,1,123
2026-08-27 00:12:07.878908,1,18.92627,73.195,7.76,44.97,1.2199999999999998,0.9666666666666665,7.76,1,123
2026-08-27 00:27:07.878908,1,18.8947,73.23375,8.54,40.2,0.7799999999999994,0.9166666666666664,8.54,1,123
2026-08-27 00:42:07.878908,1,18.86313,73.2725,9.46,48.53,0.9200000000000017,0.9733333333333336,9.46,1,123
2026-08-27 00:57:07.878908,1,18.83157,73.31125,10.59,45.53,1.129999999999999,0.9433333333333334,10.59,1,123
2026-08-27 01:12:07.878908,2,18.8,73.35,11.74,40.94,1.1500000000000004,1.066666666666667,11.74,1,123
2026-08-27 01:27:07.878908,2,18.775,73.4,12.96,57.4,1.2200000000000006,1.1666666666666667,12.96,1,123
2026-08-27 01:42:07.878908,2,18.75,73.45,13.97,41.46,1.0099999999999998,1.126666666666667,13.97,1,123
2026-08-27 01:57:07.878908,2,18.725,73.5,15.31,45.87,1.3399999999999999,1.1900000000000002,15.31,1,123
2026-08-27 02:12:07.878908,2,18.7,73.55,16.21,42.51,0.9000000000000004,1.0833333333333333,16.21,1,123
2026-08-27 02:27:07.878908,2,18.675,73.6,16.93,59.63,0.7199999999999989,0.9866666666666664,16.93,1,123
2026-08-27 02:42:07.878908,3,18.65,73.65,18.33,44.84,1.3999999999999986,1.006666666666666,18.33,1,123
2026-08-27 02:57:07.878908,3,18.63013,73.68297,19.28,54.5,0.9500000000000028,1.0233333333333334,19.28,1,123
2026-08-27 03:12:07.878908,3,18.61027,73.71593,20.44,56.57,1.1600000000000001,1.1700000000000006,20.44,1,123
2026-08-27 03:27:07.878908,3,18.5904,73.7489,21.45,48.91,1.009999999999998,1.0400000000000003,21.45,1,123
2026-08-27 03:42:07.878908,3,18.57053,73.78187,22.6,42.52,1.1500000000000021,1.1066666666666667,22.6,1,123
2026-08-27 03:57:07.878908,3,18.55067,73.81483,23.75,56.05,1.1499999999999986,1.1033333333333328,23.75,1,123
2026-08-26 22:12:07.880873,0,19.076,72.8777,4.87,52.11,0.0,0.0,4.87,0,124
2026-08-26 22:27:07.880873,0,19.06157,72.91767,4.73,52.01,-0.13999999999999968,0.0,4.73,0,124
2026-08-26 22:42:07.880873,0,19.04713,72.95763,4.79,52.01,0.05999999999999961,0.0,4.79,0,124
2026-08-26 22:57:07.880873,0,19.0327,72.9976,4.86,45.42,0.07000000000000028,-0.0033333333333332624,4.86,0,124
2026-08-26 23:12:07.880873,0,19.01827,73.03757,4.91,44.01,0.04999999999999982,0.05999999999999991,4.91,0,124
2026-08-26 23:27:07.880873,0,19.00383,73.07753,4.93,43.96,0.019999999999999574,0.04666666666666656,4.93,0,124
2026-08-26 23:42:07.880873,1,18.9894,73.1175,4.98,59.95,0.05000000000000071,0.040000000000000036,4.98,0,124
2026-08-26 23:57:07.880873,1,18.95783,73.15625,4.88,51.19,-0.10000000000000053,-0.010000000000000083,4.88,0,124
2026-08-27 00:12:07.880873,1,18.92627,73.195,4.78,47.3,-0.09999999999999964,-0.04999999999999982,4.78,0,124
2026-08-27 00:27:07.880873,1,18.8947,73.23375,4.59,48.27,-0.1900000000000004,-0.1300000000000002,4.59,0,124
2026-08-27 00:42:07.880873,1,18.86313,73.2725,4.75,46.21,0.16000000000000014,-0.0433333333333333,4.75,0,124
2026-08-27 00:57:07.880873,1,18.83157,73.31125,4.68,44.94,-0.07000000000000028,-0.03333333333333351,4.68,0,124
2026-08-27 01:12:07.880873,2,18.8,73.35,5.47,58.43,0.79,0.2933333333333333,5.47,0,124
2026-08-27 01:27:07.880873,2,18.775,73.4,6.47,44.51,1.0,0.5733333333333333,6.47,1,124
2026-08-27 01:42:07.880873,2,18.75,73.45,7.66,59.31,1.1900000000000004,0.9933333333333335,7.66,1,124
2026-08-27 01:57:07.880873,2,18.725,73.5,8.63,43.21,0.9700000000000006,1.0533333333333337,8.63,1,124
2026-08-27 02:12:07.880873,2,18.7,73.55,9.63,49.24,1.0,1.0533333333333337,9.63,1,124
2026-08-27 02:27:07.880873,2,18.675,73.6,10.9,55.1,1.2699999999999996,1.08,10.9,1,124
2026-08-27 02:42:07.880873,3,18.65,73.65,12.24,55.24,1.3399999999999999,1.2033333333333331,12.24,1,124
2026-08-27 02:57:07.880873,3,18.63013,73.68297,13.52,51.35,1.2799999999999994,1.2966666666666662,13.52,1,124
2026-08-27 03:12:07.880873,3,18.61027,73.71593,14.29,47.4,0.7699999999999996,1.1299999999999997,14.29,1,124
2026-08-27 03:27:07.880873,3,18.5904,73.7489,15.59,43.34,1.3000000000000007,1.1166666666666665,15.59,1,124
2026-08-27 03:42:07.880873,3,18.57053,73.78187,16.73,56.04,1.1400000000000006,1.0700000000000003,16.73,1,124
2026-08-27 03:57:07.880873,3,18.55067,73.81483,18.17,45.41,1.4400000000000013,1.2933333333333341,18.17,1,124
2026-08-26 22:12:07.883327,0,19.076,72.8777,4.9,52.1,0.0,0.0,4.9,0,125
2026-08-26 22:27:07.883327,0,19.06157,72.91767,4.89,54.81,-0.010000000000000675,0.0,4.89,0,125
2026-08-26 22:42:07.883327,0,19.04713,72.95763,4.97,41.15,0.08000000000000007,0.0,4.97,0,125
2026-08-26 22:57:07.883327,0,19.0327,72.9976,4.92,40.95,-0.04999999999999982,0.006666666666666525,4.92,0,125
2026-08-26 23:12:07.883327,0,19.01827,73.03757,5.07,41.76,0.15000000000000036,0.0600000000000002,5.07,0,125
2026-08-26 23:27:07.883327,0,19.00383,73.07753,5.12,54.23,0.04999999999999982,0.05000000000000012,5.12,0,125
2026-08-26 23:42:07.883327,1,18.9894,73.1175,5.02,42.36,-0.10000000000000053,0.033333333333333215,5.02,0,125
2026-08-26 23:57:07.883327,1,18.95783,73.15625,4.93,42.86,-0.08999999999999986,-0.046666666666666856,4.93,0,125
2026-08-27 00:12:07.883327,1,18.92627,73.195,4.76,59.33,-0.16999999999999993,-0.1200000000000001,4.76,0,125
2026-08-27 00:27:07.883327,1,18.8947,73.23375,4.61,40.04,-0.14999999999999947,-0.1366666666666664,4.61,0,125
2026-08-27 00:42:07.883327,1,18.86313,73.2725,4.46,46.07,-0.15000000000000036,-0.1566666666666666,4.46,0,125
2026-08-27 00:57:07.883327,1,18.83157,73.31125,4.38,58.29,-0.08000000000000007,-0.12666666666666662,4.38,0,125
2026-08-27 01:12:07.883327,2,18.8,73.35,4.22,49.79,-0.16000000000000014,-0.1300000000000002,4.22,0,125
2026-08-27 01:27:07.883327,2,18.775,73.4,4.02,58.18,-0.20000000000000018,-0.1466666666666668,4.02,0,125
2026-08-27 01:42:07.883327,2,18.75,73.45,4.16,58.2,0.14000000000000057,-0.07333333333333325,4.16,0,125
2026-08-27 01:57:07.883327,2,18.725,73.5,4.04,50.61,-0.1200000000000001,-0.05999999999999991,4.04,0,125
2026-08-27 02:12:07.883327,2,18.7,73.55,4.21,52.69,0.16999999999999993,0.06333333333333346,4.21,0,125
2026-08-27 02:27:07.883327,2,18.675,73.6,4.35,41.86,0.13999999999999968,0.06333333333333317,4.35,0,125
2026-08-27 02:42:07.883327,3,18.65,73.65,4.93,41.4,0.5800000000000001,0.2966666666666666,4.93,0,125
2026-08-27 02:57:07.883327,3,18.63013,73.68297,5.55,59.09,0.6200000000000001,0.4466666666666666,5.55,0,125
2026-08-27 03:12:07.883327,3,18.61027,73.71593,6.39,44.67,0.8399999999999999,0.68,6.39,0,125
2026-08-27 03:27:07.883327,3,18.5904,73.7489,7.15,40.65,0.7600000000000007,0.7400000000000002,7.15,1,125
2026-08-27 03:42:07.883327,3,18.57053,73.78187,7.91,48.46,0.7599999999999998,0.7866666666666667,7.91,1,125
2026-08-27 03:57:07.883327,3,18.55067,73.81483,8.69,54.17,0.7799999999999994,0.7666666666666666,8.69,1,125
2026-08-26 22:12:07.885374,0,19.076,72.8777,4.9,57.19,0.0,0.0,4.9,0,126
2026-08-26 22:27:07.885374,0,19.06157,72.91767,5.03,43.23,0.1299999999999999,0.0,5.03,0,126
2026-08-26 22:42:07.885374,0,19.04713,72.95763,5.08,57.38,0.04999999999999982,0.0,5.08,0,126
2026-08-26 22:57:07.885374,0,19.0327,72.9976,5.26,48.11,0.17999999999999972,0.11999999999999982,5.26,0,126
2026-08-26 23:12:07.885374,0,19.01827,73.03757,5.21,49.95,-0.04999999999999982,0.05999999999999991,5.21,0,126
2026-08-26 23:27:07.885374,0,19.00383,73.07753,5.33,50.28,0.1200000000000001,0.08333333333333333,5.33,0,126
2026-08-26 23:42:07.885374,1,18.9894,73.1175,5.39,44.97,0.05999999999999961,0.0433333333333333,5.39,0,126
2026-08-26 23:57:07.885374,1,18.95783,73.15625,5.44,56.23,0.05000000000000071,0.07666666666666681,5.44,0,126
2026-08-27 00:12:07.885374,1,18.92627,73.195,5.48,49.9,0.040000000000000036,0.05000000000000012,5.48,0,126
2026-08-27 00:27:07.885374,1,18.8947,73.23375,5.51,48.2,0.02999999999999936,0.040000000000000036,5.51,0,126
2026-08-27 00:42:07.885374,1,18.86313,73.2725,5.51,42.32,0.0,0.023333333333333133,5.51,0,126
2026-08-27 00:57:07.885374,1,18.83157,73.31125,5.65,55.81,0.14000000000000057,0.05666666666666664,5.65,0,126
2026-08-27 01:12:07.885374,2,18.8,73.35,5.79,50.73,0.13999999999999968,0.09333333333333342,5.79,0,126
2026-08-27 01:27:07.885374,2,18.775,73.4,5.9,40.43,0.11000000000000032,0.1300000000000002,5.9,0,126
2026-08-27 01:42:07.885374,2,18.75,73.45,5.99,40.11,0.08999999999999986,0.11333333333333329,5.99,0,126
2026-08-27 01:57:07.885374,2,18.725,73.5,6.19,56.83,0.20000000000000018,0.13333333333333344,6.19,0,126
2026-08-27 02:12:07.885374,2,18.7,73.55,6.08,41.08,-0.11000000000000032,0.05999999999999991,6.08,0,126
2026-08-27 02:27:07.885374,2,18.675,73.6,6.17,55.38,0.08999999999999986,0.05999999999999991,6.17,0,126
2026-08-27 02:42:07.885374,3,18.65,73.65,6.07,55.2,-0.09999999999999964,-0.040000000000000036,6.07,0,126
2026-08-27 02:57:07.885374,3,18.63013,73.68297,5.89,47.47,-0.1800000000000006,-0.06333333333333346,5.89,0,126
2026-08-27 03:12:07.885374,3,18.61027,73.71593,5.96,41.56,0.07000000000000028,-0.06999999999999999,5.96,0,126
2026-08-27 03:27:07.885374,3,18.5904,73.7489,6.11,46.15,0.15000000000000036,0.013333333333333345,6.11,0,126
2026-08-27 03:42:07.885374,3,18.57053,73.78187,6.1,49.6,-0.010000000000000675,0.06999999999999999,6.1,0,126
2026-08-27 03:57:07.885374,3,18.55067,73.81483,5.95,49.24,-0.14999999999999947,-0.0033333333333332624,5.95,0,126
2026-08-26 22:12:07.887408,0,19.076,72.8777,5.96,58.23,0.0,0.0,5.96,0,127
2026-08-26 22:27:07.887408,0,19.06157,72.91767,6.61,55.07,0.6500000000000004,0.0,6.61,1,127
2026-08-26 22:42:07.887408,0,19.04713,72.95763,7.73,52.02,1.12,0.0,7.73,1,127
2026-08-26 22:57:07.887408,0,19.0327,72.9976,8.8,50.23,1.0700000000000003,0.9466666666666669,8.8,1,127
2026-08-26 23:12:07.887408,0,19.01827,73.03757,9.72,50.83,0.9199999999999999,1.0366666666666668,9.72,1,127
2026-08-26 23:27:07.887408,0,19.00383,73.07753,10.82,54.63,1.0999999999999996,1.03,10.82,1,127
2026-08-26 23:42:07.887408,1,18.9894,73.1175,11.77,41.79,0.9499999999999993,0.9899999999999997,11.77,1,127
2026-08-26 23:57:07.887408,1,18.95783,73.15625,13.06,55.66,1.290000000000001,1.1133333333333333,13.06,1,127
2026-08-27 00:12:07.887408,1,18.92627,73.195,14.07,44.51,1.0099999999999998,1.0833333333333333,14.07,1,127
2026-08-27 00:27:07.887408,1,18.8947,73.23375,15.07,50.94,1.0,1.1000000000000003,15.07,1,127
2026-08-27 00:42:07.887408,1,18.86313,73.2725,15.98,41.59,0.9100000000000001,0.9733333333333333,15.98,1,127
2026-08-27 00:57:07.887408,1,18.83157,73.31125,16.98,51.52,1.0,0.9700000000000001,16.98,1,127
2026-08-27 01:12:07.887408,2,18.8,73.35,17.87,57.7,0.8900000000000006,0.9333333333333336,17.87,1,127
2026-08-27 01:27:07.887408,2,18.775,73.4,18.72,41.77,0.8499999999999979,0.9133333333333328,18.72,1,127
2026-08-27 01:42:07.887408,2,18.75,73.45,19.76,53.65,1.0400000000000027,0.9266666666666671,19.76,1,127
2026-08-27 01:57:07.887408,2,18.725,73.5,20.56,45.32,0.7999999999999972,0.896666666666666,20.56,1,127
2026-08-27 02:12:07.887408,2,18.7,73.55,21.43,47.85,0.870000000000001,0.9033333333333337,21.43,1,127
2026-08-27 02:27:07.887408,2,18.675,73.6,22.38,54.87,0.9499999999999993,0.8733333333333325,22.38,1,127
2026-08-27 02:42:07.887408,3,18.65,73.65,23.47,44.18,1.0899999999999999,0.9700000000000001,23.47,1,127
2026-08-27 02:57:07.887408,3,18.63013,73.68297,24.74,59.2,1.2699999999999996,1.1033333333333328,24.74,1,127
2026-08-27 03:12:07.887408,3,18.61027,73.71593,25.52,57.89,0.7800000000000011,1.0466666666666669,25.52,1,127
2026-08-27 03:27:07.887408,3,18.5904,73.7489,26.52,57.33,1.0,1.0166666666666668,26.52,1,127
2026-08-27 03:42:07.887408,3,18.57053,73.78187,27.41,53.63,0.8900000000000006,0.8900000000000006,27.41,1,127
2026-08-27 03:57:07.887408,3,18.55067,73.81483,28.22,54.07,0.8099999999999987,0.8999999999999998,28.22,1,127
2026-08-26 22:12:07.889335,0,19.076,72.8777,5.64,46.58,0.0,0.0,5.64,0,128
2026-08-26 22:27:07.889335,0,19.06157,72.91767,6.29,50.59,0.6500000000000004,0.0,6.29,0,128
2026-08-26 22:42:07.889335,0,19.04713,72.95763,6.67,44.17,0.3799999999999999,0.0,6.67,0,128
2026-08-26 22:57:07.889335,0,19.0327,72.9976,7.06,41.35,0.3899999999999997,0.47333333333333333,7.06,0,128
2026-08-26 23:12:07.889335,0,19.01827,73.03757,7.49,58.7,0.4300000000000006,0.4000000000000001,7.49,1,128
2026-08-26 23:27:07.889335,0,19.00383,73.07753,7.97,53.36,0.47999999999999954,0.4333333333333333,7.97,1,128
2026-08-26 23:42:07.889335,1,18.9894,73.1175,8.58,58.25,0.6100000000000003,0.5066666666666668,8.58,1,128
2026-08-26 23:57:07.889335,1,18.95783,73.15625,9.07,56.22,0.4900000000000002,0.5266666666666667,9.07,1,128
2026-08-27 00:12:07.889335,1,18.92627,73.195,9.59,46.34,0.5199999999999996,0.54,9.59,1,128
2026-08-27 00:27:07.889335,1,18.8947,73.23375,9.92,42.32,0.33000000000000007,0.4466666666666666,9.92,1,128
2026-08-27 00:42:07.889335,1,18.86313,73.2725,10.56,51.97,0.6400000000000006,0.49666666666666676,10.56,1,128
2026-08-27 00:57:07.889335,1,18.83157,73.31125,10.9,58.11,0.33999999999999986,0.4366666666666668,10.9,1,128
2026-08-27 01:12:07.889335,2,18.8,73.35,11.38,45.93,0.4800000000000004,0.48666666666666697,11.38,1,128
2026-08-27 01:27:07.889335,2,18.775,73.4,11.92,47.29,0.5399999999999991,0.45333333333333314,11.92,1,128
2026-08-27 01:42:07.889335,2,18.75,73.45,12.49,48.38,0.5700000000000003,0.5299999999999999,12.49,1,128
2026-08-27 01:57:07.889335,2,18.725,73.5,13.11,52.12,0.6199999999999992,0.5766666666666662,13.11,1,128
2026-08-27 02:12:07.889335,2,18.7,73.55,13.54,42.09,0.4299999999999997,0.5399999999999997,13.54,1,128
2026-08-27 02:27:07.889335,2,18.675,73.6,13.91,42.99,0.370000000000001,0.47333333333333333,13.91,1,128
2026-08-27 02:42:07.889335,3,18.65,73.65,14.26,51.16,0.34999999999999964,0.38333333333333347,14.26,1,128
2026-08-27 02:57:07.889335,3,18.63013,73.68297,14.78,58.16,0.5199999999999996,0.4133333333333334,14.78,1,128
2026-08-27 03:12:07.889335,3,18.61027,73.71593,15.42,40.99,0.6400000000000006,0.5033333333333333,15.42,1,128
2026-08-27 03:27:07.889335,3,18.5904,73.7489,16.01,44.61,0.5900000000000016,0.5833333333333339,16.01,1,128
2026-08-27 03:42:07.889335,3,18.57053,73.78187,16.66,42.42,0.6499999999999986,0.6266666666666669,16.66,1,128
2026-08-27 03:57:07.889335,3,18.55067,73.81483,17.0,44.11,0.33999999999999986,0.5266666666666667,17.0,1,128
2026-08-26 22:12:07.891266,0,19.076,72.8777,5.0,49.22,0.0,0.0,5.0,0,129
2026-08-26 22:27:07.891266,0,19.06157,72.91767,4.86,45.01,-0.13999999999999968,0.0,4.86,0,129
2026-08-26 22:42:07.891266,0,19.04713,72.95763,4.87,46.03,0.009999999999999787,0.0,4.87,0,129
2026-08-26 22:57:07.891266,0,19.0327,72.9976,4.8,40.48,-0.07000000000000028,-0.06666666666666672,4.8,0,129
2026-08-26 23:12:07.891266,0,19.01827,73.03757,4.75,50.57,-0.04999999999999982,-0.03666666666666677,4.75,0,129
2026-08-26 23:27:07.891266,0,19.00383,73.07753,4.79,40.7,0.040000000000000036,-0.02666666666666669,4.79,0,129
2026-08-26 23:42:07.891266,1,18.9894,73.1175,4.91,55.32,0.1200000000000001,0.03666666666666677,4.91,0,129
2026-08-26 23:57:07.891266,1,18.95783,73.15625,4.81,48.82,-0.10000000000000053,0.01999999999999987,4.81,0,129
2026-08-27 00:12:07.891266,1,18.92627,73.195,4.88,46.9,0.07000000000000028,0.029999999999999954,4.88,0,129
2026-08-27 00:27:07.891266,1,18.8947,73.23375,4.89,43.75,0.009999999999999787,-0.006666666666666821,4.89,0,129
2026-08-27 00:42:07.891266,1,18.86313,73.2725,4.93,44.74,0.040000000000000036,0.040000000000000036,4.93,0,129
2026-08-27 00:57:07.891266,1,18.83157,73.31125,4.96,51.88,0.03000000000000025,0.02666666666666669,4.96,0,129
2026-08-27 01:12:07.891266,2,18.8,73.35,4.91,53.0,-0.04999999999999982,0.006666666666666821,4.91,0,129
2026-08-27 01:27:07.891266,2,18.775,73.4,5.0,49.16,0.08999999999999986,0.023333333333333428,5.0,0,129
2026-08-27 01:42:07.891266,2,18.75,73.45,4.92,59.85,-0.08000000000000007,-0.013333333333333345,4.92,0,129
2026-08-27 01:57:07.891266,2,18.725,73.5,5.11,52.68,0.1900000000000004,0.06666666666666672,5.11,0,129
2026-08-27 02:12:07.891266,2,18.7,73.55,5.2,56.6,0.08999999999999986,0.06666666666666672,5.2,0,129
2026-08-27 02:27:07.891266,2,18.675,73.6,5.18,51.93,-0.020000000000000462,0.0866666666666666,5.18,0,129
2026-08-27 02:42:07.891266,3,18.65,73.65,5.12,49.06,-0.05999999999999961,0.0033333333333332624,5.12,0,129
2026-08-27 02:57:07.891266,3,18.63013,73.68297,5.27,51.06,0.14999999999999947,0.023333333333333133,5.27,0,129
2026-08-27 03:12:07.891266,3,18.61027,73.71593,5.45,58.3,0.1800000000000006,0.09000000000000015,5.45,0,129
2026-08-27 03:27:07.891266,3,18.5904,73.7489,5.25,53.75,-0.20000000000000018,0.0433333333333333,5.25,0,129
2026-08-27 03:42:07.891266,3,18.57053,73.78187,5.42,57.89,0.16999999999999993,0.05000000000000012,5.42,0,129
2026-08-27 03:57:07.891266,3,18.55067,73.81483,5.46,40.26,0.040000000000000036,0.0033333333333332624,5.46,0,129
2026-08-26 22:12:07.893240,0,19.076,72.8777,4.85,52.39,0.0,0.0,4.85,0,130
2026-08-26 22:27:07.893240,0,19.06157,72.91767,4.96,42.03,0.11000000000000032,0.0,4.96,0,130
2026-08-26 22:42:07.893240,0,19.04713,72.95763,4.94,50.86,-0.019999999999999574,0.0,4.94,0,130
2026-08-26 22:57:07.893240,0,19.0327,72.9976,4.88,40.33,-0.0600000000000005,0.010000000000000083,4.88,0,130
2026-08-26 23:12:07.893240,0,19.01827,73.03757,4.9,41.25,0.020000000000000462,-0.01999999999999987,4.9,0,130
2026-08-26 23:27:07.893240,0,19.00383,73.07753,4.85,40.36,-0.05000000000000071,-0.03000000000000025,4.85,0,130
2026-08-26 23:42:07.893240,1,18.9894,73.1175,5.62,49.92,0.7700000000000005,0.24666666666666673,5.62,0,130
2026-08-26 23:57:07.893240,1,18.95783,73.15625,6.36,47.32,0.7400000000000002,0.48666666666666664,6.36,0,130
2026-08-27 00:12:07.893240,1,18.92627,73.195,6.9,40.46,0.54,0.6833333333333336,6.9,0,130
2026-08-27 00:27:07.893240,1,18.8947,73.23375,7.33,59.93,0.4299999999999997,0.57,7.33,1,130
2026-08-27 00:42:07.893240,1,18.86313,73.2725,7.77,55.69,0.4399999999999995,0.46999999999999975,7.77,1,130
2026-08-27 00:57:07.893240,1,18.83157,73.31125,8.3,46.47,0.5300000000000011,0.4666666666666668,8.3,1,130
2026-08-27 01:12:07.893240,2,18.8,73.35,9.03,55.23,0.7299999999999986,0.5666666666666664,9.03,1,130
2026-08-27 01:27:07.893240,2,18.775,73.4,9.7,48.75,0.6699999999999999,0.6433333333333332,9.7,1,130
2026-08-27 01:42:07.893240,2,18.75,73.45,10.32,57.13,0.620000000000001,0.6733333333333332,10.32,1,130
2026-08-27 01:57:07.893240,2,18.725,73.5,10.84,59.1,0.5199999999999996,0.6033333333333335,10.84,1,130
2026-08-27 02:12:07.893240,2,18.7,73.55,11.46,54.95,0.620000000000001,0.5866666666666672,11.46,1,130
2026-08-27 02:27:07.893240,2,18.675,73.6,12.19,51.33,0.7299999999999986,0.6233333333333331,12.19,1,130
2026-08-27 02:42:07.893240,3,18.65,73.65,12.92,54.61,0.7300000000000004,0.6933333333333334,12.92,1,130
2026-08-27 02:57:07.893240,3,18.63013,73.68297,13.45,57.03,0.5299999999999994,0.6633333333333328,13.45,1,130
2026-08-27 03:12:07.893240,3,18.61027,73.71593,13.93,45.93,0.4800000000000004,0.5800000000000001,13.93,1,130
2026-08-27 03:27:07.893240,3,18.5904,73.7489,14.69,52.48,0.7599999999999998,0.5899999999999999,14.69,1,130
2026-08-27 03:42:07.893240,3,18.57053,73.78187,15.17,44.29,0.4800000000000004,0.5733333333333336,15.17,1,130
2026-08-27 03:57:07.893240,3,18.55067,73.81483,15.68,52.86,0.5099999999999998,0.5833333333333334,15.68,1,130
2026-08-26 22:12:07.895151,0,19.076,72.8777,4.84,50.33,0.0,0.0,4.84,0,131
2026-08-26 22:27:07.895151,0,19.06157,72.91767,4.99,43.39,0.15000000000000036,0.0,4.99,0,131
2026-08-26 22:42:07.895151,0,19.04713,72.95763,4.86,54.85,-0.1299999999999999,0.0,4.86,0,131
2026-08-26 22:57:07.895151,0,19.0327,72.9976,4.76,54.83,-0.10000000000000053,-0.02666666666666669,4.76,0,131
2026-08-26 23:12:07.895151,0,19.01827,73.03757,4.63,53.53,-0.1299999999999999,-0.1200000000000001,4.63,0,131
2026-08-26 23:27:07.895151,0,19.00383,73.07753,4.59,44.06,-0.040000000000000036,-0.09000000000000015,4.59,0,131
2026-08-26 23:42:07.895151,1,18.9894,73.1175,4.63,47.65,0.040000000000000036,-0.0433333333333333,4.63,0,131
2026-08-26 23:57:07.895151,1,18.95783,73.15625,4.48,45.34,-0.14999999999999947,-0.04999999999999982,4.48,0,131
2026-08-27 00:12:07.895151,1,18.92627,73.195,4.66,47.84,0.17999999999999972,0.023333333333333428,4.66,0,131
2026-08-27 00:27:07.895151,1,18.8947,73.23375,4.56,53.25,-0.10000000000000053,-0.023333333333333428,4.56,0,131
2026-08-27 00:42:07.895151,1,18.86313,73.2725,4.56,55.25,0.0,0.026666666666666394,4.56,0,131
2026-08-27 00:57:07.895151,1,18.83157,73.31125,4.39,53.66,-0.16999999999999993,-0.09000000000000015,4.39,0,131
2026-08-27 01:12:07.895151,2,18.8,73.35,4.43,41.68,0.040000000000000036,-0.0433333333333333,4.43,0,131
2026-08-27 01:27:07.895151,2,18.775,73.4,4.49,46.94,0.0600000000000005,-0.023333333333333133,4.49,0,131
2026-08-27 01:42:07.895151,2,18.75,73.45,4.65,56.24,0.16000000000000014,0.08666666666666689,4.65,0,131
2026-08-27 01:57:07.895151,2,18.725,73.5,4.7,54.06,0.04999999999999982,0.09000000000000015,4.7,0,131
2026-08-27 02:12:07.895151,2,18.7,73.55,4.65,43.41,-0.04999999999999982,0.05333333333333338,4.65,0,131
2026-08-27 02:27:07.895151,2,18.675,73.6,4.45,52.97,-0.20000000000000018,-0.06666666666666672,4.45,0,131
2026-08-27 02:42:07.895151,3,18.65,73.65,4.89,40.42,0.4399999999999995,0.06333333333333317,4.89,0,131
2026-08-27 02:57:07.895151,3,18.63013,73.68297,5.46,43.13,0.5700000000000003,0.26999999999999985,5.46,0,131
2026-08-27 03:12:07.895151,3,18.61027,73.71593,5.94,45.63,0.4800000000000004,0.49666666666666676,5.94,0,131
2026-08-27 03:27:07.895151,3,18.5904,73.7489,6.28,47.35,0.33999999999999986,0.46333333333333354,6.28,0,131
2026-08-27 03:42:07.895151,3,18.57053,73.78187,6.71,47.73,0.4299999999999997,0.4166666666666667,6.71,0,131
2026-08-27 03:57:07.895151,3,18.55067,73.81483,7.23,52.06,0.5200000000000005,0.43,7.23,0,131
2026-08-26 22:12:07.897209,0,19.076,72.8777,5.08,53.12,0.0,0.0,5.08,0,132
2026-08-26 22:27:07.897209,0,19.06157,72.91767,5.26,52.42,0.17999999999999972,0.0,5.26,0,132
2026-08-26 22:42:07.897209,0,19.04713,72.95763,5.17,43.76,-0.08999999999999986,0.0,5.17,0,132
2026-08-26 22:57:07.897209,0,19.0327,72.9976,5.28,59.28,0.11000000000000032,0.06666666666666672,5.28,0,132
2026-08-26 23:12:07.897209,0,19.01827,73.03757,5.23,58.67,-0.04999999999999982,-0.009999999999999787,5.23,0,132
2026-08-26 23:27:07.897209,0,19.00383,73.07753,5.27,58.02,0.03999999999999915,0.033333333333333215,5.27,0,132
2026-08-26 23:42:07.897209,1,18.9894,73.1175,5.4,55.61,0.13000000000000078,0.040000000000000036,5.4,0,132
2026-08-26 23:57:07.897209,1,18.95783,73.15625,5.5,41.2,0.09999999999999964,0.08999999999999986,5.5,0,132
2026-08-27 00:12:07.897209,1,18.92627,73.195,5.45,59.24,-0.04999999999999982,0.0600000000000002,5.45,0,132
2026-08-27 00:27:07.897209,1,18.8947,73.23375,5.29,40.12,-0.16000000000000014,-0.03666666666666677,5.29,0,132
2026-08-27 00:42:07.897209,1,18.86313,73.2725,5.2,54.76,-0.08999999999999986,-0.09999999999999994,5.2,0,132
2026-08-27 00:57:07.897209,1,18.83157,73.31125,5.14,47.93,-0.0600000000000005,-0.1033333333333335,5.14,0,132
2026-08-27 01:12:07.897209,2,18.8,73.35,5.15,44.9,0.010000000000000675,-0.04666666666666656,5.15,0,132
2026-08-27 01:27:07.897209,2,18.775,73.4,4.98,54.92,-0.16999999999999993,-0.07333333333333325,4.98,0,132
2026-08-27 01:42:07.897209,2,18.75,73.45,5.04,57.58,0.05999999999999961,-0.033333333333333215,5.04,0,132
2026-08-27 01:57:07.897209,2,18.725,73.5,5.14,54.65,0.09999999999999964,-0.003333333333333558,5.14,0,132
2026-08-27 02:12:07.897209,2,18.7,73.55,5.32,59.09,0.1800000000000006,0.11333333333333329,5.32,0,132
2026-08-27 02:27:07.897209,2,18.675,73.6,5.21,53.45,-0.11000000000000032,0.05666666666666664,5.21,0,132
2026-08-27 02:42:07.897209,3,18.65,73.65,5.11,47.07,-0.09999999999999964,-0.009999999999999787,5.11,0,132
2026-08-27 02:57:07.897209,3,18.63013,73.68297,5.13,49.76,0.019999999999999574,-0.06333333333333346,5.13,0,132
2026-08-27 03:12:07.897209,3,18.61027,73.71593,5.14,48.58,0.009999999999999787,-0.023333333333333428,5.14,0,132
2026-08-27 03:27:07.897209,3,18.5904,73.7489,5.17,56.26,0.03000000000000025,0.01999999999999987,5.17,0,132
2026-08-27 03:42:07.897209,3,18.57053,73.78187,5.2,44.4,0.03000000000000025,0.023333333333333428,5.2,0,132
2026-08-27 03:57:07.897209,3,18.55067,73.81483,5.36,56.97,0.16000000000000014,0.07333333333333354,5.36,0,132
2026-08-26 22:12:07.900094,0,19.076,72.8777,5.06,57.75,0.0,0.0,5.06,0,133
2026-08-26 22:27:07.900094,0,19.06157,72.91767,5.25,40.53,0.1900000000000004,0.0,5.25,0,133
2026-08-26 22:42:07.900094,0,19.04713,72.95763,5.31,44.41,0.05999999999999961,0.0,5.31,0,133
2026-08-26 22:57:07.900094,0,19.0327,72.9976,5.38,43.58,0.07000000000000028,0.10666666666666676,5.38,0,133
2026-08-26 23:12:07.900094,0,19.01827,73.03757,5.52,52.73,0.13999999999999968,0.08999999999999986,5.52,0,133
2026-08-26 23:27:07.900094,0,19.00383,73.07753,5.49,52.03,-0.02999999999999936,0.0600000000000002,5.49,0,133
2026-08-26 23:42:07.900094,1,18.9894,73.1175,6.22,48.92,0.7299999999999995,0.27999999999999997,6.22,0,133
2026-08-26 23:57:07.900094,1,18.95783,73.15625,6.96,49.07,0.7400000000000002,0.48000000000000015,6.96,1,133
2026-08-27 00:12:07.900094,1,18.92627,73.195,7.91,57.83,0.9500000000000002,0.8066666666666666,7.91,1,133
2026-08-27 00:27:07.900094,1,18.8947,73.23375,8.83,58.22,0.9199999999999999,0.8700000000000001,8.83,1,133
2026-08-27 00:42:07.900094,1,18.86313,73.2725,9.47,43.35,0.6400000000000006,0.8366666666666669,9.47,1,133
2026-08-27 00:57:07.900094,1,18.83157,73.31125,10.11,55.63,0.6399999999999988,0.7333333333333331,10.11,1,133
2026-08-27 01:12:07.900094,2,18.8,73.35,10.81,51.32,0.7000000000000011,0.6600000000000001,10.81,1,133
2026-08-27 01:27:07.900094,2,18.775,73.4,11.71,52.04,0.9000000000000004,0.7466666666666667,11.71,1,133
2026-08-27 01:42:07.900094,2,18.75,73.45,12.52,50.91,0.8099999999999987,0.8033333333333333,12.52,1,133
2026-08-27 01:57:07.900094,2,18.725,73.5,13.21,56.63,0.6900000000000013,0.8000000000000002,13.21,1,133
2026-08-27 02:12:07.900094,2,18.7,73.55,14.01,58.88,0.7999999999999989,0.7666666666666663,14.01,1,133
2026-08-27 02:27:07.900094,2,18.675,73.6,14.99,42.55,0.9800000000000004,0.8233333333333336,14.99,1,133
2026-08-27 02:42:07.900094,3,18.65,73.65,15.73,48.71,0.7400000000000002,0.8399999999999999,15.73,1,133
2026-08-27 02:57:07.900094,3,18.63013,73.68297,16.33,57.69,0.5999999999999979,0.7733333333333329,16.33,1,133
2026-08-27 03:12:07.900094,3,18.61027,73.71593,17.33,40.51,1.0,0.7799999999999994,17.33,1,133
2026-08-27 03:27:07.900094,3,18.5904,73.7489,17.87,41.09,0.5400000000000027,0.7133333333333335,17.87,1,133
2026-08-27 03:42:07.900094,3,18.57053,73.78187,18.56,46.5,0.6899999999999977,0.7433333333333335,18.56,1,133
2026-08-27 03:57:07.900094,3,18.55067,73.81483,19.34,40.73,0.7800000000000011,0.6700000000000005,19.34,1,133
2026-08-26 22:12:07.903079,0,19.076,72.8777,5.23,51.64,0.0,0.0,5.23,0,134
2026-08-26 22:27:07.903079,0,19.06157,72.91767,5.43,47.25,0.1999999999999993,0.0,5.43,0,134
2026-08-26 22:42:07.903079,0,19.04713,72.95763,5.77,43.27,0.33999999999999986,0.0,5.77,0,134
2026-08-26 22:57:07.903079,0,19.0327,72.9976,6.01,49.51,0.2400000000000002,0.2599999999999998,6.01,0,134
2026-08-26 23:12:07.903079,0,19.01827,73.03757,6.4,51.36,0.39000000000000057,0.32333333333333353,6.4,0,134
2026-08-26 23:27:07.903079,0,19.00383,73.07753,6.74,57.95,0.33999999999999986,0.32333333333333353,6.74,0,134
2026-08-26 23:42:07.903079,1,18.9894,73.1175,6.95,46.78,0.20999999999999996,0.31333333333333346,6.95,0,134
2026-08-26 23:57:07.903079,1,18.95783,73.15625,7.17,40.21,0.21999999999999975,0.25666666666666654,7.17,0,134
2026-08-27 00:12:07.903079,1,18.92627,73.195,7.37,46.83,0.20000000000000018,0.20999999999999996,7.37,0,134
2026-08-27 00:27:07.903079,1,18.8947,73.23375,7.67,50.92,0.2999999999999998,0.2399999999999999,7.67,1,134
2026-08-27 00:42:07.903079,1,18.86313,73.2725,7.96,59.0,0.29000000000000004,0.26333333333333336,7.96,1,134
2026-08-27 00:57:07.903079,1,18.83157,73.31125,8.22,42.16,0.2600000000000007,0.2833333333333335,8.22,1,134
2026-08-27 01:12:07.903079,2,18.8,73.35,8.48,44.66,0.2599999999999998,0.2700000000000002,8.48,1,134
2026-08-27 01:27:07.903079,2,18.775,73.4,8.79,42.28,0.3099999999999987,0.2766666666666664,8.79,1,134
2026-08-27 01:42:07.903079,2,18.75,73.45,9.12,53.12,0.33000000000000007,0.29999999999999954,9.12,1,134
2026-08-27 01:57:07.903079,2,18.725,73.5,9.46,42.81,0.34000000000000163,0.3266666666666668,9.46,1,134
2026-08-27 02:12:07.903079,2,18.7,73.55,9.78,54.45,0.3199999999999985,0.33000000000000007,9.78,1,134
2026-08-27 02:27:07.903079,2,18.675,73.6,10.03,49.24,0.25,0.3033333333333334,10.03,1,134
2026-08-27 02:42:07.903079,3,18.65,73.65,10.4,52.78,0.370000000000001,0.3133333333333332,10.4,1,134
2026-08-27 02:57:07.903079,3,18.63013,73.68297,10.63,45.11,0.23000000000000043,0.2833333333333338,10.63,1,134
2026-08-27 03:12:07.903079,3,18.61027,73.71593,10.95,54.03,0.3199999999999985,0.30666666666666664,10.95,1,134
2026-08-27 03:27:07.903079,3,18.5904,73.7489,11.28,57.78,0.33000000000000007,0.293333333333333,11.28,1,134
2026-08-27 03:42:07.903079,3,18.57053,73.78187,11.64,50.62,0.3600000000000012,0.3366666666666666,11.64,1,134
2026-08-27 03:57:07.903079,3,18.55067,73.81483,11.85,48.2,0.20999999999999908,0.3000000000000001,11.85,1,134
2026-08-26 22:12:07.905981,0,19.076,72.8777,5.87,43.78,0.0,0.0,5.87,1,135
2026-08-26 22:27:07.905981,0,19.06157,72.91767,6.98,53.39,1.1100000000000003,0.0,6.98,1,135
2026-08-26 22:42:07.905981,0,19.04713,72.95763,8.36,52.97,1.379999999999999,0.0,8.36,1,135
2026-08-26 22:57:07.905981,0,19.0327,72.9976,9.57,46.29,1.2100000000000009,1.2333333333333334,9.57,1,135
2026-08-26 23:12:07.905981,0,19.01827,73.03757,10.37,42.81,0.7999999999999989,1.1299999999999997,10.37,1,135
2026-08-26 23:27:07.905981,0,19.00383,73.07753,11.55,41.4,1.1800000000000015,1.0633333333333337,11.55,1,135
2026-08-26 23:42:07.905981,1,18.9894,73.1175,12.62,49.58,1.0699999999999985,1.0166666666666664,12.62,1,135
2026-08-26 23:57:07.905981,1,18.95783,73.15625,13.8,54.67,1.1800000000000015,1.1433333333333338,13.8,1,135
2026-08-27 00:12:07.905981,1,18.92627,73.195,14.88,51.95,1.08,1.11,14.88,1,135
2026-08-27 00:27:07.905981,1,18.8947,73.23375,15.84,54.86,0.9599999999999991,1.0733333333333335,15.84,1,135
2026-08-27 00:42:07.905981,1,18.86313,73.2725,16.98,54.36,1.1400000000000006,1.0599999999999998,16.98,1,135
2026-08-27 00:57:07.905981,1,18.83157,73.31125,18.08,43.12,1.0999999999999979,1.0666666666666658,18.08,1,135
2026-08-27 01:12:07.905981,2,18.8,73.35,18.86,42.28,0.7800000000000011,1.0066666666666666,18.86,1,135
2026-08-27 01:27:07.905981,2,18.775,73.4,20.17,56.8,1.3100000000000023,1.0633333333333337,20.17,1,135
2026-08-27 01:42:07.905981,2,18.75,73.45,21.24,41.79,1.0699999999999967,1.0533333333333335,21.24,1,135
2026-08-27 01:57:07.905981,2,18.725,73.5,22.33,41.11,1.0899999999999999,1.1566666666666663,22.33,1,135
2026-08-27 02:12:07.905981,2,18.7,73.55,23.41,53.91,1.0800000000000018,1.0799999999999994,23.41,1,135
2026-08-27 02:27:07.905981,2,18.675,73.6,24.38,45.05,0.9699999999999989,1.0466666666666669,24.38,1,135
2026-08-27 02:42:07.905981,3,18.65,73.65,25.71,52.01,1.3300000000000018,1.1266666666666676,25.71,1,135
2026-08-27 02:57:07.905981,3,18.63013,73.68297,26.93,59.6,1.2199999999999989,1.1733333333333331,26.93,1,135
2026-08-27 03:12:07.905981,3,18.61027,73.71593,27.91,43.61,0.9800000000000004,1.176666666666667,27.91,1,135
2026-08-27 03:27:07.905981,3,18.5904,73.7489,28.77,49.44,0.8599999999999994,1.0199999999999996,28.77,1,135
2026-08-27 03:42:07.905981,3,18.57053,73.78187,30.05,53.71,1.2800000000000011,1.0400000000000003,30.05,1,135
2026-08-27 03:57:07.905981,3,18.55067,73.81483,31.01,48.66,0.9600000000000009,1.0333333333333339,31.01,1,135
2026-08-26 22:12:07.908846,0,19.076,72.8777,5.17,47.51,0.0,0.0,5.17,0,136
2026-08-26 22:27:07.908846,0,19.06157,72.91767,5.15,53.2,-0.019999999999999574,0.0,5.15,0,136
2026-08-26 22:42:07.908846,0,19.04713,72.95763,5.07,44.58,-0.08000000000000007,0.0,5.07,0,136
2026-08-26 22:57:07.908846,0,19.0327,72.9976,5.16,42.47,0.08999999999999986,-0.0033333333333332624,5.16,0,136
2026-08-26 23:12:07.908846,0,19.01827,73.03757,5.2,59.89,0.040000000000000036,0.016666666666666607,5.2,0,136
2026-08-26 23:27:07.908846,0,19.00383,73.07753,5.03,53.22,-0.16999999999999993,-0.013333333333333345,5.03,0,136
2026-08-26 23:42:07.908846,1,18.9894,73.1175,5.08,58.14,0.04999999999999982,-0.02666666666666669,5.08,0,136
2026-08-26 23:57:07.908846,1,18.95783,73.15625,5.05,57.01,-0.03000000000000025,-0.05000000000000012,5.05,0,136
2026-08-27 00:12:07.908846,1,18.92627,73.195,5.18,47.38,0.1299999999999999,0.04999999999999982,5.18,0,136
2026-08-27 00:27:07.908846,1,18.8947,73.23375,5.12,57.38,-0.05999999999999961,0.013333333333333345,5.12,0,136
2026-08-27 00:42:07.908846,1,18.86313,73.2725,5.2,43.15,0.08000000000000007,0.05000000000000012,5.2,0,136
2026-08-27 00:57:07.908846,1,18.83157,73.31125,5.06,49.18,-0.14000000000000057,-0.040000000000000036,5.06,0,136
2026-08-27 01:12:07.908846,2,18.8,73.35,5.21,53.04,0.15000000000000036,0.029999999999999954,5.21,0,136
2026-08-27 01:27:07.908846,2,18.775,73.4,5.41,57.71,0.20000000000000018,0.06999999999999999,5.41,0,136
2026-08-27 01:42:07.908846,2,18.75,73.45,5.53,52.14,0.1200000000000001,0.15666666666666687,5.53,0,136
2026-08-27 01:57:07.908846,2,18.725,73.5,5.33,43.56,-0.20000000000000018,0.040000000000000036,5.33,0,136
2026-08-27 02:12:07.908846,2,18.7,73.55,5.46,42.49,0.1299999999999999,0.016666666666666607,5.46,0,136
2026-08-27 02:27:07.908846,2,18.675,73.6,5.41,42.81,-0.04999999999999982,-0.040000000000000036,5.41,0,136
2026-08-27 02:42:07.908846,3,18.65,73.65,5.24,50.38,-0.16999999999999993,-0.029999999999999954,5.24,0,136
2026-08-27 02:57:07.908846,3,18.63013,73.68297,5.07,45.71,-0.16999999999999993,-0.1299999999999999,5.07,0,136
2026-08-27 03:12:07.908846,3,18.61027,73.71593,5.01,47.22,-0.0600000000000005,-0.13333333333333344,5.01,0,136
2026-08-27 03:27:07.908846,3,18.5904,73.7489,5.06,49.45,0.04999999999999982,-0.0600000000000002,5.06,0,136
2026-08-27 03:42:07.908846,3,18.57053,73.78187,5.07,54.35,0.010000000000000675,0.0,5.07,0,136
2026-08-27 03:57:07.908846,3,18.55067,73.81483,5.24,55.37,0.16999999999999993,0.07666666666666681,5.24,0,136
2026-08-26 22:12:07.912514,0,19.076,72.8777,4.92,42.88,0.0,0.0,4.92,0,137
2026-08-26 22:27:07.912514,0,19.06157,72.91767,5.05,40.2,0.1299999999999999,0.0,5.05,0,137
2026-08-26 22:42:07.912514,0,19.04713,72.95763,4.92,42.61,-0.1299999999999999,0.0,4.92,0,137
2026-08-26 22:57:07.912514,0,19.0327,72.9976,5.08,53.85,0.16000000000000014,0.05333333333333338,5.08,0,137
2026-08-26 23:12:07.912514,0,19.01827,73.03757,5.0,52.09,-0.08000000000000007,-0.016666666666666607,5.0,0,137
2026-08-26 23:27:07.912514,0,19.00383,73.07753,4.86,59.85,-0.13999999999999968,-0.01999999999999987,4.86,0,137
2026-08-26 23:42:07.912514,1,18.9894,73.1175,4.67,46.87,-0.1900000000000004,-0.13666666666666671,4.67,0,137
2026-08-26 23:57:07.912514,1,18.95783,73.15625,4.86,52.43,0.1900000000000004,-0.04666666666666656,4.86,0,137
2026-08-27 00:12:07.912514,1,18.92627,73.195,4.86,55.64,0.0,0.0,4.86,0,137
2026-08-27 00:27:07.912514,1,18.8947,73.23375,4.82,48.37,-0.040000000000000036,0.05000000000000012,4.82,0,137
2026-08-27 00:42:07.912514,1,18.86313,73.2725,4.86,54.06,0.040000000000000036,0.0,4.86,0,137
2026-08-27 00:57:07.912514,1,18.83157,73.31125,4.67,56.78,-0.1900000000000004,-0.06333333333333346,4.67,0,137
2026-08-27 01:12:07.912514,2,18.8,73.35,4.53,51.4,-0.13999999999999968,-0.09666666666666668,4.53,0,137
2026-08-27 01:27:07.912514,2,18.775,73.4,4.55,42.87,0.019999999999999574,-0.1033333333333335,4.55,0,137
2026-08-27 01:42:07.912514,2,18.75,73.45,4.39,47.68,-0.16000000000000014,-0.09333333333333342,4.39,0,137
2026-08-27 01:57:07.912514,2,18.725,73.5,4.33,40.71,-0.05999999999999961,-0.06666666666666672,4.33,0,137
2026-08-27 02:12:07.912514,2,18.7,73.55,4.39,49.75,0.05999999999999961,-0.05333333333333338,4.39,0,137
2026-08-27 02:27:07.912514,2,18.675,73.6,4.56,42.75,0.16999999999999993,0.05666666666666664,4.56,0,137
2026-08-27 02:42:07.912514,3,18.65,73.65,4.57,42.85,0.010000000000000675,0.08000000000000007,4.57,0,137
2026-08-27 02:57:07.912514,3,18.63013,73.68297,4.48,48.93,-0.08999999999999986,0.03000000000000025,4.48,0,137
2026-08-27 03:12:07.912514,3,18.61027,73.71593,4.49,44.9,0.009999999999999787,-0.023333333333333133,4.49,0,137
2026-08-27 03:27:07.912514,3,18.5904,73.7489,4.63,45.39,0.13999999999999968,0.01999999999999987,4.63,0,137
2026-08-27 03:42:07.912514,3,18.57053,73.78187,4.72,58.05,0.08999999999999986,0.07999999999999978,4.72,0,137
2026-08-27 03:57:07.912514,3,18.55067,73.81483,4.72,57.49,0.0,0.07666666666666651,4.72,0,137
2026-08-26 22:12:07.915294,0,19.076,72.8777,5.15,42.12,0.0,0.0,5.15,0,138
2026-08-26 22:27:07.915294,0,19.06157,72.91767,5.06,55.8,-0.09000000000000075,0.0,5.06,0,138
2026-08-26 22:42:07.915294,0,19.04713,72.95763,5.26,43.71,0.20000000000000018,0.0,5.26,0,138
2026-08-26 22:57:07.915294,0,19.0327,72.9976,5.08,41.04,-0.17999999999999972,-0.023333333333333428,5.08,0,138
2026-08-26 23:12:07.915294,0,19.01827,73.03757,4.97,45.99,-0.11000000000000032,-0.029999999999999954,4.97,0,138
2026-08-26 23:27:07.915294,0,19.00383,73.07753,4.79,52.29,-0.17999999999999972,-0.1566666666666666,4.79,0,138
2026-08-26 23:42:07.915294,1,18.9894,73.1175,4.87,54.18,0.08000000000000007,-0.06999999999999999,4.87,0,138
2026-08-26 23:57:07.915294,1,18.95783,73.15625,4.93,44.28,0.05999999999999961,-0.013333333333333345,4.93,0,138
2026-08-27 00:12:07.915294,1,18.92627,73.195,4.99,50.89,0.0600000000000005,0.06666666666666672,4.99,0,138
2026-08-27 00:27:07.915294,1,18.8947,73.23375,4.93,53.67,-0.0600000000000005,0.01999999999999987,4.93,0,138
2026-08-27 00:42:07.915294,1,18.86313,73.2725,5.11,46.36,0.1800000000000006,0.0600000000000002,5.11,0,138
2026-08-27 00:57:07.915294,1,18.83157,73.31125,5.11,49.31,0.0,0.040000000000000036,5.11,0,138
2026-08-27 01:12:07.915294,2,18.8,73.35,5.21,56.48,0.09999999999999964,0.09333333333333342,5.21,0,138
2026-08-27 01:27:07.915294,2,18.775,73.4,5.14,48.75,-0.07000000000000028,0.009999999999999787,5.14,0,138
2026-08-27 01:42:07.915294,2,18.75,73.45,5.08,47.47,-0.05999999999999961,-0.010000000000000083,5.08,0,138
2026-08-27 01:57:07.915294,2,18.725,73.5,4.99,50.24,-0.08999999999999986,-0.07333333333333325,4.99,0,138
2026-08-27 02:12:07.915294,2,18.7,73.55,5.16,53.89,0.16999999999999993,0.006666666666666821,5.16,0,138
2026-08-27 02:27:07.915294,2,18.675,73.6,5.02,41.85,-0.14000000000000057,-0.020000000000000167,5.02,0,138
2026-08-27 02:42:07.915294,3,18.65,73.65,4.82,46.77,-0.1999999999999993,-0.05666666666666664,4.82,0,138
2026-08-27 02:57:07.915294,3,18.63013,73.68297,4.94,59.53,0.1200000000000001,-0.07333333333333325,4.94,0,138
2026-08-27 03:12:07.915294,3,18.61027,73.71593,5.03,54.72,0.08999999999999986,0.003333333333333558,5.03,0,138
2026-08-27 03:27:07.915294,3,18.5904,73.7489,4.84,58.79,-0.1900000000000004,0.006666666666666525,4.84,0,138
2026-08-27 03:42:07.915294,3,18.57053,73.78187,4.65,47.32,-0.1899999999999995,-0.09666666666666668,4.65,0,138
2026-08-27 03:57:07.915294,3,18.55067,73.81483,4.52,53.3,-0.13000000000000078,-0.17000000000000023,4.52,0,138
2026-08-26 22:12:07.917808,0,19.076,72.8777,5.16,41.3,0.0,0.0,5.16,0,139
2026-08-26 22:27:07.917808,0,19.06157,72.91767,5.21,48.53,0.04999999999999982,0.0,5.21,0,139
2026-08-26 22:42:07.917808,0,19.04713,72.95763,5.22,44.56,0.009999999999999787,0.0,5.22,0,139
2026-08-26 22:57:07.917808,0,19.0327,72.9976,5.23,56.33,0.010000000000000675,0.023333333333333428,5.23,0,139
2026-08-26 23:12:07.917808,0,19.01827,73.03757,5.3,57.61,0.0699999999999994,0.029999999999999954,5.3,0,139
2026-08-26 23:27:07.917808,0,19.00383,73.07753,5.17,56.83,-0.1299999999999999,-0.016666666666666607,5.17,0,139
2026-08-26 23:42:07.917808,1,18.9894,73.1175,5.08,46.13,-0.08999999999999986,-0.05000000000000012,5.08,0,139
2026-08-26 23:57:07.917808,1,18.95783,73.15625,4.94,56.35,-0.13999999999999968,-0.11999999999999982,4.94,0,139
2026-08-27 00:12:07.917808,1,18.92627,73.195,5.0,46.19,0.05999999999999961,-0.05666666666666664,5.0,0,139
2026-08-27 00:27:07.917808,1,18.8947,73.23375,5.02,57.3,0.019999999999999574,-0.020000000000000167,5.02,0,139
2026-08-27 00:42:07.917808,1,18.86313,73.2725,4.96,59.13,-0.05999999999999961,0.006666666666666525,4.96,0,139
2026-08-27 00:57:07.917808,1,18.83157,73.31125,5.03,53.58,0.07000000000000028,0.010000000000000083,5.03,0,139
2026-08-27 01:12:07.917808,2,18.8,73.35,5.75,57.65,0.7199999999999998,0.24333333333333348,5.75,0,139
2026-08-27 01:27:07.917808,2,18.775,73.4,6.38,48.66,0.6299999999999999,0.47333333333333333,6.38,1,139
2026-08-27 01:42:07.917808,2,18.75,73.45,7.28,44.09,0.9000000000000004,0.75,7.28,1,139
2026-08-27 01:57:07.917808,2,18.725,73.5,8.02,43.12,0.7399999999999993,0.7566666666666665,8.02,1,139
2026-08-27 02:12:07.917808,2,18.7,73.55,8.89,41.86,0.870000000000001,0.8366666666666669,8.89,1,139
2026-08-27 02:27:07.917808,2,18.675,73.6,9.73,58.32,0.8399999999999999,0.8166666666666668,9.73,1,139
2026-08-27 02:42:07.917808,3,18.65,73.65,10.69,46.13,0.9599999999999991,0.89,10.69,1,139
2026-08-27 02:57:07.917808,3,18.63013,73.68297,11.56,48.0,0.870000000000001,0.89,11.56,1,139
2026-08-27 03:12:07.917808,3,18.61027,73.71593,12.35,54.23,0.7899999999999991,0.8733333333333331,12.35,1,139
2026-08-27 03:27:07.917808,3,18.5904,73.7489,13.11,40.93,0.7599999999999998,0.8066666666666666,13.11,1,139
2026-08-27 03:42:07.917808,3,18.57053,73.78187,13.95,57.09,0.8399999999999999,0.7966666666666663,13.95,1,139
2026-08-27 03:57:07.917808,3,18.55067,73.81483,14.5,47.65,0.5500000000000007,0.7166666666666668,14.5,1,139
2026-08-26 22:12:07.920973,0,19.076,72.8777,6.25,42.3,0.0,0.0,6.25,1,140
2026-08-26 22:27:07.920973,0,19.06157,72.91767,7.12,49.72,0.8700000000000001,0.0,7.12,1,140
2026-08-26 22:42:07.920973,0,19.04713,72.95763,8.44,55.78,1.3199999999999994,0.0,8.44,1,140
2026-08-26 22:57:07.920973,0,19.0327,72.9976,9.84,54.94,1.4000000000000004,1.1966666666666665,9.84,1,140
2026-08-26 23:12:07.920973,0,19.01827,73.03757,11.1,49.78,1.2599999999999998,1.3266666666666664,11.1,1,140
2026-08-26 23:27:07.920973,0,19.00383,73.07753,12.06,55.71,0.9600000000000009,1.206666666666667,12.06,1,140
2026-08-26 23:42:07.920973,1,18.9894,73.1175,13.46,46.75,1.4000000000000004,1.206666666666667,13.46,1,140
2026-08-26 23:57:07.920973,1,18.95783,73.15625,14.43,56.35,0.9699999999999989,1.11,14.43,1,140
2026-08-27 00:12:07.920973,1,18.92627,73.195,15.44,40.75,1.0099999999999998,1.1266666666666663,15.44,1,140
2026-08-27 00:27:07.920973,1,18.8947,73.23375,16.54,55.16,1.0999999999999996,1.0266666666666662,16.54,1,140
2026-08-27 00:42:07.920973,1,18.86313,73.2725,17.85,44.4,1.3100000000000023,1.1400000000000006,17.85,1,140
2026-08-27 00:57:07.920973,1,18.83157,73.31125,18.93,58.81,1.0799999999999983,1.1633333333333333,18.93,1,140
2026-08-27 01:12:07.920973,2,18.8,73.35,20.01,57.59,1.0800000000000018,1.1566666666666674,20.01,1,140
2026-08-27 01:27:07.920973,2,18.775,73.4,20.84,55.1,0.8299999999999983,0.9966666666666661,20.84,1,140
2026-08-27 01:42:07.920973,2,18.75,73.45,21.84,48.42,1.0,0.9700000000000001,21.84,1,140
2026-08-27 01:57:07.920973,2,18.725,73.5,23.13,47.96,1.2899999999999991,1.0399999999999991,23.13,1,140
2026-08-27 02:12:07.920973,2,18.7,73.55,23.89,48.19,0.7600000000000016,1.0166666666666668,23.89,1,140
2026-08-27 02:27:07.920973,2,18.675,73.6,25.24,41.61,1.3499999999999979,1.1333333333333329,25.24,1,140
2026-08-27 02:42:07.920973,3,18.65,73.65,26.39,58.66,1.1500000000000021,1.0866666666666671,26.39,1,140
2026-08-27 02:57:07.920973,3,18.63013,73.68297,27.48,51.1,1.0899999999999999,1.1966666666666665,27.48,1,140
2026-08-27 03:12:07.920973,3,18.61027,73.71593,28.21,47.74,0.7300000000000004,0.9900000000000008,28.21,1,140
2026-08-27 03:27:07.920973,3,18.5904,73.7489,28.97,40.74,0.759999999999998,0.8599999999999994,28.97,1,140
2026-08-27 03:42:07.920973,3,18.57053,73.78187,29.83,41.98,0.8599999999999994,0.7833333333333327,29.83,1,140
2026-08-27 03:57:07.920973,3,18.55067,73.81483,30.62,48.35,0.7900000000000027,0.8033333333333333,30.62,1,140
2026-08-26 22:12:07.924809,0,19.076,72.8777,5.02,41.76,0.0,0.0,5.02,0,141
2026-08-26 22:27:07.924809,0,19.06157,72.91767,4.83,58.16,-0.1899999999999995,0.0,4.83,0,141
2026-08-26 22:42:07.924809,0,19.04713,72.95763,4.87,54.77,0.040000000000000036,0.0,4.87,0,141
2026-08-26 22:57:07.924809,0,19.0327,72.9976,4.95,42.62,0.08000000000000007,-0.023333333333333133,4.95,0,141
2026-08-26 23:12:07.924809,0,19.01827,73.03757,4.88,44.76,-0.07000000000000028,0.016666666666666607,4.88,0,141
2026-08-26 23:27:07.924809,0,19.00383,73.07753,4.99,53.2,0.11000000000000032,0.040000000000000036,4.99,0,141
2026-08-26 23:42:07.924809,1,18.9894,73.1175,4.82,51.48,-0.16999999999999993,-0.0433333333333333,4.82,0,141
2026-08-26 23:57:07.924809,1,18.95783,73.15625,4.74,47.88,-0.08000000000000007,-0.04666666666666656,4.74,0,141
2026-08-27 00:12:07.924809,1,18.92627,73.195,4.64,44.26,-0.10000000000000053,-0.11666666666666685,4.64,0,141
2026-08-27 00:27:07.924809,1,18.8947,73.23375,4.79,50.97,0.15000000000000036,-0.010000000000000083,4.79,0,141
2026-08-27 00:42:07.924809,1,18.86313,73.2725,4.66,42.27,-0.1299999999999999,-0.02666666666666669,4.66,0,141
2026-08-27 00:57:07.924809,1,18.83157,73.31125,4.83,45.38,0.16999999999999993,0.06333333333333346,4.83,0,141
2026-08-27 01:12:07.924809,2,18.8,73.35,4.99,57.51,0.16000000000000014,0.06666666666666672,4.99,0,141
2026-08-27 01:27:07.924809,2,18.775,73.4,5.18,41.77,0.1899999999999995,0.1733333333333332,5.18,0,141
2026-08-27 01:42:07.924809,2,18.75,73.45,5.35,52.99,0.16999999999999993,0.1733333333333332,5.35,0,141
2026-08-27 01:57:07.924809,2,18.725,73.5,5.22,59.94,-0.1299999999999999,0.07666666666666651,5.22,0,141
2026-08-27 02:12:07.924809,2,18.7,73.55,5.39,54.55,0.16999999999999993,0.06999999999999999,5.39,0,141
2026-08-27 02:27:07.924809,2,18.675,73.6,5.22,57.07,-0.16999999999999993,-0.0433333333333333,5.22,0,141
2026-08-27 02:42:07.924809,3,18.65,73.65,6.37,54.84,1.1500000000000004,0.38333333333333347,6.37,1,141
2026-08-27 02:57:07.924809,3,18.63013,73.68297,7.07,50.54,0.7000000000000002,0.5600000000000002,7.07,1,141
2026-08-27 03:12:07.924809,3,18.61027,73.71593,8.23,52.3,1.1600000000000001,1.0033333333333336,8.23,1,141
2026-08-27 03:27:07.924809,3,18.5904,73.7489,9.47,59.11,1.2400000000000002,1.0333333333333334,9.47,1,141
2026-08-27 03:42:07.924809,3,18.57053,73.78187,10.36,59.03,0.8899999999999988,1.0966666666666665,10.36,1,141
2026-08-27 03:57:07.924809,3,18.55067,73.81483,11.16,42.55,0.8000000000000007,0.9766666666666666,11.16,1,141
2026-08-26 22:12:07.929739,0,19.076,72.8777,6.1,42.57,0.0,0.0,6.1,0,142
2026-08-26 22:27:07.929739,0,19.06157,72.91767,7.17,51.9,1.0700000000000003,0.0,7.17,1,142
2026-08-26 22:42:07.929739,0,19.04713,72.95763,7.92,55.28,0.75,0.0,7.92,1,142
2026-08-26 22:57:07.929739,0,19.0327,72.9976,8.62,52.75,0.6999999999999993,0.8399999999999999,8.62,1,142
2026-08-26 23:12:07.929739,0,19.01827,73.03757,9.84,40.86,1.2200000000000006,0.89,9.84,1,142
2026-08-26 23:27:07.929739,0,19.00383,73.07753,11.01,43.62,1.17,1.03,11.01,1,142
2026-08-26 23:42:07.929739,1,18.9894,73.1175,12.05,58.2,1.040000000000001,1.1433333333333338,12.05,1,142
2026-08-26 23:57:07.929739,1,18.95783,73.15625,12.96,51.25,0.9100000000000001,1.0400000000000003,12.96,1,142
2026-08-27 00:12:07.929739,1,18.92627,73.195,14.11,44.02,1.1499999999999986,1.0333333333333332,14.11,1,142
2026-08-27 00:27:07.929739,1,18.8947,73.23375,15.12,52.72,1.0099999999999998,1.0233333333333328,15.12,1,142
2026-08-27 00:42:07.929739,1,18.86313,73.2725,16.0,49.72,0.8800000000000008,1.013333333333333,16.0,1,142
2026-08-27 00:57:07.929739,1,18.83157,73.31125,16.75,48.25,0.75,0.8800000000000002,16.75,1,142
2026-08-27 01:12:07.929739,2,18.8,73.35,17.71,49.06,0.9600000000000009,0.8633333333333338,17.71,1,142
2026-08-27 01:27:07.929739,2,18.775,73.4,19.02,52.32,1.3099999999999987,1.0066666666666666,19.02,1,142
2026-08-27 01:42:07.929739,2,18.75,73.45,19.7,57.74,0.6799999999999997,0.9833333333333331,19.7,1,142
2026-08-27 01:57:07.929739,2,18.725,73.5,20.55,56.27,0.8500000000000014,0.9466666666666667,20.55,1,142
2026-08-27 02:12:07.929739,2,18.7,73.55,21.75,51.6,1.1999999999999993,0.9100000000000001,21.75,1,142
2026-08-27 02:27:07.929739,2,18.675,73.6,22.78,40.89,1.0300000000000011,1.0266666666666673,22.78,1,142
2026-08-27 02:42:07.929739,3,18.65,73.65,23.78,43.53,1.0,1.0766666666666669,23.78,1,142
2026-08-27 02:57:07.929739,3,18.63013,73.68297,24.53,41.02,0.75,0.9266666666666671,24.53,1,142
2026-08-27 03:12:07.929739,3,18.61027,73.71593,25.31,57.83,0.7799999999999976,0.8433333333333325,25.31,1,142
2026-08-27 03:27:07.929739,3,18.5904,73.7489,26.45,47.92,1.1400000000000006,0.8899999999999993,26.45,1,142
2026-08-27 03:42:07.929739,3,18.57053,73.78187,27.31,56.38,0.8599999999999994,0.9266666666666659,27.31,1,142
2026-08-27 03:57:07.929739,3,18.55067,73.81483,28.63,45.17,1.3200000000000003,1.1066666666666667,28.63,1,142
2026-08-26 22:12:07.934107,0,19.076,72.8777,5.09,42.3,0.0,0.0,5.09,0,143
2026-08-26 22:27:07.934107,0,19.06157,72.91767,5.06,46.43,-0.03000000000000025,0.0,5.06,0,143
2026-08-26 22:42:07.934107,0,19.04713,72.95763,4.99,51.58,-0.0699999999999994,0.0,4.99,0,143
2026-08-26 22:57:07.934107,0,19.0327,72.9976,5.01,45.21,0.019999999999999574,-0.02666666666666669,5.01,0,143
2026-08-26 23:12:07.934107,0,19.01827,73.03757,5.11,43.75,0.10000000000000053,0.016666666666666902,5.11,0,143
2026-08-26 23:27:07.934107,0,19.00383,73.07753,4.92,56.54,-0.1900000000000004,-0.023333333333333428,4.92,0,143
2026-08-26 23:42:07.934107,1,18.9894,73.1175,4.74,50.62,-0.17999999999999972,-0.08999999999999986,4.74,0,143
2026-08-26 23:57:07.934107,1,18.95783,73.15625,4.7,40.36,-0.040000000000000036,-0.13666666666666671,4.7,0,143
2026-08-27 00:12:07.934107,1,18.92627,73.195,4.83,57.18,0.1299999999999999,-0.029999999999999954,4.83,0,143
2026-08-27 00:27:07.934107,1,18.8947,73.23375,5.0,51.38,0.16999999999999993,0.0866666666666666,5.0,0,143
2026-08-27 00:42:07.934107,1,18.86313,73.2725,4.85,55.89,-0.15000000000000036,0.04999999999999982,4.85,0,143
2026-08-27 00:57:07.934107,1,18.83157,73.31125,4.97,53.7,0.1200000000000001,0.04666666666666656,4.97,0,143
2026-08-27 01:12:07.934107,2,18.8,73.35,5.31,42.44,0.33999999999999986,0.10333333333333321,5.31,0,143
2026-08-27 01:27:07.934107,2,18.775,73.4,5.65,56.04,0.34000000000000075,0.2666666666666669,5.65,0,143
2026-08-27 01:42:07.934107,2,18.75,73.45,6.07,42.31,0.41999999999999993,0.36666666666666686,6.07,0,143
2026-08-27 01:57:07.934107,2,18.725,73.5,6.43,58.44,0.35999999999999943,0.37333333333333335,6.43,0,143
2026-08-27 02:12:07.934107,2,18.7,73.55,6.76,50.47,0.33000000000000007,0.36999999999999983,6.76,0,143
2026-08-27 02:27:07.934107,2,18.675,73.6,7.03,50.44,0.27000000000000046,0.32,7.03,0,143
2026-08-27 02:42:07.934107,3,18.65,73.65,7.34,46.47,0.3099999999999996,0.3033333333333334,7.34,0,143
2026-08-27 02:57:07.934107,3,18.63013,73.68297,7.62,41.49,0.28000000000000025,0.2866666666666668,7.62,1,143
2026-08-27 03:12:07.934107,3,18.61027,73.71593,7.94,40.73,0.3200000000000003,0.3033333333333334,7.94,1,143
2026-08-27 03:27:07.934107,3,18.5904,73.7489,8.26,54.99,0.3199999999999994,0.30666666666666664,8.26,1,143
2026-08-27 03:42:07.934107,3,18.57053,73.78187,8.51,54.62,0.25,0.2966666666666666,8.51,1,143
2026-08-27 03:57:07.934107,3,18.55067,73.81483,8.79,58.74,0.27999999999999936,0.28333333333333294,8.79,1,143
2026-08-26 22:12:07.944126,0,19.076,72.8777,5.07,43.85,0.0,0.0,5.07,0,144
2026-08-26 22:27:07.944126,0,19.06157,72.91767,4.98,54.77,-0.08999999999999986,0.0,4.98,0,144
2026-08-26 22:42:07.944126,0,19.04713,72.95763,4.79,55.64,-0.1900000000000004,0.0,4.79,0,144
2026-08-26 22:57:07.944126,0,19.0327,72.9976,4.75,42.79,-0.040000000000000036,-0.10666666666666676,4.75,0,144
2026-08-26 23:12:07.944126,0,19.01827,73.03757,4.84,41.61,0.08999999999999986,-0.046666666666666856,4.84,0,144
2026-08-26 23:27:07.944126,0,19.00383,73.07753,4.92,55.14,0.08000000000000007,0.0433333333333333,4.92,0,144
2026-08-26 23:42:07.944126,1,18.9894,73.1175,5.04,58.56,0.1200000000000001,0.09666666666666668,5.04,0,144
2026-08-26 23:57:07.944126,1,18.95783,73.15625,4.98,59.19,-0.05999999999999961,0.046666666666666856,4.98,0,144
2026-08-27 00:12:07.944126,1,18.92627,73.195,5.17,47.79,0.1899999999999995,0.08333333333333333,5.17,0,144
2026-08-27 00:27:07.944126,1,18.8947,73.23375,5.03,45.63,-0.13999999999999968,-0.0033333333333332624,5.03,0,144
2026-08-27 00:42:07.944126,1,18.86313,73.2725,5.18,55.48,0.14999999999999947,0.06666666666666643,5.18,0,144
2026-08-27 00:57:07.944126,1,18.83157,73.31125,5.01,45.55,-0.16999999999999993,-0.05333333333333338,5.01,0,144
2026-08-27 01:12:07.944126,2,18.8,73.35,5.18,48.46,0.16999999999999993,0.04999999999999982,5.18,0,144
2026-08-27 01:27:07.944126,2,18.775,73.4,5.36,43.9,0.1800000000000006,0.0600000000000002,5.36,0,144
2026-08-27 01:42:07.944126,2,18.75,73.45,5.5,58.36,0.13999999999999968,0.1633333333333334,5.5,0,144
2026-08-27 01:57:07.944126,2,18.725,73.5,5.43,53.15,-0.07000000000000028,0.08333333333333333,5.43,0,144
2026-08-27 02:12:07.944126,2,18.7,73.55,5.33,46.53,-0.09999999999999964,-0.010000000000000083,5.33,0,144
2026-08-27 02:27:07.944126,2,18.675,73.6,5.37,48.11,0.040000000000000036,-0.0433333333333333,5.37,0,144
2026-08-27 02:42:07.944126,3,18.65,73.65,5.23,57.16,-0.13999999999999968,-0.06666666666666643,5.23,0,144
2026-08-27 02:57:07.944126,3,18.63013,73.68297,5.14,49.62,-0.09000000000000075,-0.06333333333333346,5.14,0,144
2026-08-27 03:12:07.944126,3,18.61027,73.71593,5.2,51.94,0.0600000000000005,-0.05666666666666664,5.2,0,144
2026-08-27 03:27:07.944126,3,18.5904,73.7489,5.17,45.33,-0.03000000000000025,-0.020000000000000167,5.17,0,144
2026-08-27 03:42:07.944126,3,18.57053,73.78187,5.18,49.1,0.009999999999999787,0.013333333333333345,5.18,0,144
2026-08-27 03:57:07.944126,3,18.55067,73.81483,5.31,52.22,0.1299999999999999,0.03666666666666648,5.31,0,144
2026-08-26 22:12:07.951141,0,19.076,72.8777,5.45,58.92,0.0,0.0,5.45,0,145
2026-08-26 22:27:07.951141,0,19.06157,72.91767,6.0,53.19,0.5499999999999998,0.0,6.0,0,145
2026-08-26 22:42:07.951141,0,19.04713,72.95763,6.72,40.23,0.7199999999999998,0.0,6.72,0,145
2026-08-26 22:57:07.951141,0,19.0327,72.9976,7.21,51.56,0.4900000000000002,0.5866666666666666,7.21,1,145
2026-08-26 23:12:07.951141,0,19.01827,73.03757,7.65,43.07,0.4400000000000004,0.5500000000000002,7.65,1,145
2026-08-26 23:27:07.951141,0,19.00383,73.07753,8.38,54.37,0.7300000000000004,0.5533333333333337,8.38,1,145
2026-08-26 23:42:07.951141,1,18.9894,73.1175,8.88,41.81,0.5,0.556666666666667,8.88,1,145
2026-08-26 23:57:07.951141,1,18.95783,73.15625,9.65,58.96,0.7699999999999996,0.6666666666666666,9.65,1,145
2026-08-27 00:12:07.951141,1,18.92627,73.195,10.32,55.58,0.6699999999999999,0.6466666666666665,10.32,1,145
2026-08-27 00:27:07.951141,1,18.8947,73.23375,11.09,42.95,0.7699999999999996,0.7366666666666664,11.09,1,145
2026-08-27 00:42:07.951141,1,18.86313,73.2725,11.81,46.05,0.7200000000000006,0.7200000000000001,11.81,1,145
2026-08-27 00:57:07.951141,1,18.83157,73.31125,12.47,40.01,0.6600000000000001,0.7166666666666668,12.47,1,145
2026-08-27 01:12:07.951141,2,18.8,73.35,13.12,51.78,0.6499999999999986,0.6766666666666664,13.12,1,145
2026-08-27 01:27:07.951141,2,18.775,73.4,13.55,43.15,0.4300000000000015,0.5800000000000001,13.55,1,145
2026-08-27 01:42:07.951141,2,18.75,73.45,14.01,55.78,0.4599999999999991,0.5133333333333331,14.01,1,145
2026-08-27 01:57:07.951141,2,18.725,73.5,14.72,49.89,0.7100000000000009,0.5333333333333338,14.72,1,145
2026-08-27 02:12:07.951141,2,18.7,73.55,15.25,44.84,0.5299999999999994,0.5666666666666664,15.25,1,145
2026-08-27 02:27:07.951141,2,18.675,73.6,15.7,51.49,0.4499999999999993,0.5633333333333331,15.7,1,145
2026-08-27 02:42:07.951141,3,18.65,73.65,16.19,57.51,0.490000000000002,0.4900000000000002,16.19,1,145
2026-08-27 02:57:07.951141,3,18.63013,73.68297,16.83,46.32,0.639999999999997,0.5266666666666661,16.83,1,145
2026-08-27 03:12:07.951141,3,18.61027,73.71593,17.39,55.58,0.5600000000000023,0.5633333333333338,17.39,1,145
2026-08-27 03:27:07.951141,3,18.5904,73.7489,17.93,43.91,0.5399999999999991,0.5799999999999995,17.93,1,145
2026-08-27 03:42:07.951141,3,18.57053,73.78187,18.47,46.34,0.5399999999999991,0.5466666666666669,18.47,1,145
2026-08-27 03:57:07.951141,3,18.55067,73.81483,19.16,45.83,0.6900000000000013,0.5899999999999999,19.16,1,145
2026-08-26 22:12:07.959649,0,19.076,72.8777,4.87,55.28,0.0,0.0,4.87,0,146
2026-08-26 22:27:07.959649,0,19.06157,72.91767,5.01,40.01,0.13999999999999968,0.0,5.01,0,146
2026-08-26 22:42:07.959649,0,19.04713,72.95763,5.02,58.18,0.009999999999999787,0.0,5.02,0,146
2026-08-26 22:57:07.959649,0,19.0327,72.9976,5.1,59.97,0.08000000000000007,0.07666666666666651,5.1,0,146
2026-08-26 23:12:07.959649,0,19.01827,73.03757,4.96,53.8,-0.13999999999999968,-0.016666666666666607,4.96,0,146
2026-08-26 23:27:07.959649,0,19.00383,73.07753,5.08,48.67,0.1200000000000001,0.020000000000000167,5.08,0,146
2026-08-26 23:42:07.959649,1,18.9894,73.1175,5.21,54.89,0.1299999999999999,0.03666666666666677,5.21,0,146
2026-08-26 23:57:07.959649,1,18.95783,73.15625,5.2,49.77,-0.009999999999999787,0.08000000000000007,5.2,0,146
2026-08-27 00:12:07.959649,1,18.92627,73.195,5.0,54.85,-0.20000000000000018,-0.02666666666666669,5.0,0,146
2026-08-27 00:27:07.959649,1,18.8947,73.23375,5.15,41.47,0.15000000000000036,-0.01999999999999987,5.15,0,146
2026-08-27 00:42:07.959649,1,18.86313,73.2725,4.97,45.44,-0.1800000000000006,-0.07666666666666681,4.97,0,146
2026-08-27 00:57:07.959649,1,18.83157,73.31125,5.05,55.84,0.08000000000000007,0.016666666666666607,5.05,0,146
2026-08-27 01:12:07.959649,2,18.8,73.35,5.5,44.08,0.4500000000000002,0.11666666666666654,5.5,0,146
2026-08-27 01:27:07.959649,2,18.775,73.4,6.09,47.91,0.5899999999999999,0.37333333333333335,6.09,0,146
2026-08-27 01:42:07.959649,2,18.75,73.45,6.75,46.76,0.6600000000000001,0.5666666666666668,6.75,0,146
2026-08-27 01:57:07.959649,2,18.725,73.5,7.19,48.87,0.4400000000000004,0.5633333333333335,7.19,1,146
2026-08-27 02:12:07.959649,2,18.7,73.55,7.74,50.59,0.5499999999999998,0.5500000000000002,7.74,1,146
2026-08-27 02:27:07.959649,2,18.675,73.6,8.2,55.16,0.4599999999999991,0.4833333333333331,8.2,1,146
2026-08-27 02:42:07.959649,3,18.65,73.65,8.94,52.56,0.7400000000000002,0.583333333333333,8.94,1,146
2026-08-27 02:57:07.959649,3,18.63013,73.68297,9.65,42.49,0.7100000000000009,0.6366666666666667,9.65,1,146
2026-08-27 03:12:07.959649,3,18.61027,73.71593,10.37,41.21,0.7199999999999989,0.7233333333333333,10.37,1,146
2026-08-27 03:27:07.959649,3,18.5904,73.7489,11.11,59.04,0.7400000000000002,0.7233333333333333,11.11,1,146
2026-08-27 03:42:07.959649,3,18.57053,73.78187,11.61,47.83,0.5,0.653333333333333,11.61,1,146
2026-08-27 03:57:07.959649,3,18.55067,73.81483,12.26,48.91,0.6500000000000004,0.6300000000000002,12.26,1,146
2026-08-26 22:12:07.963337,0,19.076,72.8777,6.17,57.17,0.0,0.0,6.17,1,147
2026-08-26 22:27:07.963337,0,19.06157,72.91767,7.21,46.63,1.04,0.0,7.21,1,147
2026-08-26 22:42:07.963337,0,19.04713,72.95763,8.16,59.48,0.9500000000000002,0.0,8.16,1,147
2026-08-26 22:57:07.963337,0,19.0327,72.9976,9.01,42.16,0.8499999999999996,0.9466666666666667,9.01,1,147
2026-08-26 23:12:07.963337,0,19.01827,73.03757,9.99,53.99,0.9800000000000004,0.9266666666666667,9.99,1,147
2026-08-26 23:27:07.963337,0,19.00383,73.07753,11.25,49.74,1.2599999999999998,1.03,11.25,1,147
2026-08-26 23:42:07.963337,1,18.9894,73.1175,12.06,49.64,0.8100000000000005,1.0166666666666668,12.06,1,147
2026-08-26 23:57:07.963337,1,18.95783,73.15625,13.36,45.4,1.299999999999999,1.123333333333333,13.36,1,147
2026-08-27 00:12:07.963337,1,18.92627,73.195,14.35,55.58,0.9900000000000002,1.0333333333333332,14.35,1,147
2026-08-27 00:27:07.963337,1,18.8947,73.23375,15.1,50.22,0.75,1.013333333333333,15.1,1,147
2026-08-27 00:42:07.963337,1,18.86313,73.2725,15.81,40.24,0.7100000000000009,0.816666666666667,15.81,1,147
2026-08-27 00:57:07.963337,1,18.83157,73.31125,17.14,49.44,1.33,0.9300000000000003,17.14,1,147
2026-08-27 01:12:07.963337,2,18.8,73.35,18.14,51.27,1.0,1.0133333333333336,18.14,1,147
2026-08-27 01:27:07.963337,2,18.775,73.4,19.19,45.99,1.0500000000000007,1.126666666666667,19.19,1,147
2026-08-27 01:42:07.963337,2,18.75,73.45,20.02,44.44,0.8299999999999983,0.9599999999999996,20.02,1,147
2026-08-27 01:57:07.963337,2,18.725,73.5,21.33,46.26,1.3099999999999987,1.0633333333333326,21.33,1,147
2026-08-27 02:12:07.963337,2,18.7,73.55,22.69,52.59,1.360000000000003,1.1666666666666667,22.69,1,147
2026-08-27 02:27:07.963337,2,18.675,73.6,23.93,47.55,1.2399999999999984,1.3033333333333335,23.93,1,147
2026-08-27 02:42:07.963337,3,18.65,73.65,25.22,42.82,1.2899999999999991,1.2966666666666669,25.22,1,147
2026-08-27 02:57:07.963337,3,18.63013,73.68297,26.46,54.14,1.240000000000002,1.2566666666666666,26.46,1,147
2026-08-27 03:12:07.963337,3,18.61027,73.71593,27.84,59.82,1.379999999999999,1.3033333333333335,27.84,1,147
2026-08-27 03:27:07.963337,3,18.5904,73.7489,28.72,40.57,0.879999999999999,1.1666666666666667,28.72,1,147
2026-08-27 03:42:07.963337,3,18.57053,73.78187,29.89,44.96,1.1700000000000017,1.1433333333333333,29.89,1,147
2026-08-27 03:57:07.963337,3,18.55067,73.81483,31.24,50.35,1.3499999999999979,1.1333333333333329,31.24,1,147
2026-08-26 22:12:07.965578,0,19.076,72.8777,4.89,48.19,0.0,0.0,4.89,0,148
2026-08-26 22:27:07.965578,0,19.06157,72.91767,4.73,54.7,-0.15999999999999925,0.0,4.73,0,148
2026-08-26 22:42:07.965578,0,19.04713,72.95763,4.62,52.26,-0.11000000000000032,0.0,4.62,0,148
2026-08-26 22:57:07.965578,0,19.0327,72.9976,4.67,51.39,0.04999999999999982,-0.07333333333333325,4.67,0,148
2026-08-26 23:12:07.965578,0,19.01827,73.03757,4.59,41.4,-0.08000000000000007,-0.046666666666666856,4.59,0,148
2026-08-26 23:27:07.965578,0,19.00383,73.07753,4.39,47.91,-0.20000000000000018,-0.07666666666666681,4.39,0,148
2026-08-26 23:42:07.965578,1,18.9894,73.1175,4.3,45.56,-0.08999999999999986,-0.12333333333333336,4.3,0,148
2026-08-26 23:57:07.965578,1,18.95783,73.15625,4.36,46.97,0.0600000000000005,-0.07666666666666651,4.36,0,148
2026-08-27 00:12:07.965578,1,18.92627,73.195,4.53,52.14,0.16999999999999993,0.046666666666666856,4.53,0,148
2026-08-27 00:27:07.965578,1,18.8947,73.23375,4.55,51.24,0.019999999999999574,0.08333333333333333,4.55,0,148
2026-08-27 00:42:07.965578,1,18.86313,73.2725,4.36,50.02,-0.1899999999999995,0.0,4.36,0,148
2026-08-27 00:57:07.965578,1,18.83157,73.31125,4.25,45.42,-0.11000000000000032,-0.09333333333333342,4.25,0,148
2026-08-27 01:12:07.965578,2,18.8,73.35,4.17,42.88,-0.08000000000000007,-0.12666666666666662,4.17,0,148
2026-08-27 01:27:07.965578,2,18.775,73.4,4.07,50.52,-0.09999999999999964,-0.09666666666666668,4.07,0,148
2026-08-27 01:42:07.965578,2,18.75,73.45,4.24,58.28,0.16999999999999993,-0.0033333333333332624,4.24,0,148
2026-08-27 01:57:07.965578,2,18.725,73.5,4.14,49.12,-0.10000000000000053,-0.010000000000000083,4.14,0,148
2026-08-27 02:12:07.965578,2,18.7,73.55,4.04,59.39,-0.09999999999999964,-0.010000000000000083,4.04,0,148
2026-08-27 02:27:07.965578,2,18.675,73.6,3.84,43.78,-0.20000000000000018,-0.13333333333333344,3.84,0,148
2026-08-27 02:42:07.965578,3,18.65,73.65,3.9,43.51,0.06000000000000005,-0.07999999999999992,3.9,0,148
2026-08-27 02:57:07.965578,3,18.63013,73.68297,3.75,41.52,-0.1499999999999999,-0.09666666666666668,3.75,0,148
2026-08-27 03:12:07.965578,3,18.61027,73.71593,3.7,50.15,-0.04999999999999982,-0.04666666666666656,3.7,0,148
2026-08-27 03:27:07.965578,3,18.5904,73.7489,3.77,46.7,0.06999999999999984,-0.0433333333333333,3.77,0,148
2026-08-27 03:42:07.965578,3,18.57053,73.78187,3.65,42.62,-0.1200000000000001,-0.03333333333333336,3.65,0,148
2026-08-27 03:57:07.965578,3,18.55067,73.81483,3.74,54.15,0.0900000000000003,0.013333333333333345,3.74,0,148
2026-08-26 22:12:07.967776,0,19.076,72.8777,5.43,44.65,0.0,0.0,5.43,0,149
2026-08-26 22:27:07.967776,0,19.06157,72.91767,5.91,49.87,0.4800000000000004,0.0,5.91,0,149
2026-08-26 22:42:07.967776,0,19.04713,72.95763,6.4,41.79,0.4900000000000002,0.0,6.4,0,149
2026-08-26 22:57:07.967776,0,19.0327,72.9976,6.86,42.24,0.45999999999999996,0.47666666666666685,6.86,0,149
2026-08-26 23:12:07.967776,0,19.01827,73.03757,7.43,50.58,0.5699999999999994,0.5066666666666665,7.43,1,149
2026-08-26 23:27:07.967776,0,19.00383,73.07753,7.78,58.63,0.35000000000000053,0.45999999999999996,7.78,1,149
2026-08-26 23:42:07.967776,1,18.9894,73.1175,8.26,49.48,0.47999999999999954,0.4666666666666665,8.26,1,149
2026-08-26 23:57:07.967776,1,18.95783,73.15625,8.63,56.78,0.370000000000001,0.40000000000000036,8.63,1,149
2026-08-27 00:12:07.967776,1,18.92627,73.195,9.07,40.84,0.4399999999999995,0.43,9.07,1,149
2026-08-27 00:27:07.967776,1,18.8947,73.23375,9.55,49.41,0.4800000000000004,0.4300000000000003,9.55,1,149
2026-08-27 00:42:07.967776,1,18.86313,73.2725,9.92,58.7,0.3699999999999992,0.4299999999999997,9.92,1,149
2026-08-27 00:57:07.967776,1,18.83157,73.31125,10.27,57.93,0.34999999999999964,0.39999999999999974,10.27,1,149
2026-08-27 01:12:07.967776,2,18.8,73.35,10.81,53.93,0.5400000000000009,0.41999999999999993,10.81,1,149
2026-08-27 01:27:07.967776,2,18.775,73.4,11.32,58.42,0.5099999999999998,0.4666666666666668,11.32,1,149
2026-08-27 01:42:07.967776,2,18.75,73.45,11.67,57.99,0.34999999999999964,0.4666666666666668,11.67,1,149
2026-08-27 01:57:07.967776,2,18.725,73.5,12.24,48.54,0.5700000000000003,0.47666666666666657,12.24,1,149
2026-08-27 02:12:07.967776,2,18.7,73.55,12.64,40.86,0.40000000000000036,0.4400000000000001,12.64,1,149
2026-08-27 02:27:07.967776,2,18.675,73.6,13.01,51.45,0.3699999999999992,0.4466666666666666,13.01,1,149
2026-08-27 02:42:07.967776,3,18.65,73.65,13.49,40.32,0.4800000000000004,0.4166666666666667,13.49,1,149
2026-08-27 02:57:07.967776,3,18.63013,73.68297,13.95,41.81,0.4599999999999991,0.43666666666666626,13.95,1,149
2026-08-27 03:12:07.967776,3,18.61027,73.71593,14.33,52.16,0.3800000000000008,0.4400000000000001,14.33,1,149
2026-08-27 03:27:07.967776,3,18.5904,73.7489,14.88,42.13,0.5500000000000007,0.46333333333333354,14.88,1,149
2026-08-27 03:42:07.967776,3,18.57053,73.78187,15.42,58.77,0.5399999999999991,0.4900000000000002,15.42,1,149
2026-08-27 03:57:07.967776,3,18.55067,73.81483,15.89,52.96,0.47000000000000064,0.5200000000000001,15.89,1,149
2026-08-26 22:12:07.969902,0,19.076,72.8777,4.99,50.75,0.0,0.0,4.99,0,150
2026-08-26 22:27:07.969902,0,19.06157,72.91767,4.98,59.46,-0.009999999999999787,0.0,4.98,0,150
2026-08-26 22:42:07.969902,0,19.04713,72.95763,5.01,58.23,0.02999999999999936,0.0,5.01,0,150
2026-08-26 22:57:07.969902,0,19.0327,72.9976,5.04,46.05,0.03000000000000025,0.016666666666666607,5.04,0,150
2026-08-26 23:12:07.969902,0,19.01827,73.03757,4.86,50.16,-0.17999999999999972,-0.040000000000000036,4.86,0,150
2026-08-26 23:27:07.969902,0,19.00383,73.07753,4.73,43.32,-0.1299999999999999,-0.09333333333333312,4.73,0,150
2026-08-26 23:42:07.969902,1,18.9894,73.1175,4.71,46.07,-0.020000000000000462,-0.11000000000000003,4.71,0,150
2026-08-26 23:57:07.969902,1,18.95783,73.15625,4.86,59.48,0.15000000000000036,0.0,4.86,0,150
2026-08-27 00:12:07.969902,1,18.92627,73.195,5.01,52.99,0.14999999999999947,0.09333333333333312,5.01,0,150
2026-08-27 00:27:07.969902,1,18.8947,73.23375,5.07,49.71,0.0600000000000005,0.1200000000000001,5.07,0,150
2026-08-27 00:42:07.969902,1,18.86313,73.2725,5.25,59.69,0.17999999999999972,0.1299999999999999,5.25,0,150
2026-08-27 00:57:07.969902,1,18.83157,73.31125,5.09,54.4,-0.16000000000000014,0.02666666666666669,5.09,0,150
2026-08-27 01:12:07.969902,2,18.8,73.35,4.98,51.87,-0.10999999999999943,-0.029999999999999954,4.98,0,150
2026-08-27 01:27:07.969902,2,18.775,73.4,4.99,40.97,0.009999999999999787,-0.0866666666666666,4.99,0,150
2026-08-27 01:42:07.969902,2,18.75,73.45,5.03,49.82,0.040000000000000036,-0.01999999999999987,5.03,0,150
2026-08-27 01:57:07.969902,2,18.725,73.5,4.96,40.74,-0.07000000000000028,-0.006666666666666821,4.96,0,150
2026-08-27 02:12:07.969902,2,18.7,73.55,4.78,51.49,-0.17999999999999972,-0.06999999999999999,4.78,0,150
2026-08-27 02:27:07.969902,2,18.675,73.6,4.89,50.17,0.10999999999999943,-0.046666666666666856,4.89,0,150
2026-08-27 02:42:07.969902,3,18.65,73.65,4.86,42.05,-0.02999999999999936,-0.033333333333333215,4.86,0,150
2026-08-27 02:57:07.969902,3,18.63013,73.68297,4.93,49.89,0.0699999999999994,0.04999999999999982,4.93,0,150
2026-08-27 03:12:07.969902,3,18.61027,73.71593,4.82,48.29,-0.10999999999999943,-0.023333333333333133,4.82,0,150
2026-08-27 03:27:07.969902,3,18.5904,73.7489,4.67,42.76,-0.15000000000000036,-0.06333333333333346,4.67,0,150
2026-08-27 03:42:07.969902,3,18.57053,73.78187,4.82,48.38,0.15000000000000036,-0.03666666666666648,4.82,0,150
2026-08-27 03:57:07.969902,3,18.55067,73.81483,4.64,53.88,-0.1800000000000006,-0.0600000000000002,4.64,0,150
2026-08-26 22:12:07.972117,0,19.076,72.8777,5.57,47.39,0.0,0.0,5.57,0,151
2026-08-26 22:27:07.972117,0,19.06157,72.91767,6.24,42.88,0.6699999999999999,0.0,6.24,0,151
2026-08-26 22:42:07.972117,0,19.04713,72.95763,6.96,54.96,0.7199999999999998,0.0,6.96,1,151
2026-08-26 22:57:07.972117,0,19.0327,72.9976,7.69,53.69,0.7300000000000004,0.7066666666666667,7.69,1,151
2026-08-26 23:12:07.972117,0,19.01827,73.03757,8.37,52.97,0.6799999999999988,0.7099999999999996,8.37,1,151
2026-08-26 23:27:07.972117,0,19.00383,73.07753,8.84,40.51,0.47000000000000064,0.6266666666666666,8.84,1,151
2026-08-26 23:42:07.972117,1,18.9894,73.1175,9.51,42.66,0.6699999999999999,0.6066666666666665,9.51,1,151
2026-08-26 23:57:07.972117,1,18.95783,73.15625,10.33,49.13,0.8200000000000003,0.6533333333333337,10.33,1,151
2026-08-27 00:12:07.972117,1,18.92627,73.195,11.1,59.29,0.7699999999999996,0.7533333333333333,11.1,1,151
2026-08-27 00:27:07.972117,1,18.8947,73.23375,11.87,49.33,0.7699999999999996,0.7866666666666665,11.87,1,151
2026-08-27 00:42:07.972117,1,18.86313,73.2725,12.72,56.8,0.8500000000000014,0.7966666666666669,12.72,1,151
2026-08-27 00:57:07.972117,1,18.83157,73.31125,13.34,58.87,0.6199999999999992,0.7466666666666667,13.34,1,151
2026-08-27 01:12:07.972117,2,18.8,73.35,13.92,49.85,0.5800000000000001,0.6833333333333336,13.92,1,151
2026-08-27 01:27:07.972117,2,18.775,73.4,14.41,56.93,0.4900000000000002,0.5633333333333331,14.41,1,151
2026-08-27 01:42:07.972117,2,18.75,73.45,15.04,55.48,0.629999999999999,0.5666666666666664,15.04,1,151
2026-08-27 01:57:07.972117,2,18.725,73.5,15.64,42.38,0.6000000000000014,0.5733333333333336,15.64,1,151
2026-08-27 02:12:07.972117,2,18.7,73.55,16.31,55.63,0.6699999999999982,0.6333333333333329,16.31,1,151
2026-08-27 02:27:07.972117,2,18.675,73.6,17.0,51.29,0.6900000000000013,0.6533333333333337,17.0,1,151
2026-08-27 02:42:07.972117,3,18.65,73.65,17.78,59.74,0.7800000000000011,0.7133333333333335,17.78,1,151
2026-08-27 02:57:07.972117,3,18.63013,73.68297,18.62,56.9,0.8399999999999999,0.7700000000000008,18.62,1,151
2026-08-27 03:12:07.972117,3,18.61027,73.71593,19.25,54.36,0.629999999999999,0.75,19.25,1,151
2026-08-27 03:27:07.972117,3,18.5904,73.7489,19.95,57.76,0.6999999999999993,0.7233333333333327,19.95,1,151
2026-08-27 03:42:07.972117,3,18.57053,73.78187,20.82,51.18,0.870000000000001,0.7333333333333331,20.82,1,151
2026-08-27 03:57:07.972117,3,18.55067,73.81483,21.61,51.47,0.7899999999999991,0.7866666666666665,21.61,1,151
2026-08-26 22:12:07.974205,0,19.076,72.8777,4.99,56.03,0.0,0.0,4.99,0,152
2026-08-26 22:27:07.974205,0,19.06157,72.91767,4.97,42.3,-0.020000000000000462,0.0,4.97,0,152
2026-08-26 22:42:07.974205,0,19.04713,72.95763,4.85,58.58,-0.1200000000000001,0.0,4.85,0,152
2026-08-26 22:57:07.974205,0,19.0327,72.9976,4.86,54.23,0.010000000000000675,-0.0433333333333333,4.86,0,152
2026-08-26 23:12:07.974205,0,19.01827,73.03757,4.8,58.94,-0.0600000000000005,-0.05666666666666664,4.8,0,152
2026-08-26 23:27:07.974205,0,19.00383,73.07753,4.74,57.05,-0.05999999999999961,-0.03666666666666648,4.74,0,152
2026-08-26 23:42:07.974205,1,18.9894,73.1175,5.34,52.18,0.5999999999999996,0.15999999999999984,5.34,0,152
2026-08-26 23:57:07.974205,1,18.95783,73.15625,5.94,41.09,0.6000000000000005,0.38000000000000017,5.94,0,152
2026-08-27 00:12:07.974205,1,18.92627,73.195,6.77,46.58,0.8299999999999992,0.6766666666666664,6.77,1,152
2026-08-27 00:27:07.974205,1,18.8947,73.23375,7.55,47.2,0.7800000000000002,0.7366666666666667,7.55,1,152
2026-08-27 00:42:07.974205,1,18.86313,73.2725,8.32,55.49,0.7700000000000005,0.7933333333333333,8.32,1,152
2026-08-27 00:57:07.974205,1,18.83157,73.31125,9.04,51.5,0.7199999999999989,0.7566666666666665,9.04,1,152
2026-08-27 01:12:07.974205,2,18.8,73.35,9.83,47.72,0.7900000000000009,0.7600000000000001,9.83,1,152
2026-08-27 01:27:07.974205,2,18.775,73.4,10.86,45.29,1.0299999999999994,0.8466666666666663,10.86,1,152
2026-08-27 01:42:07.974205,2,18.75,73.45,11.43,52.93,0.5700000000000003,0.7966666666666669,11.43,1,152
2026-08-27 01:57:07.974205,2,18.725,73.5,12.19,51.54,0.7599999999999998,0.7866666666666665,12.19,1,152
2026-08-27 02:12:07.974205,2,18.7,73.55,13.11,46.2,0.9199999999999999,0.75,13.11,1,152
2026-08-27 02:27:07.974205,2,18.675,73.6,13.92,47.66,0.8100000000000005,0.8300000000000001,13.92,1,152
2026-08-27 02:42:07.974205,3,18.65,73.65,14.88,44.84,0.9600000000000009,0.8966666666666671,14.88,1,152
2026-08-27 02:57:07.974205,3,18.63013,73.68297,15.93,49.49,1.049999999999999,0.9400000000000001,15.93,1,152
2026-08-27 03:12:07.974205,3,18.61027,73.71593,16.84,41.46,0.9100000000000001,0.9733333333333333,16.84,1,152
2026-08-27 03:27:07.974205,3,18.5904,73.7489,17.84,55.42,1.0,0.9866666666666664,17.84,1,152
2026-08-27 03:42:07.974205,3,18.57053,73.78187,18.71,47.44,0.870000000000001,0.9266666666666671,18.71,1,152
2026-08-27 03:57:07.974205,3,18.55067,73.81483,19.49,56.22,0.7799999999999976,0.8833333333333329,19.49,1,152
2026-08-26 22:12:07.976250,0,19.076,72.8777,5.11,55.04,0.0,0.0,5.11,0,153
2026-08-26 22:27:07.976250,0,19.06157,72.91767,5.16,54.37,0.04999999999999982,0.0,5.16,0,153
2026-08-26 22:42:07.976250,0,19.04713,72.95763,5.32,51.67,0.16000000000000014,0.0,5.32,0,153
2026-08-26 22:57:07.976250,0,19.0327,72.9976,5.38,49.2,0.05999999999999961,0.08999999999999986,5.38,0,153
2026-08-26 23:12:07.976250,0,19.01827,73.03757,5.23,44.51,-0.14999999999999947,0.023333333333333428,5.23,0,153
2026-08-26 23:27:07.976250,0,19.00383,73.07753,5.38,56.12,0.14999999999999947,0.01999999999999987,5.38,0,153
2026-08-26 23:42:07.976250,1,18.9894,73.1175,5.36,58.88,-0.019999999999999574,-0.006666666666666525,5.36,0,153
2026-08-26 23:57:07.976250,1,18.95783,73.15625,5.45,58.63,0.08999999999999986,0.07333333333333325,5.45,0,153
2026-08-27 00:12:07.976250,1,18.92627,73.195,5.42,49.14,-0.03000000000000025,0.013333333333333345,5.42,0,153
2026-08-27 00:27:07.976250,1,18.8947,73.23375,5.59,53.82,0.16999999999999993,0.07666666666666651,5.59,0,153
2026-08-27 00:42:07.976250,1,18.86313,73.2725,5.68,59.39,0.08999999999999986,0.07666666666666651,5.68,0,153
2026-08-27 00:57:07.976250,1,18.83157,73.31125,5.49,44.82,-0.1899999999999995,0.023333333333333428,5.49,0,153
2026-08-27 01:12:07.976250,2,18.8,73.35,5.52,59.75,0.02999999999999936,-0.023333333333333428,5.52,0,153
2026-08-27 01:27:07.976250,2,18.775,73.4,5.35,57.37,-0.16999999999999993,-0.11000000000000003,5.35,0,153
2026-08-27 01:42:07.976250,2,18.75,73.45,5.39,46.75,0.040000000000000036,-0.03333333333333351,5.39,0,153
2026-08-27 01:57:07.976250,2,18.725,73.5,5.51,58.85,0.1200000000000001,-0.0033333333333332624,5.51,0,153
2026-08-27 02:12:07.976250,2,18.7,73.55,5.38,49.64,-0.1299999999999999,0.010000000000000083,5.38,0,153
2026-08-27 02:27:07.976250,2,18.675,73.6,5.19,40.37,-0.1899999999999995,-0.06666666666666643,5.19,0,153
2026-08-27 02:42:07.976250,3,18.65,73.65,5.94,58.26,0.75,0.14333333333333353,5.94,0,153
2026-08-27 02:57:07.976250,3,18.63013,73.68297,6.57,56.0,0.6299999999999999,0.3966666666666668,6.57,0,153
2026-08-27 03:12:07.976250,3,18.61027,73.71593,7.25,53.4,0.6799999999999997,0.6866666666666665,7.25,1,153
2026-08-27 03:27:07.976250,3,18.5904,73.7489,7.9,56.59,0.6500000000000004,0.6533333333333333,7.9,1,153
2026-08-27 03:42:07.976250,3,18.57053,73.78187,8.59,44.17,0.6899999999999995,0.6733333333333332,8.59,1,153
2026-08-27 03:57:07.976250,3,18.55067,73.81483,9.3,53.66,0.7100000000000009,0.6833333333333336,9.3,1,153
2026-08-26 22:12:07.978388,0,19.076,72.8777,4.84,45.96,0.0,0.0,4.84,0,154
2026-08-26 22:27:07.978388,0,19.06157,72.91767,4.84,52.11,0.0,0.0,4.84,0,154
2026-08-26 22:42:07.978388,0,19.04713,72.95763,4.81,42.75,-0.03000000000000025,0.0,4.81,0,154
2026-08-26 22:57:07.978388,0,19.0327,72.9976,4.72,57.63,-0.08999999999999986,-0.040000000000000036,4.72,0,154
2026-08-26 23:12:07.978388,0,19.01827,73.03757,4.58,56.56,-0.13999999999999968,-0.0866666666666666,4.58,0,154
2026-08-26 23:27:07.978388,0,19.00383,73.07753,4.54,49.23,-0.040000000000000036,-0.08999999999999986,4.54,0,154
2026-08-26 23:42:07.978388,1,18.9894,73.1175,4.55,41.06,0.009999999999999787,-0.05666666666666664,4.55,0,154
2026-08-26 23:57:07.978388,1,18.95783,73.15625,4.5,53.86,-0.04999999999999982,-0.02666666666666669,4.5,0,154
2026-08-27 00:12:07.978388,1,18.92627,73.195,4.59,49.78,0.08999999999999986,0.016666666666666607,4.59,0,154
2026-08-27 00:27:07.978388,1,18.8947,73.23375,4.72,49.82,0.1299999999999999,0.05666666666666664,4.72,0,154
2026-08-27 00:42:07.978388,1,18.86313,73.2725,4.56,46.08,-0.16000000000000014,0.01999999999999987,4.56,0,154
2026-08-27 00:57:07.978388,1,18.83157,73.31125,4.42,46.98,-0.13999999999999968,-0.05666666666666664,4.42,0,154
2026-08-27 01:12:07.978388,2,18.8,73.35,4.33,49.01,-0.08999999999999986,-0.1299999999999999,4.33,0,154
2026-08-27 01:27:07.978388,2,18.775,73.4,4.14,54.34,-0.1900000000000004,-0.13999999999999999,4.14,0,154
2026-08-27 01:42:07.978388,2,18.75,73.45,4.27,50.43,0.1299999999999999,-0.05000000000000012,4.27,0,154
2026-08-27 01:57:07.978388,2,18.725,73.5,4.21,56.96,-0.05999999999999961,-0.040000000000000036,4.21,0,154
2026-08-27 02:12:07.978388,2,18.7,73.55,4.21,41.32,0.0,0.023333333333333428,4.21,0,154
2026-08-27 02:27:07.978388,2,18.675,73.6,4.19,57.84,-0.019999999999999574,-0.026666666666666394,4.19,0,154
2026-08-27 02:42:07.978388,3,18.65,73.65,4.04,45.45,-0.15000000000000036,-0.05666666666666664,4.04,0,154
2026-08-27 02:57:07.978388,3,18.63013,73.68297,3.87,51.77,-0.16999999999999993,-0.11333333333333329,3.87,0,154
2026-08-27 03:12:07.978388,3,18.61027,73.71593,3.73,44.26,-0.14000000000000012,-0.15333333333333346,3.73,0,154
2026-08-27 03:27:07.978388,3,18.5904,73.7489,3.8,48.23,0.06999999999999984,-0.08000000000000007,3.8,0,154
2026-08-27 03:42:07.978388,3,18.57053,73.78187,3.76,48.23,-0.040000000000000036,-0.03666666666666677,3.76,0,154
2026-08-27 03:57:07.978388,3,18.55067,73.81483,3.83,59.07,0.07000000000000028,0.03333333333333336,3.83,0,154
2026-08-26 22:12:07.980699,0,19.076,72.8777,5.09,40.48,0.0,0.0,5.09,0,155
2026-08-26 22:27:07.980699,0,19.06157,72.91767,5.07,45.05,-0.019999999999999574,0.0,5.07,0,155
2026-08-26 22:42:07.980699,0,19.04713,72.95763,5.14,46.02,0.0699999999999994,0.0,5.14,0,155
2026-08-26 22:57:07.980699,0,19.0327,72.9976,5.14,52.27,0.0,0.016666666666666607,5.14,0,155
2026-08-26 23:12:07.980699,0,19.01827,73.03757,4.99,40.12,-0.14999999999999947,-0.02666666666666669,4.99,0,155
2026-08-26 23:27:07.980699,0,19.00383,73.07753,5.18,44.63,0.1899999999999995,0.013333333333333345,5.18,0,155
2026-08-26 23:42:07.980699,1,18.9894,73.1175,5.04,54.16,-0.13999999999999968,-0.033333333333333215,5.04,0,155
2026-08-26 23:57:07.980699,1,18.95783,73.15625,4.97,46.74,-0.07000000000000028,-0.006666666666666821,4.97,0,155
2026-08-27 00:12:07.980699,1,18.92627,73.195,5.09,55.62,0.1200000000000001,-0.029999999999999954,5.09,0,155
2026-08-27 00:27:07.980699,1,18.8947,73.23375,5.0,54.84,-0.08999999999999986,-0.013333333333333345,5.0,0,155
2026-08-27 00:42:07.980699,1,18.86313,73.2725,4.88,50.22,-0.1200000000000001,-0.029999999999999954,4.88,0,155
2026-08-27 00:57:07.980699,1,18.83157,73.31125,4.9,44.69,0.020000000000000462,-0.06333333333333317,4.9,0,155
2026-08-27 01:12:07.980699,2,18.8,73.35,4.78,50.46,-0.1200000000000001,-0.07333333333333325,4.78,0,155
2026-08-27 01:27:07.980699,2,18.775,73.4,4.71,52.24,-0.07000000000000028,-0.05666666666666664,4.71,0,155
2026-08-27 01:42:07.980699,2,18.75,73.45,4.75,59.31,0.040000000000000036,-0.05000000000000012,4.75,0,155
2026-08-27 01:57:07.980699,2,18.725,73.5,4.64,57.83,-0.11000000000000032,-0.046666666666666856,4.64,0,155
2026-08-27 02:12:07.980699,2,18.7,73.55,4.62,48.39,-0.019999999999999574,-0.029999999999999954,4.62,0,155
2026-08-27 02:27:07.980699,2,18.675,73.6,4.65,45.65,0.03000000000000025,-0.033333333333333215,4.65,0,155
2026-08-27 02:42:07.980699,3,18.65,73.65,4.69,50.86,0.040000000000000036,0.016666666666666902,4.69,0,155
2026-08-27 02:57:07.980699,3,18.63013,73.68297,4.88,59.21,0.1899999999999995,0.0866666666666666,4.88,0,155
2026-08-27 03:12:07.980699,3,18.61027,73.71593,5.06,57.53,0.17999999999999972,0.1366666666666664,5.06,0,155
2026-08-27 03:27:07.980699,3,18.5904,73.7489,5.01,49.99,-0.04999999999999982,0.10666666666666647,5.01,0,155
2026-08-27 03:42:07.980699,3,18.57053,73.78187,5.0,40.21,-0.009999999999999787,0.040000000000000036,5.0,0,155
2026-08-27 03:57:07.980699,3,18.55067,73.81483,4.86,48.8,-0.13999999999999968,-0.06666666666666643,4.86,0,155
2026-08-26 22:12:07.982966,0,19.076,72.8777,5.16,42.93,0.0,0.0,5.16,0,156
2026-08-26 22:27:07.982966,0,19.06157,72.91767,4.97,45.63,-0.1900000000000004,0.0,4.97,0,156
2026-08-26 22:42:07.982966,0,19.04713,72.95763,5.15,49.43,0.1800000000000006,0.0,5.15,0,156
2026-08-26 22:57:07.982966,0,19.0327,72.9976,5.08,53.24,-0.07000000000000028,-0.02666666666666669,5.08,0,156
2026-08-26 23:12:07.982966,0,19.01827,73.03757,5.24,48.4,0.16000000000000014,0.09000000000000015,5.24,0,156
2026-08-26 23:27:07.982966,0,19.00383,73.07753,5.34,51.26,0.09999999999999964,0.06333333333333317,5.34,0,156
2026-08-26 23:42:07.982966,1,18.9894,73.1175,5.28,42.45,-0.05999999999999961,0.06666666666666672,5.28,0,156
2026-08-26 23:57:07.982966,1,18.95783,73.15625,5.29,51.7,0.009999999999999787,0.016666666666666607,5.29,0,156
2026-08-27 00:12:07.982966,1,18.92627,73.195,5.35,53.67,0.05999999999999961,0.0033333333333332624,5.35,0,156
2026-08-27 00:27:07.982966,1,18.8947,73.23375,5.35,59.37,0.0,0.023333333333333133,5.35,0,156
2026-08-27 00:42:07.982966,1,18.86313,73.2725,5.23,54.63,-0.11999999999999922,-0.01999999999999987,5.23,0,156
2026-08-27 00:57:07.982966,1,18.83157,73.31125,5.43,40.17,0.1999999999999993,0.02666666666666669,5.43,0,156
2026-08-27 01:12:07.982966,2,18.8,73.35,5.51,55.75,0.08000000000000007,0.05333333333333338,5.51,0,156
2026-08-27 01:27:07.982966,2,18.775,73.4,5.68,42.84,0.16999999999999993,0.14999999999999977,5.68,0,156
2026-08-27 01:42:07.982966,2,18.75,73.45,5.58,54.18,-0.09999999999999964,0.05000000000000012,5.58,0,156
2026-08-27 01:57:07.982966,2,18.725,73.5,5.49,43.25,-0.08999999999999986,-0.006666666666666525,5.49,0,156
2026-08-27 02:12:07.982966,2,18.7,73.55,5.47,52.41,-0.020000000000000462,-0.06999999999999999,5.47,0,156
2026-08-27 02:27:07.982966,2,18.675,73.6,5.49,50.97,0.020000000000000462,-0.029999999999999954,5.49,0,156
2026-08-27 02:42:07.982966,3,18.65,73.65,5.46,50.78,-0.03000000000000025,-0.010000000000000083,5.46,0,156
2026-08-27 02:57:07.982966,3,18.63013,73.68297,5.31,40.78,-0.15000000000000036,-0.05333333333333338,5.31,0,156
2026-08-27 03:12:07.982966,3,18.61027,73.71593,5.36,44.78,0.05000000000000071,-0.0433333333333333,5.36,0,156
2026-08-27 03:27:07.982966,3,18.5904,73.7489,5.3,52.07,-0.0600000000000005,-0.05333333333333338,5.3,0,156
2026-08-27 03:42:07.982966,3,18.57053,73.78187,5.29,40.98,-0.009999999999999787,-0.006666666666666525,5.29,0,156
2026-08-27 03:57:07.982966,3,18.55067,73.81483,5.19,54.85,-0.09999999999999964,-0.05666666666666664,5.19,0,156
2026-08-26 22:12:07.985125,0,19.076,72.8777,5.02,50.05,0.0,0.0,5.02,0,157
2026-08-26 22:27:07.985125,0,19.06157,72.91767,5.16,59.14,0.14000000000000057,0.0,5.16,0,157
2026-08-26 22:42:07.985125,0,19.04713,72.95763,5.03,40.62,-0.1299999999999999,0.0,5.03,0,157
2026-08-26 22:57:07.985125,0,19.0327,72.9976,5.23,56.73,0.20000000000000018,0.07000000000000028,5.23,0,157
2026-08-26 23:12:07.985125,0,19.01827,73.03757,5.24,54.32,0.009999999999999787,0.02666666666666669,5.24,0,157
2026-08-26 23:27:07.985125,0,19.00383,73.07753,5.07,43.45,-0.16999999999999993,0.013333333333333345,5.07,0,157
2026-08-26 23:42:07.985125,1,18.9894,73.1175,5.09,43.59,0.019999999999999574,-0.046666666666666856,5.09,0,157
2026-08-26 23:57:07.985125,1,18.95783,73.15625,4.96,48.69,-0.1299999999999999,-0.09333333333333342,4.96,0,157
2026-08-27 00:12:07.985125,1,18.92627,73.195,5.0,52.66,0.040000000000000036,-0.023333333333333428,5.0,0,157
2026-08-27 00:27:07.985125,1,18.8947,73.23375,5.12,52.72,0.1200000000000001,0.010000000000000083,5.12,0,157
2026-08-27 00:42:07.985125,1,18.86313,73.2725,5.13,50.84,0.009999999999999787,0.05666666666666664,5.13,0,157
2026-08-27 00:57:07.985125,1,18.83157,73.31125,5.21,48.07,0.08000000000000007,0.06999999999999999,5.21,0,157
2026-08-27 01:12:07.985125,2,18.8,73.35,5.28,44.41,0.07000000000000028,0.05333333333333338,5.28,0,157
2026-08-27 01:27:07.985125,2,18.775,73.4,5.23,47.75,-0.04999999999999982,0.03333333333333351,5.23,0,157
2026-08-27 01:42:07.985125,2,18.75,73.45,5.18,45.54,-0.05000000000000071,-0.010000000000000083,5.18,0,157
2026-08-27 01:57:07.985125,2,18.725,73.5,5.28,49.5,0.10000000000000053,0.0,5.28,0,157
2026-08-27 02:12:07.985125,2,18.7,73.55,5.42,41.72,0.13999999999999968,0.06333333333333317,5.42,0,157
2026-08-27 02:27:07.985125,2,18.675,73.6,5.55,52.63,0.1299999999999999,0.12333333333333336,5.55,0,157
2026-08-27 02:42:07.985125,3,18.65,73.65,5.54,59.99,-0.009999999999999787,0.0866666666666666,5.54,0,157
2026-08-27 02:57:07.985125,3,18.63013,73.68297,5.49,43.79,-0.04999999999999982,0.023333333333333428,5.49,0,157
2026-08-27 03:12:07.985125,3,18.61027,73.71593,5.46,40.13,-0.03000000000000025,-0.029999999999999954,5.46,0,157
2026-08-27 03:27:07.985125,3,18.5904,73.7489,5.61,41.19,0.15000000000000036,0.023333333333333428,5.61,0,157
2026-08-27 03:42:07.985125,3,18.57053,73.78187,5.72,42.06,0.10999999999999943,0.07666666666666651,5.72,0,157
2026-08-27 03:57:07.985125,3,18.55067,73.81483,5.56,48.61,-0.16000000000000014,0.033333333333333215,5.56,0,157
2026-08-26 22:12:07.987517,0,19.076,72.8777,5.0,48.97,0.0,0.0,5.0,0,158
2026-08-26 22:27:07.987517,0,19.06157,72.91767,5.06,56.75,0.05999999999999961,0.0,5.06,0,158
2026-08-26 22:42:07.987517,0,19.04713,72.95763,4.91,52.51,-0.14999999999999947,0.0,4.91,0,158
2026-08-26 22:57:07.987517,0,19.0327,72.9976,5.05,41.27,0.13999999999999968,0.016666666666666607,5.05,0,158
2026-08-26 23:12:07.987517,0,19.01827,73.03757,5.19,42.51,0.14000000000000057,0.04333333333333359,5.19,0,158
2026-08-26 23:27:07.987517,0,19.00383,73.07753,5.21,42.22,0.019999999999999574,0.09999999999999994,5.21,0,158
2026-08-26 23:42:07.987517,1,18.9894,73.1175,5.36,50.8,0.15000000000000036,0.1033333333333335,5.36,0,158
2026-08-26 23:57:07.987517,1,18.95783,73.15625,5.17,50.41,-0.1900000000000004,-0.006666666666666821,5.17,0,158
2026-08-27 00:12:07.987517,1,18.92627,73.195,5.34,52.84,0.16999999999999993,0.0433333333333333,5.34,0,158
2026-08-27 00:27:07.987517,1,18.8947,73.23375,5.27,59.87,-0.07000000000000028,-0.03000000000000025,5.27,0,158
2026-08-27 00:42:07.987517,1,18.86313,73.2725,5.32,56.11,0.05000000000000071,0.05000000000000012,5.32,0,158
2026-08-27 00:57:07.987517,1,18.83157,73.31125,5.26,49.76,-0.0600000000000005,-0.02666666666666669,5.26,0,158
2026-08-27 01:12:07.987517,2,18.8,73.35,5.28,43.64,0.020000000000000462,0.003333333333333558,5.28,0,158
2026-08-27 01:27:07.987517,2,18.775,73.4,5.41,55.17,0.1299999999999999,0.029999999999999954,5.41,0,158
2026-08-27 01:42:07.987517,2,18.75,73.45,5.25,43.31,-0.16000000000000014,-0.0033333333333332624,5.25,0,158
2026-08-27 01:57:07.987517,2,18.725,73.5,5.33,54.34,0.08000000000000007,0.016666666666666607,5.33,0,158
2026-08-27 02:12:07.987517,2,18.7,73.55,5.15,45.89,-0.17999999999999972,-0.0866666666666666,5.15,0,158
2026-08-27 02:27:07.987517,2,18.675,73.6,5.25,41.51,0.09999999999999964,0.0,5.25,0,158
2026-08-27 02:42:07.987517,3,18.65,73.65,5.06,56.14,-0.1900000000000004,-0.09000000000000015,5.06,0,158
2026-08-27 02:57:07.987517,3,18.63013,73.68297,5.07,58.12,0.010000000000000675,-0.02666666666666669,5.07,0,158
2026-08-27 03:12:07.987517,3,18.61027,73.71593,4.98,57.73,-0.08999999999999986,-0.08999999999999986,4.98,0,158
2026-08-27 03:27:07.987517,3,18.5904,73.7489,5.0,50.68,0.019999999999999574,-0.01999999999999987,5.0,0,158
2026-08-27 03:42:07.987517,3,18.57053,73.78187,4.88,50.48,-0.1200000000000001,-0.06333333333333346,4.88,0,158
2026-08-27 03:57:07.987517,3,18.55067,73.81483,4.71,53.78,-0.16999999999999993,-0.09000000000000015,4.71,0,158
2026-08-26 22:12:07.990137,0,19.076,72.8777,5.19,50.62,0.0,0.0,5.19,0,159
2026-08-26 22:27:07.990137,0,19.06157,72.91767,5.08,58.39,-0.11000000000000032,0.0,5.08,0,159
2026-08-26 22:42:07.990137,0,19.04713,72.95763,4.99,47.96,-0.08999999999999986,0.0,4.99,0,159
2026-08-26 22:57:07.990137,0,19.0327,72.9976,4.95,44.78,-0.040000000000000036,-0.08000000000000007,4.95,0,159
2026-08-26 23:12:07.990137,0,19.01827,73.03757,5.11,56.7,0.16000000000000014,0.010000000000000083,5.11,0,159
2026-08-26 23:27:07.990137,0,19.00383,73.07753,5.06,53.96,-0.05000000000000071,0.023333333333333133,5.06,0,159
2026-08-26 23:42:07.990137,1,18.9894,73.1175,4.87,59.39,-0.1899999999999995,-0.02666666666666669,4.87,0,159
2026-08-26 23:57:07.990137,1,18.95783,73.15625,5.04,51.82,0.16999999999999993,-0.023333333333333428,5.04,0,159
2026-08-27 00:12:07.990137,1,18.92627,73.195,5.21,45.87,0.16999999999999993,0.05000000000000012,5.21,0,159
2026-08-27 00:27:07.990137,1,18.8947,73.23375,5.3,52.8,0.08999999999999986,0.14333333333333323,5.3,0,159
2026-08-27 00:42:07.990137,1,18.86313,73.2725,5.23,42.9,-0.0699999999999994,0.06333333333333346,5.23,0,159
2026-08-27 00:57:07.990137,1,18.83157,73.31125,5.23,40.54,0.0,0.006666666666666821,5.23,0,159
2026-08-27 01:12:07.990137,2,18.8,73.35,5.18,52.34,-0.05000000000000071,-0.040000000000000036,5.18,0,159
2026-08-27 01:27:07.990137,2,18.775,73.4,5.11,56.51,-0.0699999999999994,-0.040000000000000036,5.11,0,159
2026-08-27 01:42:07.990137,2,18.75,73.45,5.03,46.84,-0.08000000000000007,-0.06666666666666672,5.03,0,159
2026-08-27 01:57:07.990137,2,18.725,73.5,4.87,58.74,-0.16000000000000014,-0.10333333333333321,4.87,0,159
2026-08-27 02:12:07.990137,2,18.7,73.55,4.89,59.6,0.019999999999999574,-0.07333333333333354,4.89,0,159
2026-08-27 02:27:07.990137,2,18.675,73.6,4.97,42.82,0.08000000000000007,-0.020000000000000167,4.97,0,159
2026-08-27 02:42:07.990137,3,18.65,73.65,4.95,41.08,-0.019999999999999574,0.02666666666666669,4.95,0,159
2026-08-27 02:57:07.990137,3,18.63013,73.68297,4.82,43.55,-0.1299999999999999,-0.023333333333333133,4.82,0,159
2026-08-27 03:12:07.990137,3,18.61027,73.71593,4.68,55.14,-0.14000000000000057,-0.09666666666666668,4.68,0,159
2026-08-27 03:27:07.990137,3,18.5904,73.7489,4.85,40.18,0.16999999999999993,-0.03333333333333351,4.85,0,159
2026-08-27 03:42:07.990137,3,18.57053,73.78187,5.05,46.91,0.20000000000000018,0.07666666666666651,5.05,0,159
2026-08-27 03:57:07.990137,3,18.55067,73.81483,5.24,43.79,0.1900000000000004,0.18666666666666684,5.24,0,159
2026-08-26 22:12:07.992577,0,19.076,72.8777,5.0,52.06,0.0,0.0,5.0,0,160
2026-08-26 22:27:07.992577,0,19.06157,72.91767,5.04,53.35,0.040000000000000036,0.0,5.04,0,160
2026-08-26 22:42:07.992577,0,19.04713,72.95763,4.85,53.84,-0.1900000000000004,0.0,4.85,0,160
2026-08-26 22:57:07.992577,0,19.0327,72.9976,4.71,53.65,-0.13999999999999968,-0.09666666666666668,4.71,0,160
2026-08-26 23:12:07.992577,0,19.01827,73.03757,4.84,49.75,0.1299999999999999,-0.06666666666666672,4.84,0,160
2026-08-26 23:27:07.992577,0,19.00383,73.07753,4.95,51.66,0.11000000000000032,0.03333333333333351,4.95,0,160
2026-08-26 23:42:07.992577,1,18.9894,73.1175,5.91,59.58,0.96,0.4000000000000001,5.91,0,160
2026-08-26 23:57:07.992577,1,18.95783,73.15625,6.83,43.96,0.9199999999999999,0.6633333333333334,6.83,1,160
2026-08-27 00:12:07.992577,1,18.92627,73.195,7.46,43.69,0.6299999999999999,0.8366666666666666,7.46,1,160
2026-08-27 00:27:07.992577,1,18.8947,73.23375,8.19,53.59,0.7299999999999995,0.7599999999999998,8.19,1,160
2026-08-27 00:42:07.992577,1,18.86313,73.2725,9.03,48.85,0.8399999999999999,0.7333333333333331,9.03,1,160
2026-08-27 00:57:07.992577,1,18.83157,73.31125,9.99,49.85,0.9600000000000009,0.8433333333333334,9.99,1,160
2026-08-27 01:12:07.992577,2,18.8,73.35,10.67,56.28,0.6799999999999997,0.8266666666666668,10.67,1,160
2026-08-27 01:27:07.992577,2,18.775,73.4,11.82,41.13,1.1500000000000004,0.9300000000000003,11.82,1,160
2026-08-27 01:42:07.992577,2,18.75,73.45,12.63,40.29,0.8100000000000005,0.8800000000000002,12.63,1,160
2026-08-27 01:57:07.992577,2,18.725,73.5,13.32,56.05,0.6899999999999995,0.8833333333333334,13.32,1,160
2026-08-27 02:12:07.992577,2,18.7,73.55,14.19,46.02,0.8699999999999992,0.7899999999999997,14.19,1,160
2026-08-27 02:27:07.992577,2,18.675,73.6,15.36,44.83,1.17,0.9099999999999996,15.36,1,160
2026-08-27 02:42:07.992577,3,18.65,73.65,15.98,42.31,0.620000000000001,0.8866666666666667,15.98,1,160
2026-08-27 02:57:07.992577,3,18.63013,73.68297,17.05,52.84,1.0700000000000003,0.9533333333333337,17.05,1,160
2026-08-27 03:12:07.992577,3,18.61027,73.71593,17.92,51.77,0.870000000000001,0.853333333333334,17.92,1,160
2026-08-27 03:27:07.992577,3,18.5904,73.7489,18.78,41.88,0.8599999999999994,0.9333333333333336,18.78,1,160
2026-08-27 03:42:07.992577,3,18.57053,73.78187,19.86,47.77,1.0799999999999983,0.9366666666666662,19.86,1,160
2026-08-27 03:57:07.992577,3,18.55067,73.81483,20.84,42.48,0.9800000000000004,0.9733333333333327,20.84,1,160
2026-08-26 22:12:07.995549,0,19.076,72.8777,4.95,51.57,0.0,0.0,4.95,0,161
2026-08-26 22:27:07.995549,0,19.06157,72.91767,5.1,58.27,0.14999999999999947,0.0,5.1,0,161
2026-08-26 22:42:07.995549,0,19.04713,72.95763,4.93,56.69,-0.16999999999999993,0.0,4.93,0,161
2026-08-26 22:57:07.995549,0,19.0327,72.9976,4.89,54.91,-0.040000000000000036,-0.020000000000000167,4.89,0,161
2026-08-26 23:12:07.995549,0,19.01827,73.03757,4.74,41.61,-0.14999999999999947,-0.11999999999999982,4.74,0,161
2026-08-26 23:27:07.995549,0,19.00383,73.07753,4.91,57.76,0.16999999999999993,-0.006666666666666525,4.91,0,161
2026-08-26 23:42:07.995549,1,18.9894,73.1175,4.71,40.7,-0.20000000000000018,-0.05999999999999991,4.71,0,161
2026-08-26 23:57:07.995549,1,18.95783,73.15625,4.74,51.14,0.03000000000000025,0.0,4.74,0,161
2026-08-27 00:12:07.995549,1,18.92627,73.195,4.61,40.52,-0.1299999999999999,-0.09999999999999994,4.61,0,161
2026-08-27 00:27:07.995549,1,18.8947,73.23375,4.73,47.55,0.1200000000000001,0.006666666666666821,4.73,0,161
2026-08-27 00:42:07.995549,1,18.86313,73.2725,4.59,52.97,-0.14000000000000057,-0.05000000000000012,4.59,0,161
2026-08-27 00:57:07.995549,1,18.83157,73.31125,4.63,53.81,0.040000000000000036,0.006666666666666525,4.63,0,161
2026-08-27 01:12:07.995549,2,18.8,73.35,4.8,50.79,0.16999999999999993,0.023333333333333133,4.8,0,161
2026-08-27 01:27:07.995549,2,18.775,73.4,4.74,45.41,-0.05999999999999961,0.05000000000000012,4.74,0,161
2026-08-27 01:42:07.995549,2,18.75,73.45,4.78,57.61,0.040000000000000036,0.05000000000000012,4.78,0,161
2026-08-27 01:57:07.995549,2,18.725,73.5,4.89,45.18,0.10999999999999943,0.029999999999999954,4.89,0,161
2026-08-27 02:12:07.995549,2,18.7,73.55,5.08,45.57,0.1900000000000004,0.11333333333333329,5.08,0,161
2026-08-27 02:27:07.995549,2,18.675,73.6,5.27,59.03,0.1899999999999995,0.1633333333333331,5.27,0,161
2026-08-27 02:42:07.995549,3,18.65,73.65,5.3,45.52,0.03000000000000025,0.13666666666666671,5.3,0,161
2026-08-27 02:57:07.995549,3,18.63013,73.68297,5.41,41.53,0.11000000000000032,0.11000000000000003,5.41,0,161
2026-08-27 03:12:07.995549,3,18.61027,73.71593,5.23,40.7,-0.17999999999999972,-0.01333333333333305,5.23,0,161
2026-08-27 03:27:07.995549,3,18.5904,73.7489,5.18,54.56,-0.05000000000000071,-0.040000000000000036,5.18,0,161
2026-08-27 03:42:07.995549,3,18.57053,73.78187,5.23,48.5,0.05000000000000071,-0.05999999999999991,5.23,0,161
2026-08-27 03:57:07.995549,3,18.55067,73.81483,5.35,54.41,0.11999999999999922,0.03999999999999974,5.35,0,161
2026-08-26 22:12:07.999317,0,19.076,72.8777,4.99,54.74,0.0,0.0,4.99,0,162
2026-08-26 22:27:07.999317,0,19.06157,72.91767,4.83,55.84,-0.16000000000000014,0.0,4.83,0,162
2026-08-26 22:42:07.999317,0,19.04713,72.95763,5.01,52.32,0.17999999999999972,0.0,5.01,0,162
2026-08-26 22:57:07.999317,0,19.0327,72.9976,5.02,40.43,0.009999999999999787,0.009999999999999787,5.02,0,162
2026-08-26 23:12:07.999317,0,19.01827,73.03757,4.9,40.51,-0.11999999999999922,0.023333333333333428,4.9,0,162
2026-08-26 23:27:07.999317,0,19.00383,73.07753,5.04,44.17,0.13999999999999968,0.010000000000000083,5.04,0,162
2026-08-26 23:42:07.999317,1,18.9894,73.1175,4.96,54.28,-0.08000000000000007,-0.01999999999999987,4.96,0,162
2026-08-26 23:57:07.999317,1,18.95783,73.15625,4.98,56.7,0.020000000000000462,0.02666666666666669,4.98,0,162
2026-08-27 00:12:07.999317,1,18.92627,73.195,5.08,57.18,0.09999999999999964,0.013333333333333345,5.08,0,162
2026-08-27 00:27:07.999317,1,18.8947,73.23375,5.17,53.0,0.08999999999999986,0.06999999999999999,5.17,0,162
2026-08-27 00:42:07.999317,1,18.86313,73.2725,5.26,44.72,0.08999999999999986,0.09333333333333312,5.26,0,162
2026-08-27 00:57:07.999317,1,18.83157,73.31125,5.16,52.77,-0.09999999999999964,0.02666666666666669,5.16,0,162
2026-08-27 01:12:07.999317,2,18.8,73.35,4.96,56.73,-0.20000000000000018,-0.06999999999999999,4.96,0,162
2026-08-27 01:27:07.999317,2,18.775,73.4,4.96,49.99,0.0,-0.09999999999999994,4.96,0,162
2026-08-27 01:42:07.999317,2,18.75,73.45,5.07,42.64,0.11000000000000032,-0.029999999999999954,5.07,0,162
2026-08-27 01:57:07.999317,2,18.725,73.5,5.25,42.36,0.17999999999999972,0.09666666666666668,5.25,0,162
2026-08-27 02:12:07.999317,2,18.7,73.55,5.11,57.93,-0.13999999999999968,0.05000000000000012,5.11,0,162
2026-08-27 02:27:07.999317,2,18.675,73.6,4.93,50.21,-0.1800000000000006,-0.046666666666666856,4.93,0,162
2026-08-27 02:42:07.999317,3,18.65,73.65,6.27,41.95,1.3399999999999999,0.33999999999999986,6.27,1,162
2026-08-27 02:57:07.999317,3,18.63013,73.68297,7.23,59.23,0.9600000000000009,0.7066666666666667,7.23,1,162
2026-08-27 03:12:07.999317,3,18.61027,73.71593,8.25,47.98,1.0199999999999996,1.1066666666666667,8.25,1,162
2026-08-27 03:27:07.999317,3,18.5904,73.7489,9.68,56.49,1.4299999999999997,1.1366666666666667,9.68,1,162
2026-08-27 03:42:07.999317,3,18.57053,73.78187,11.08,47.72,1.4000000000000004,1.2833333333333332,11.08,1,162
2026-08-27 03:57:07.999317,3,18.55067,73.81483,11.86,43.86,0.7799999999999994,1.2033333333333331,11.86,1,162
2026-08-26 22:12:08.002825,0,19.076,72.8777,4.95,57.74,0.0,0.0,4.95,0,163
2026-08-26 22:27:08.002825,0,19.06157,72.91767,5.09,46.12,0.13999999999999968,0.0,5.09,0,163
2026-08-26 22:42:08.002825,0,19.04713,72.95763,5.21,40.35,0.1200000000000001,0.0,5.21,0,163
2026-08-26 22:57:08.002825,0,19.0327,72.9976,5.2,56.49,-0.009999999999999787,0.08333333333333333,5.2,0,163
2026-08-26 23:12:08.002825,0,19.01827,73.03757,5.14,49.07,-0.0600000000000005,0.016666666666666607,5.14,0,163
2026-08-26 23:27:08.002825,0,19.00383,73.07753,5.03,50.74,-0.10999999999999943,-0.05999999999999991,5.03,0,163
2026-08-26 23:42:08.002825,1,18.9894,73.1175,5.14,42.03,0.10999999999999943,-0.020000000000000167,5.14,0,163
2026-08-26 23:57:08.002825,1,18.95783,73.15625,5.02,46.84,-0.1200000000000001,-0.040000000000000036,5.02,0,163
2026-08-27 00:12:08.002825,1,18.92627,73.195,5.11,59.66,0.09000000000000075,0.02666666666666669,5.11,0,163
2026-08-27 00:27:08.002825,1,18.8947,73.23375,5.28,55.97,0.16999999999999993,0.046666666666666856,5.28,0,163
2026-08-27 00:42:08.002825,1,18.86313,73.2725,5.36,53.29,0.08000000000000007,0.11333333333333358,5.36,0,163
2026-08-27 00:57:08.002825,1,18.83157,73.31125,5.48,51.88,0.1200000000000001,0.12333333333333336,5.48,0,163
2026-08-27 01:12:08.002825,2,18.8,73.35,5.64,42.7,0.15999999999999925,0.11999999999999982,5.64,0,163
2026-08-27 01:27:08.002825,2,18.775,73.4,5.67,53.92,0.03000000000000025,0.10333333333333321,5.67,0,163
2026-08-27 01:42:08.002825,2,18.75,73.45,5.53,55.53,-0.13999999999999968,0.016666666666666607,5.53,0,163
2026-08-27 01:57:08.002825,2,18.725,73.5,5.63,46.74,0.09999999999999964,-0.0033333333333332624,5.63,0,163
2026-08-27 02:12:08.002825,2,18.7,73.55,5.73,58.55,0.10000000000000053,0.020000000000000167,5.73,0,163
2026-08-27 02:27:08.002825,2,18.675,73.6,5.79,57.87,0.05999999999999961,0.0866666666666666,5.79,0,163
2026-08-27 02:42:08.002825,3,18.65,73.65,5.71,58.21,-0.08000000000000007,0.02666666666666669,5.71,0,163
2026-08-27 02:57:08.002825,3,18.63013,73.68297,5.75,52.82,0.040000000000000036,0.006666666666666525,5.75,0,163
2026-08-27 03:12:08.002825,3,18.61027,73.71593,5.74,47.07,-0.009999999999999787,-0.016666666666666607,5.74,0,163
2026-08-27 03:27:08.002825,3,18.5904,73.7489,5.66,41.29,-0.08000000000000007,-0.016666666666666607,5.66,0,163
2026-08-27 03:42:08.002825,3,18.57053,73.78187,5.76,44.78,0.09999999999999964,0.0033333333333332624,5.76,0,163
2026-08-27 03:57:08.002825,3,18.55067,73.81483,5.91,48.31,0.15000000000000036,0.05666666666666664,5.91,0,163
2026-08-26 22:12:08.008072,0,19.076,72.8777,4.86,42.74,0.0,0.0,4.86,0,164
2026-08-26 22:27:08.008072,0,19.06157,72.91767,4.99,43.37,0.1299999999999999,0.0,4.99,0,164
2026-08-26 22:42:08.008072,0,19.04713,72.95763,4.98,51.76,-0.009999999999999787,0.0,4.98,0,164
2026-08-26 22:57:08.008072,0,19.0327,72.9976,4.79,53.58,-0.1900000000000004,-0.023333333333333428,4.79,0,164
2026-08-26 23:12:08.008072,0,19.01827,73.03757,4.81,56.94,0.019999999999999574,-0.0600000000000002,4.81,0,164
2026-08-26 23:27:08.008072,0,19.00383,73.07753,4.94,59.68,0.13000000000000078,-0.013333333333333345,4.94,0,164
2026-08-26 23:42:08.008072,1,18.9894,73.1175,5.92,48.13,0.9799999999999995,0.37666666666666665,5.92,1,164
2026-08-26 23:57:08.008072,1,18.95783,73.15625,6.75,58.97,0.8300000000000001,0.6466666666666668,6.75,1,164
2026-08-27 00:12:08.008072,1,18.92627,73.195,8.06,43.51,1.3100000000000005,1.04,8.06,1,164
2026-08-27 00:27:08.008072,1,18.8947,73.23375,9.39,41.09,1.33,1.156666666666667,9.39,1,164
2026-08-27 00:42:08.008072,1,18.86313,73.2725,10.44,54.04,1.049999999999999,1.2299999999999998,10.44,1,164
2026-08-27 00:57:08.008072,1,18.83157,73.31125,11.34,41.7,0.9000000000000004,1.093333333333333,11.34,1,164
2026-08-27 01:12:08.008072,2,18.8,73.35,12.51,59.87,1.17,1.0399999999999998,12.51,1,164
2026-08-27 01:27:08.008072,2,18.775,73.4,13.6,48.51,1.0899999999999999,1.0533333333333335,13.6,1,164
2026-08-27 01:42:08.008072,2,18.75,73.45,14.74,50.14,1.1400000000000006,1.1333333333333335,14.74,1,164
2026-08-27 01:57:08.008072,2,18.725,73.5,15.76,53.73,1.0199999999999996,1.0833333333333333,15.76,1,164
2026-08-27 02:12:08.008072,2,18.7,73.55,16.98,45.41,1.2200000000000006,1.126666666666667,16.98,1,164
2026-08-27 02:27:08.008072,2,18.675,73.6,18.02,41.51,1.0399999999999991,1.093333333333333,18.02,1,164
2026-08-27 02:42:08.008072,3,18.65,73.65,19.15,44.03,1.129999999999999,1.1299999999999997,19.15,1,164
2026-08-27 02:57:08.008072,3,18.63013,73.68297,20.08,42.14,0.9299999999999997,1.0333333333333325,20.08,1,164
2026-08-27 03:12:08.008072,3,18.61027,73.71593,21.02,41.21,0.9400000000000013,1.0,21.02,1,164
2026-08-27 03:27:08.008072,3,18.5904,73.7489,22.26,41.4,1.240000000000002,1.0366666666666677,22.26,1,164
2026-08-27 03:42:08.008072,3,18.57053,73.78187,23.35,54.02,1.0899999999999999,1.090000000000001,23.35,1,164
2026-08-27 03:57:08.008072,3,18.55067,73.81483,24.32,51.58,0.9699999999999989,1.1000000000000003,24.32,1,164
2026-08-26 22:12:08.011655,0,19.076,72.8777,5.62,55.37,0.0,0.0,5.62,0,165
2026-08-26 22:27:08.011655,0,19.06157,72.91767,6.16,56.06,0.54,0.0,6.16,0,165
2026-08-26 22:42:08.011655,0,19.04713,72.95763,6.8,45.63,0.6399999999999997,0.0,6.8,0,165
2026-08-26 22:57:08.011655,0,19.0327,72.9976,7.22,56.48,0.41999999999999993,0.5333333333333332,7.22,1,165
2026-08-26 23:12:08.011655,0,19.01827,73.03757,7.74,46.91,0.5200000000000005,0.5266666666666667,7.74,1,165
2026-08-26 23:27:08.011655,0,19.00383,73.07753,8.39,51.62,0.6500000000000004,0.5300000000000002,8.39,1,165
2026-08-26 23:42:08.011655,1,18.9894,73.1175,8.8,53.32,0.41000000000000014,0.526666666666667,8.8,1,165
2026-08-26 23:57:08.011655,1,18.95783,73.15625,9.16,56.93,0.35999999999999943,0.47333333333333333,9.16,1,165
2026-08-27 00:12:08.011655,1,18.92627,73.195,9.74,58.93,0.5800000000000001,0.4499999999999999,9.74,1,165
2026-08-27 00:27:08.011655,1,18.8947,73.23375,10.21,48.46,0.47000000000000064,0.47000000000000003,10.21,1,165
2026-08-27 00:42:08.011655,1,18.86313,73.2725,10.59,46.54,0.379999999999999,0.47666666666666657,10.59,1,165
2026-08-27 00:57:08.011655,1,18.83157,73.31125,11.03,40.93,0.4399999999999995,0.4299999999999997,11.03,1,165
2026-08-27 01:12:08.011655,2,18.8,73.35,11.61,49.85,0.5800000000000001,0.4666666666666662,11.61,1,165
2026-08-27 01:27:08.011655,2,18.775,73.4,11.96,49.59,0.3500000000000014,0.456666666666667,11.96,1,165
2026-08-27 01:42:08.011655,2,18.75,73.45,12.48,52.91,0.5199999999999996,0.48333333333333367,12.48,1,165
2026-08-27 01:57:08.011655,2,18.725,73.5,12.84,55.12,0.35999999999999943,0.41000000000000014,12.84,1,165
2026-08-27 02:12:08.011655,2,18.7,73.55,13.38,55.03,0.5400000000000009,0.47333333333333333,13.38,1,165
2026-08-27 02:27:08.011655,2,18.675,73.6,13.72,56.73,0.33999999999999986,0.4133333333333334,13.72,1,165
2026-08-27 02:42:08.011655,3,18.65,73.65,14.07,45.21,0.34999999999999964,0.41000000000000014,14.07,1,165
2026-08-27 02:57:08.011655,3,18.63013,73.68297,14.47,41.17,0.40000000000000036,0.3633333333333333,14.47,1,165
2026-08-27 03:12:08.011655,3,18.61027,73.71593,14.98,45.68,0.5099999999999998,0.41999999999999993,14.98,1,165
2026-08-27 03:27:08.011655,3,18.5904,73.7489,15.39,42.54,0.41000000000000014,0.4400000000000001,15.39,1,165
2026-08-27 03:42:08.011655,3,18.57053,73.78187,16.02,46.86,0.629999999999999,0.5166666666666663,16.02,1,165
2026-08-27 03:57:08.011655,3,18.55067,73.81483,16.51,55.78,0.490000000000002,0.5100000000000003,16.51,1,165
2026-08-26 22:12:08.014211,0,19.076,72.8777,5.12,50.82,0.0,0.0,5.12,0,166
2026-08-26 22:27:08.014211,0,19.06157,72.91767,4.98,54.16,-0.13999999999999968,0.0,4.98,0,166
2026-08-26 22:42:08.014211,0,19.04713,72.95763,4.97,49.41,-0.010000000000000675,0.0,4.97,0,166
2026-08-26 22:57:08.014211,0,19.0327,72.9976,4.85,54.98,-0.1200000000000001,-0.09000000000000015,4.85,0,166
2026-08-26 23:12:08.014211,0,19.01827,73.03757,4.84,46.33,-0.009999999999999787,-0.046666666666666856,4.84,0,166
2026-08-26 23:27:08.014211,0,19.00383,73.07753,4.98,54.98,0.14000000000000057,0.003333333333333558,4.98,0,166
2026-08-26 23:42:08.014211,1,18.9894,73.1175,5.01,53.47,0.02999999999999936,0.05333333333333338,5.01,0,166
2026-08-26 23:57:08.014211,1,18.95783,73.15625,4.81,52.32,-0.20000000000000018,-0.010000000000000083,4.81,0,166
2026-08-27 00:12:08.014211,1,18.92627,73.195,4.85,44.74,0.040000000000000036,-0.04333333333333359,4.85,0,166
2026-08-27 00:27:08.014211,1,18.8947,73.23375,4.76,58.17,-0.08999999999999986,-0.08333333333333333,4.76,0,166
2026-08-27 00:42:08.014211,1,18.86313,73.2725,4.6,54.08,-0.16000000000000014,-0.06999999999999999,4.6,0,166
2026-08-27 00:57:08.014211,1,18.83157,73.31125,4.75,49.35,0.15000000000000036,-0.033333333333333215,4.75,0,166
2026-08-27 01:12:08.014211,2,18.8,73.35,5.39,50.83,0.6399999999999997,0.20999999999999996,5.39,0,166
2026-08-27 01:27:08.014211,2,18.775,73.4,6.02,55.39,0.6299999999999999,0.47333333333333333,6.02,0,166
2026-08-27 01:42:08.014211,2,18.75,73.45,6.55,53.53,0.5300000000000002,0.6,6.55,0,166
2026-08-27 01:57:08.014211,2,18.725,73.5,7.03,56.13,0.4800000000000004,0.5466666666666669,7.03,0,166
2026-08-27 02:12:08.014211,2,18.7,73.55,7.58,54.48,0.5499999999999998,0.5200000000000001,7.58,1,166
2026-08-27 02:27:08.014211,2,18.675,73.6,7.93,47.7,0.34999999999999964,0.45999999999999996,7.93,1,166
2026-08-27 02:42:08.014211,3,18.65,73.65,8.53,41.82,0.5999999999999996,0.4999999999999997,8.53,1,166
2026-08-27 02:57:08.014211,3,18.63013,73.68297,9.03,43.28,0.5,0.4833333333333331,9.03,1,166
2026-08-27 03:12:08.014211,3,18.61027,73.71593,9.5,42.64,0.47000000000000064,0.5233333333333334,9.5,1,166
2026-08-27 03:27:08.014211,3,18.5904,73.7489,10.1,51.63,0.5999999999999996,0.5233333333333334,10.1,1,166
2026-08-27 03:42:08.014211,3,18.57053,73.78187,10.5,48.3,0.40000000000000036,0.4900000000000002,10.5,1,166
2026-08-27 03:57:08.014211,3,18.55067,73.81483,10.83,46.87,0.33000000000000007,0.44333333333333336,10.83,1,166
2026-08-26 22:12:08.016827,0,19.076,72.8777,5.7,48.35,0.0,0.0,5.7,0,167
2026-08-26 22:27:08.016827,0,19.06157,72.91767,6.59,52.63,0.8899999999999997,0.0,6.59,0,167
2026-08-26 22:42:08.016827,0,19.04713,72.95763,7.12,55.58,0.5300000000000002,0.0,7.12,1,167
2026-08-26 22:57:08.016827,0,19.0327,72.9976,7.67,45.57,0.5499999999999998,0.6566666666666666,7.67,1,167
2026-08-26 23:12:08.016827,0,19.01827,73.03757,8.29,40.02,0.6199999999999992,0.5666666666666664,8.29,1,167
2026-08-26 23:27:08.016827,0,19.00383,73.07753,8.84,40.6,0.5500000000000007,0.5733333333333333,8.84,1,167
2026-08-26 23:42:08.016827,1,18.9894,73.1175,9.39,55.36,0.5500000000000007,0.5733333333333336,9.39,1,167
2026-08-26 23:57:08.016827,1,18.95783,73.15625,10.04,41.08,0.6499999999999986,0.5833333333333334,10.04,1,167
2026-08-27 00:12:08.016827,1,18.92627,73.195,10.95,49.94,0.9100000000000001,0.7033333333333331,10.95,1,167
2026-08-27 00:27:08.016827,1,18.8947,73.23375,11.59,49.36,0.6400000000000006,0.7333333333333331,11.59,1,167
2026-08-27 00:42:08.016827,1,18.86313,73.2725,12.09,44.98,0.5,0.6833333333333336,12.09,1,167
2026-08-27 00:57:08.016827,1,18.83157,73.31125,12.65,42.65,0.5600000000000005,0.566666666666667,12.65,1,167
2026-08-27 01:12:08.016827,2,18.8,73.35,13.31,54.93,0.6600000000000001,0.5733333333333336,13.31,1,167
2026-08-27 01:27:08.016827,2,18.775,73.4,13.93,52.07,0.6199999999999992,0.6133333333333333,13.93,1,167
2026-08-27 01:42:08.016827,2,18.75,73.45,14.44,45.31,0.5099999999999998,0.5966666666666663,14.44,1,167
2026-08-27 01:57:08.016827,2,18.725,73.5,15.16,44.28,0.7200000000000006,0.6166666666666666,15.16,1,167
2026-08-27 02:12:08.016827,2,18.7,73.55,15.74,47.59,0.5800000000000001,0.6033333333333335,15.74,1,167
2026-08-27 02:27:08.016827,2,18.675,73.6,16.42,46.14,0.6800000000000015,0.6600000000000007,16.42,1,167
2026-08-27 02:42:08.016827,3,18.65,73.65,16.95,50.36,0.5299999999999976,0.5966666666666663,16.95,1,167
2026-08-27 02:57:08.016827,3,18.63013,73.68297,17.75,59.45,0.8000000000000007,0.6699999999999999,17.75,1,167
2026-08-27 03:12:08.016827,3,18.61027,73.71593,18.48,59.02,0.7300000000000004,0.6866666666666662,18.48,1,167
2026-08-27 03:27:08.016827,3,18.5904,73.7489,18.98,45.46,0.5,0.6766666666666671,18.98,1,167
2026-08-27 03:42:08.016827,3,18.57053,73.78187,19.58,47.5,0.5999999999999979,0.6099999999999994,19.58,1,167
2026-08-27 03:57:08.016827,3,18.55067,73.81483,20.29,50.89,0.7100000000000009,0.6033333333333329,20.29,1,167
2026-08-26 22:12:08.019087,0,19.076,72.8777,5.14,44.57,0.0,0.0,5.14,0,168
2026-08-26 22:27:08.019087,0,19.06157,72.91767,5.08,51.21,-0.05999999999999961,0.0,5.08,0,168
2026-08-26 22:42:08.019087,0,19.04713,72.95763,5.26,50.11,0.17999999999999972,0.0,5.26,0,168
2026-08-26 22:57:08.019087,0,19.0327,72.9976,5.33,43.7,0.07000000000000028,0.06333333333333346,5.33,0,168
2026-08-26 23:12:08.019087,0,19.01827,73.03757,5.18,58.36,-0.15000000000000036,0.033333333333333215,5.18,0,168
2026-08-26 23:27:08.019087,0,19.00383,73.07753,5.33,57.7,0.15000000000000036,0.023333333333333428,5.33,0,168
2026-08-26 23:42:08.019087,1,18.9894,73.1175,5.46,54.1,0.1299999999999999,0.0433333333333333,5.46,0,168
2026-08-26 23:57:08.019087,1,18.95783,73.15625,5.5,48.58,0.040000000000000036,0.10666666666666676,5.5,0,168
2026-08-27 00:12:08.019087,1,18.92627,73.195,5.61,52.65,0.11000000000000032,0.09333333333333342,5.61,0,168
2026-08-27 00:27:08.019087,1,18.8947,73.23375,5.43,50.24,-0.1800000000000006,-0.010000000000000083,5.43,0,168
2026-08-27 00:42:08.019087,1,18.86313,73.2725,5.53,57.0,0.10000000000000053,0.010000000000000083,5.53,0,168
2026-08-27 00:57:08.019087,1,18.83157,73.31125,5.61,53.78,0.08000000000000007,0.0,5.61,0,168
2026-08-27 01:12:08.019087,2,18.8,73.35,5.49,55.16,-0.1200000000000001,0.020000000000000167,5.49,0,168
2026-08-27 01:27:08.019087,2,18.775,73.4,5.58,45.52,0.08999999999999986,0.016666666666666607,5.58,0,168
2026-08-27 01:42:08.019087,2,18.75,73.45,5.57,55.97,-0.009999999999999787,-0.013333333333333345,5.57,0,168
2026-08-27 01:57:08.019087,2,18.725,73.5,5.56,47.01,-0.010000000000000675,0.023333333333333133,5.56,0,168
2026-08-27 02:12:08.019087,2,18.7,73.55,5.48,50.68,-0.07999999999999918,-0.033333333333333215,5.48,0,168
2026-08-27 02:27:08.019087,2,18.675,73.6,5.44,47.78,-0.040000000000000036,-0.0433333333333333,5.44,0,168
2026-08-27 02:42:08.019087,3,18.65,73.65,5.61,53.78,0.16999999999999993,0.016666666666666902,5.61,0,168
2026-08-27 02:57:08.019087,3,18.63013,73.68297,5.64,51.63,0.02999999999999936,0.05333333333333309,5.64,0,168
2026-08-27 03:12:08.019087,3,18.61027,73.71593,5.79,42.29,0.15000000000000036,0.11666666666666654,5.79,0,168
2026-08-27 03:27:08.019087,3,18.5904,73.7489,5.64,52.14,-0.15000000000000036,0.009999999999999787,5.64,0,168
2026-08-27 03:42:08.019087,3,18.57053,73.78187,5.57,59.17,-0.0699999999999994,-0.023333333333333133,5.57,0,168
2026-08-27 03:57:08.019087,3,18.55067,73.81483,5.45,51.08,-0.1200000000000001,-0.11333333333333329,5.45,0,168
2026-08-26 22:12:08.021499,0,19.076,72.8777,4.87,47.7,0.0,0.0,4.87,0,169
2026-08-26 22:27:08.021499,0,19.06157,72.91767,5.04,54.34,0.16999999999999993,0.0,5.04,0,169
2026-08-26 22:42:08.021499,0,19.04713,72.95763,4.88,51.33,-0.16000000000000014,0.0,4.88,0,169
2026-08-26 22:57:08.021499,0,19.0327,72.9976,4.93,42.73,0.04999999999999982,0.01999999999999987,4.93,0,169
2026-08-26 23:12:08.021499,0,19.01827,73.03757,4.88,53.86,-0.04999999999999982,-0.05333333333333338,4.88,0,169
2026-08-26 23:27:08.021499,0,19.00383,73.07753,4.89,43.96,0.009999999999999787,0.0033333333333332624,4.89,0,169
2026-08-26 23:42:08.021499,1,18.9894,73.1175,4.96,40.54,0.07000000000000028,0.010000000000000083,4.96,0,169
2026-08-26 23:57:08.021499,1,18.95783,73.15625,4.88,47.05,-0.08000000000000007,0.0,4.88,0,169
2026-08-27 00:12:08.021499,1,18.92627,73.195,4.75,47.73,-0.1299999999999999,-0.04666666666666656,4.75,0,169
2026-08-27 00:27:08.021499,1,18.8947,73.23375,4.89,47.71,0.13999999999999968,-0.023333333333333428,4.89,0,169
2026-08-27 00:42:08.021499,1,18.86313,73.2725,4.83,48.78,-0.05999999999999961,-0.016666666666666607,4.83,0,169
2026-08-27 00:57:08.021499,1,18.83157,73.31125,4.9,53.51,0.07000000000000028,0.05000000000000012,4.9,0,169
2026-08-27 01:12:08.021499,2,18.8,73.35,5.05,50.11,0.14999999999999947,0.05333333333333338,5.05,0,169
2026-08-27 01:27:08.021499,2,18.775,73.4,5.18,46.44,0.1299999999999999,0.11666666666666654,5.18,0,169
2026-08-27 01:42:08.021499,2,18.75,73.45,5.32,59.74,0.14000000000000057,0.13999999999999999,5.32,0,169
2026-08-27 01:57:08.021499,2,18.725,73.5,5.32,52.46,0.0,0.09000000000000015,5.32,0,169
2026-08-27 02:12:08.021499,2,18.7,73.55,5.44,48.69,0.1200000000000001,0.08666666666666689,5.44,0,169
2026-08-27 02:27:08.021499,2,18.675,73.6,5.59,57.56,0.14999999999999947,0.08999999999999986,5.59,0,169
2026-08-27 02:42:08.021499,3,18.65,73.65,5.88,49.36,0.29000000000000004,0.18666666666666654,5.88,0,169
2026-08-27 02:57:08.021499,3,18.63013,73.68297,6.04,41.31,0.16000000000000014,0.19999999999999987,6.04,0,169
2026-08-27 03:12:08.021499,3,18.61027,73.71593,6.3,54.94,0.2599999999999998,0.23666666666666666,6.3,0,169
2026-08-27 03:27:08.021499,3,18.5904,73.7489,6.56,40.25,0.2599999999999998,0.22666666666666657,6.56,0,169
2026-08-27 03:42:08.021499,3,18.57053,73.78187,6.81,41.27,0.25,0.25666666666666654,6.81,0,169
2026-08-27 03:57:08.021499,3,18.55067,73.81483,7.06,44.76,0.25,0.25333333333333324,7.06,0,169
2026-08-26 22:12:08.023868,0,19.076,72.8777,5.1,47.61,0.0,0.0,5.1,0,170
2026-08-26 22:27:08.023868,0,19.06157,72.91767,5.04,46.26,-0.05999999999999961,0.0,5.04,0,170
2026-08-26 22:42:08.023868,0,19.04713,72.95763,4.99,45.56,-0.04999999999999982,0.0,4.99,0,170
2026-08-26 22:57:08.023868,0,19.0327,72.9976,4.98,57.84,-0.009999999999999787,-0.03999999999999974,4.98,0,170
2026-08-26 23:12:08.023868,0,19.01827,73.03757,5.01,47.13,0.02999999999999936,-0.010000000000000083,5.01,0,170
2026-08-26 23:27:08.023868,0,19.00383,73.07753,4.88,42.18,-0.1299999999999999,-0.03666666666666677,4.88,0,170
2026-08-26 23:42:08.023868,1,18.9894,73.1175,5.02,46.25,0.13999999999999968,0.01333333333333305,5.02,0,170
2026-08-26 23:57:08.023868,1,18.95783,73.15625,5.16,44.35,0.14000000000000057,0.05000000000000012,5.16,0,170
2026-08-27 00:12:08.023868,1,18.92627,73.195,4.99,57.93,-0.16999999999999993,0.03666666666666677,4.99,0,170
2026-08-27 00:27:08.023868,1,18.8947,73.23375,4.86,47.16,-0.1299999999999999,-0.05333333333333309,4.86,0,170
2026-08-27 00:42:08.023868,1,18.86313,73.2725,5.03,58.97,0.16999999999999993,-0.0433333333333333,5.03,0,170
2026-08-27 00:57:08.023868,1,18.83157,73.31125,4.97,52.65,-0.0600000000000005,-0.006666666666666821,4.97,0,170
2026-08-27 01:12:08.023868,2,18.8,73.35,4.97,43.37,0.0,0.03666666666666648,4.97,0,170
2026-08-27 01:27:08.023868,2,18.775,73.4,5.14,43.88,0.16999999999999993,0.03666666666666648,5.14,0,170
2026-08-27 01:42:08.023868,2,18.75,73.45,5.14,42.05,0.0,0.05666666666666664,5.14,0,170
2026-08-27 01:57:08.023868,2,18.725,73.5,4.95,52.07,-0.1899999999999995,-0.006666666666666525,4.95,0,170
2026-08-27 02:12:08.023868,2,18.7,73.55,4.96,54.77,0.009999999999999787,-0.05999999999999991,4.96,0,170
2026-08-27 02:27:08.023868,2,18.675,73.6,4.97,54.51,0.009999999999999787,-0.05666666666666664,4.97,0,170
2026-08-27 02:42:08.023868,3,18.65,73.65,4.83,57.92,-0.13999999999999968,-0.040000000000000036,4.83,0,170
2026-08-27 02:57:08.023868,3,18.63013,73.68297,4.91,55.56,0.08000000000000007,-0.016666666666666607,4.91,0,170
2026-08-27 03:12:08.023868,3,18.61027,73.71593,4.77,42.75,-0.14000000000000057,-0.06666666666666672,4.77,0,170
2026-08-27 03:27:08.023868,3,18.5904,73.7489,4.91,44.79,0.14000000000000057,0.02666666666666669,4.91,0,170
2026-08-27 03:42:08.023868,3,18.57053,73.78187,4.91,48.84,0.0,0.0,4.91,0,170
2026-08-27 03:57:08.023868,3,18.55067,73.81483,5.06,56.06,0.14999999999999947,0.09666666666666668,5.06,0,170
2026-08-26 22:12:08.026330,0,19.076,72.8777,5.0,42.87,0.0,0.0,5.0,0,171
2026-08-26 22:27:08.026330,0,19.06157,72.91767,4.84,59.25,-0.16000000000000014,0.0,4.84,0,171
2026-08-26 22:42:08.026330,0,19.04713,72.95763,4.75,55.88,-0.08999999999999986,0.0,4.75,0,171
2026-08-26 22:57:08.026330,0,19.0327,72.9976,4.78,41.45,0.03000000000000025,-0.07333333333333325,4.78,0,171
2026-08-26 23:12:08.026330,0,19.01827,73.03757,4.65,56.49,-0.1299999999999999,-0.06333333333333317,4.65,0,171
2026-08-26 23:27:08.026330,0,19.00383,73.07753,4.71,53.78,0.05999999999999961,-0.013333333333333345,4.71,0,171
2026-08-26 23:42:08.026330,1,18.9894,73.1175,4.52,47.64,-0.1900000000000004,-0.08666666666666689,4.52,0,171
2026-08-26 23:57:08.026330,1,18.95783,73.15625,4.38,53.35,-0.13999999999999968,-0.09000000000000015,4.38,0,171
2026-08-27 00:12:08.026330,1,18.92627,73.195,4.26,45.69,-0.1200000000000001,-0.15000000000000005,4.26,0,171
2026-08-27 00:27:08.026330,1,18.8947,73.23375,4.08,58.64,-0.17999999999999972,-0.1466666666666665,4.08,0,171
2026-08-27 00:42:08.026330,1,18.86313,73.2725,4.26,48.62,0.17999999999999972,-0.040000000000000036,4.26,0,171
2026-08-27 00:57:08.026330,1,18.83157,73.31125,4.37,57.33,0.11000000000000032,0.03666666666666677,4.37,0,171
2026-08-27 01:12:08.026330,2,18.8,73.35,4.46,56.9,0.08999999999999986,0.12666666666666662,4.46,0,171
2026-08-27 01:27:08.026330,2,18.775,73.4,4.4,51.59,-0.05999999999999961,0.046666666666666856,4.4,0,171
2026-08-27 01:42:08.026330,2,18.75,73.45,4.57,57.93,0.16999999999999993,0.06666666666666672,4.57,0,171
2026-08-27 01:57:08.026330,2,18.725,73.5,4.62,46.58,0.04999999999999982,0.05333333333333338,4.62,0,171
2026-08-27 02:12:08.026330,2,18.7,73.55,4.69,55.72,0.07000000000000028,0.09666666666666668,4.69,0,171
2026-08-27 02:27:08.026330,2,18.675,73.6,4.75,54.68,0.05999999999999961,0.05999999999999991,4.75,0,171
2026-08-27 02:42:08.026330,3,18.65,73.65,4.87,54.26,0.1200000000000001,0.08333333333333333,4.87,0,171
2026-08-27 02:57:08.026330,3,18.63013,73.68297,4.7,46.22,-0.16999999999999993,0.0033333333333332624,4.7,0,171
2026-08-27 03:12:08.026330,3,18.61027,73.71593,4.56,41.24,-0.14000000000000057,-0.06333333333333346,4.56,0,171
2026-08-27 03:27:08.026330,3,18.5904,73.7489,4.46,44.8,-0.09999999999999964,-0.13666666666666671,4.46,0,171
2026-08-27 03:42:08.026330,3,18.57053,73.78187,4.53,50.24,0.07000000000000028,-0.05666666666666664,4.53,0,171
2026-08-27 03:57:08.026330,3,18.55067,73.81483,4.58,56.69,0.04999999999999982,0.006666666666666821,4.58,0,171
2026-08-26 22:12:08.029033,0,19.076,72.8777,5.13,41.37,0.0,0.0,5.13,0,172
2026-08-26 22:27:08.029033,0,19.06157,72.91767,5.14,40.01,0.009999999999999787,0.0,5.14,0,172
2026-08-26 22:42:08.029033,0,19.04713,72.95763,5.14,46.18,0.0,0.0,5.14,0,172
2026-08-26 22:57:08.029033,0,19.0327,72.9976,5.19,52.15,0.05000000000000071,0.020000000000000167,5.19,0,172
2026-08-26 23:12:08.029033,0,19.01827,73.03757,5.33,47.62,0.13999999999999968,0.06333333333333346,5.33,0,172
2026-08-26 23:27:08.029033,0,19.00383,73.07753,5.18,41.29,-0.15000000000000036,0.013333333333333345,5.18,0,172
2026-08-26 23:42:08.029033,1,18.9894,73.1175,5.16,51.92,-0.019999999999999574,-0.010000000000000083,5.16,0,172
2026-08-26 23:57:08.029033,1,18.95783,73.15625,5.08,45.47,-0.08000000000000007,-0.08333333333333333,5.08,0,172
2026-08-27 00:12:08.029033,1,18.92627,73.195,4.92,54.5,-0.16000000000000014,-0.0866666666666666,4.92,0,172
2026-08-27 00:27:08.029033,1,18.8947,73.23375,4.96,45.5,0.040000000000000036,-0.06666666666666672,4.96,0,172
2026-08-27 00:42:08.029033,1,18.86313,73.2725,4.9,49.66,-0.05999999999999961,-0.05999999999999991,4.9,0,172
2026-08-27 00:57:08.029033,1,18.83157,73.31125,4.87,57.4,-0.03000000000000025,-0.016666666666666607,4.87,0,172
2026-08-27 01:12:08.029033,2,18.8,73.35,4.81,44.99,-0.0600000000000005,-0.05000000000000012,4.81,0,172
2026-08-27 01:27:08.029033,2,18.775,73.4,4.86,58.73,0.05000000000000071,-0.013333333333333345,4.86,0,172
2026-08-27 01:42:08.029033,2,18.75,73.45,4.86,47.81,0.0,-0.0033333333333332624,4.86,0,172
2026-08-27 01:57:08.029033,2,18.725,73.5,4.75,41.82,-0.11000000000000032,-0.01999999999999987,4.75,0,172
2026-08-27 02:12:08.029033,2,18.7,73.55,4.57,54.13,-0.17999999999999972,-0.09666666666666668,4.57,0,172
2026-08-27 02:27:08.029033,2,18.675,73.6,4.68,52.85,0.10999999999999943,-0.0600000000000002,4.68,0,172
2026-08-27 02:42:08.029033,3,18.65,73.65,5.18,45.21,0.5,0.14333333333333323,5.18,0,172
2026-08-27 02:57:08.029033,3,18.63013,73.68297,5.56,56.89,0.3799999999999999,0.3299999999999998,5.56,0,172
2026-08-27 03:12:08.029033,3,18.61027,73.71593,6.13,57.86,0.5700000000000003,0.4833333333333334,6.13,0,172
2026-08-27 03:27:08.029033,3,18.5904,73.7489,6.55,45.45,0.41999999999999993,0.4566666666666667,6.55,0,172
2026-08-27 03:42:08.029033,3,18.57053,73.78187,6.9,45.95,0.35000000000000053,0.44666666666666693,6.9,0,172
2026-08-27 03:57:08.029033,3,18.55067,73.81483,7.42,59.09,0.5199999999999996,0.43,7.42,0,172
2026-08-26 22:12:08.031449,0,19.076,72.8777,4.91,45.28,0.0,0.0,4.91,0,173
2026-08-26 22:27:08.031449,0,19.06157,72.91767,4.88,59.14,-0.03000000000000025,0.0,4.88,0,173
2026-08-26 22:42:08.031449,0,19.04713,72.95763,4.7,49.16,-0.17999999999999972,0.0,4.7,0,173
2026-08-26 22:57:08.031449,0,19.0327,72.9976,4.8,42.13,0.09999999999999964,-0.03666666666666677,4.8,0,173
2026-08-26 23:12:08.031449,0,19.01827,73.03757,4.72,59.84,-0.08000000000000007,-0.05333333333333338,4.72,0,173
2026-08-26 23:27:08.031449,0,19.00383,73.07753,4.66,42.27,-0.05999999999999961,-0.013333333333333345,4.66,0,173
2026-08-26 23:42:08.031449,1,18.9894,73.1175,4.84,40.85,0.17999999999999972,0.013333333333333345,4.84,0,173
2026-08-26 23:57:08.031449,1,18.95783,73.15625,4.83,48.04,-0.009999999999999787,0.03666666666666677,4.83,0,173
2026-08-27 00:12:08.031449,1,18.92627,73.195,4.93,54.24,0.09999999999999964,0.08999999999999986,4.93,0,173
2026-08-27 00:27:08.031449,1,18.8947,73.23375,5.12,49.54,0.1900000000000004,0.09333333333333342,5.12,0,173
2026-08-27 00:42:08.031449,1,18.86313,73.2725,5.12,58.47,0.0,0.09666666666666668,5.12,0,173
2026-08-27 00:57:08.031449,1,18.83157,73.31125,5.09,44.31,-0.03000000000000025,0.05333333333333338,5.09,0,173
2026-08-27 01:12:08.031449,2,18.8,73.35,5.36,44.91,0.27000000000000046,0.08000000000000007,5.36,0,173
2026-08-27 01:27:08.031449,2,18.775,73.4,5.84,54.78,0.47999999999999954,0.2399999999999999,5.84,0,173
2026-08-27 01:42:08.031449,2,18.75,73.45,6.24,45.66,0.40000000000000036,0.38333333333333347,6.24,0,173
2026-08-27 01:57:08.031449,2,18.725,73.5,6.55,48.94,0.3099999999999996,0.3966666666666665,6.55,0,173
2026-08-27 02:12:08.031449,2,18.7,73.55,6.93,42.46,0.3799999999999999,0.3633333333333333,6.93,0,173
2026-08-27 02:27:08.031449,2,18.675,73.6,7.31,52.84,0.3799999999999999,0.35666666666666647,7.31,1,173
2026-08-27 02:42:08.031449,3,18.65,73.65,7.73,57.27,0.4200000000000008,0.39333333333333353,7.73,1,173
2026-08-27 02:57:08.031449,3,18.63013,73.68297,8.06,53.94,0.33000000000000007,0.3766666666666669,8.06,1,173
2026-08-27 03:12:08.031449,3,18.61027,73.71593,8.54,48.08,0.47999999999999865,0.40999999999999986,8.54,1,173
2026-08-27 03:27:08.031449,3,18.5904,73.7489,8.94,46.28,0.40000000000000036,0.40333333333333304,8.94,1,173
2026-08-27 03:42:08.031449,3,18.57053,73.78187,9.44,53.73,0.5,0.4599999999999997,9.44,1,173
2026-08-27 03:57:08.031449,3,18.55067,73.81483,9.76,54.21,0.3200000000000003,0.4066666666666669,9.76,1,173
2026-08-26 22:12:08.033701,0,19.076,72.8777,4.94,46.88,0.0,0.0,4.94,0,174
2026-08-26 22:27:08.033701,0,19.06157,72.91767,4.91,40.02,-0.03000000000000025,0.0,4.91,0,174
2026-08-26 22:42:08.033701,0,19.04713,72.95763,5.0,51.15,0.08999999999999986,0.0,5.0,0,174
2026-08-26 22:57:08.033701,0,19.0327,72.9976,4.8,56.98,-0.20000000000000018,-0.046666666666666856,4.8,0,174
2026-08-26 23:12:08.033701,0,19.01827,73.03757,4.9,42.6,0.10000000000000053,-0.0033333333333332624,4.9,0,174
2026-08-26 23:27:08.033701,0,19.00383,73.07753,4.88,43.94,-0.020000000000000462,-0.040000000000000036,4.88,0,174
2026-08-26 23:42:08.033701,1,18.9894,73.1175,4.88,50.71,0.0,0.02666666666666669,4.88,0,174
2026-08-26 23:57:08.033701,1,18.95783,73.15625,4.87,52.0,-0.009999999999999787,-0.010000000000000083,4.87,0,174
2026-08-27 00:12:08.033701,1,18.92627,73.195,5.01,42.09,0.13999999999999968,0.0433333333333333,5.01,0,174
2026-08-27 00:27:08.033701,1,18.8947,73.23375,5.16,59.07,0.15000000000000036,0.09333333333333342,5.16,0,174
2026-08-27 00:42:08.033701,1,18.86313,73.2725,5.27,43.18,0.10999999999999943,0.13333333333333316,5.27,0,174
2026-08-27 00:57:08.033701,1,18.83157,73.31125,5.25,48.68,-0.019999999999999574,0.08000000000000007,5.25,0,174
2026-08-27 01:12:08.033701,2,18.8,73.35,5.98,44.85,0.7300000000000004,0.27333333333333343,5.98,0,174
2026-08-27 01:27:08.033701,2,18.775,73.4,6.43,45.34,0.4499999999999993,0.3866666666666667,6.43,0,174
2026-08-27 01:42:08.033701,2,18.75,73.45,7.18,58.48,0.75,0.6433333333333332,7.18,1,174
2026-08-27 01:57:08.033701,2,18.725,73.5,7.89,55.73,0.71,0.6366666666666664,7.89,1,174
2026-08-27 02:12:08.033701,2,18.7,73.55,8.68,54.04,0.79,0.75,8.68,1,174
2026-08-27 02:27:08.033701,2,18.675,73.6,9.11,58.12,0.4299999999999997,0.6433333333333332,9.11,1,174
2026-08-27 02:42:08.033701,3,18.65,73.65,9.58,53.25,0.47000000000000064,0.5633333333333335,9.58,1,174
2026-08-27 02:57:08.033701,3,18.63013,73.68297,10.23,54.86,0.6500000000000004,0.5166666666666669,10.23,1,174
2026-08-27 03:12:08.033701,3,18.61027,73.71593,10.77,58.11,0.5399999999999991,0.5533333333333333,10.77,1,174
2026-08-27 03:27:08.033701,3,18.5904,73.7489,11.58,47.96,0.8100000000000005,0.6666666666666666,11.58,1,174
2026-08-27 03:42:08.033701,3,18.57053,73.78187,12.39,44.85,0.8100000000000005,0.7200000000000001,12.39,1,174
2026-08-27 03:57:08.033701,3,18.55067,73.81483,13.17,56.37,0.7799999999999994,0.8000000000000002,13.17,1,174
2026-08-26 22:12:08.036152,0,19.076,72.8777,4.84,53.97,0.0,0.0,4.84,0,175
2026-08-26 22:27:08.036152,0,19.06157,72.91767,4.91,46.07,0.07000000000000028,0.0,4.91,0,175
2026-08-26 22:42:08.036152,0,19.04713,72.95763,4.94,46.12,0.03000000000000025,0.0,4.94,0,175
2026-08-26 22:57:08.036152,0,19.0327,72.9976,4.83,55.51,-0.11000000000000032,-0.0033333333333332624,4.83,0,175
2026-08-26 23:12:08.036152,0,19.01827,73.03757,4.83,59.17,0.0,-0.02666666666666669,4.83,0,175
2026-08-26 23:27:08.036152,0,19.00383,73.07753,4.99,57.68,0.16000000000000014,0.016666666666666607,4.99,0,175
2026-08-26 23:42:08.036152,1,18.9894,73.1175,5.25,45.76,0.2599999999999998,0.13999999999999999,5.25,0,175
2026-08-26 23:57:08.036152,1,18.95783,73.15625,5.41,51.07,0.16000000000000014,0.19333333333333336,5.41,0,175
2026-08-27 00:12:08.036152,1,18.92627,73.195,5.69,50.8,0.28000000000000025,0.2333333333333334,5.69,0,175
2026-08-27 00:27:08.036152,1,18.8947,73.23375,5.97,56.95,0.27999999999999936,0.2399999999999999,5.97,0,175
2026-08-27 00:42:08.036152,1,18.86313,73.2725,6.14,58.53,0.16999999999999993,0.24333333333333318,6.14,0,175
2026-08-27 00:57:08.036152,1,18.83157,73.31125,6.33,54.21,0.1900000000000004,0.21333333333333324,6.33,0,175
2026-08-27 01:12:08.036152,2,18.8,73.35,6.54,59.19,0.20999999999999996,0.19000000000000009,6.54,0,175
2026-08-27 01:27:08.036152,2,18.775,73.4,6.84,54.78,0.2999999999999998,0.2333333333333334,6.84,0,175
2026-08-27 01:42:08.036152,2,18.75,73.45,7.15,51.2,0.3100000000000005,0.27333333333333343,7.15,0,175
2026-08-27 01:57:08.036152,2,18.725,73.5,7.41,49.6,0.2599999999999998,0.29000000000000004,7.41,0,175
2026-08-27 02:12:08.036152,2,18.7,73.55,7.66,42.64,0.25,0.27333333333333343,7.66,0,175
2026-08-27 02:27:08.036152,2,18.675,73.6,7.83,40.37,0.16999999999999993,0.22666666666666657,7.83,1,175
2026-08-27 02:42:08.036152,3,18.65,73.65,7.99,54.64,0.16000000000000014,0.19333333333333336,7.99,1,175
2026-08-27 02:57:08.036152,3,18.63013,73.68297,8.19,57.67,0.1999999999999993,0.17666666666666644,8.19,1,175
2026-08-27 03:12:08.036152,3,18.61027,73.71593,8.37,54.99,0.17999999999999972,0.17999999999999972,8.37,1,175
2026-08-27 03:27:08.036152,3,18.5904,73.7489,8.56,59.46,0.19000000000000128,0.19000000000000009,8.56,1,175
2026-08-27 03:42:08.036152,3,18.57053,73.78187,8.82,58.92,0.2599999999999998,0.21000000000000027,8.82,1,175
2026-08-27 03:57:08.036152,3,18.55067,73.81483,9.03,51.43,0.20999999999999908,0.22000000000000006,9.03,1,175
2026-08-26 22:12:08.039762,0,19.076,72.8777,5.11,56.57,0.0,0.0,5.11,0,176
2026-08-26 22:27:08.039762,0,19.06157,72.91767,5.27,56.73,0.15999999999999925,0.0,5.27,0,176
2026-08-26 22:42:08.039762,0,19.04713,72.95763,5.23,47.25,-0.03999999999999915,0.0,5.23,0,176
2026-08-26 22:57:08.039762,0,19.0327,72.9976,5.05,48.63,-0.1800000000000006,-0.020000000000000167,5.05,0,176
2026-08-26 23:12:08.039762,0,19.01827,73.03757,4.97,55.44,-0.08000000000000007,-0.09999999999999994,4.97,0,176
2026-08-26 23:27:08.039762,0,19.00383,73.07753,4.96,55.98,-0.009999999999999787,-0.09000000000000015,4.96,0,176
2026-08-26 23:42:08.039762,1,18.9894,73.1175,4.85,49.68,-0.11000000000000032,-0.06666666666666672,4.85,0,176
2026-08-26 23:57:08.039762,1,18.95783,73.15625,5.04,44.21,0.1900000000000004,0.023333333333333428,5.04,0,176
2026-08-27 00:12:08.039762,1,18.92627,73.195,5.21,55.28,0.16999999999999993,0.08333333333333333,5.21,0,176
2026-08-27 00:27:08.039762,1,18.8947,73.23375,5.22,40.63,0.009999999999999787,0.12333333333333336,5.22,0,176
2026-08-27 00:42:08.039762,1,18.86313,73.2725,5.17,44.45,-0.04999999999999982,0.0433333333333333,5.17,0,176
2026-08-27 00:57:08.039762,1,18.83157,73.31125,5.23,50.33,0.0600000000000005,0.006666666666666821,5.23,0,176
2026-08-27 01:12:08.039762,2,18.8,73.35,5.15,48.86,-0.08000000000000007,-0.023333333333333133,5.15,0,176
2026-08-27 01:27:08.039762,2,18.775,73.4,5.29,50.07,0.13999999999999968,0.040000000000000036,5.29,0,176
2026-08-27 01:42:08.039762,2,18.75,73.45,5.42,55.54,0.1299999999999999,0.06333333333333317,5.42,0,176
2026-08-27 01:57:08.039762,2,18.725,73.5,5.32,40.71,-0.09999999999999964,0.05666666666666664,5.32,0,176
2026-08-27 02:12:08.039762,2,18.7,73.55,5.3,51.42,-0.020000000000000462,0.0033333333333332624,5.3,0,176
2026-08-27 02:27:08.039762,2,18.675,73.6,5.23,50.65,-0.0699999999999994,-0.06333333333333317,5.23,0,176
2026-08-27 02:42:08.039762,3,18.65,73.65,5.13,49.17,-0.10000000000000053,-0.06333333333333346,5.13,0,176
2026-08-27 02:57:08.039762,3,18.63013,73.68297,5.14,48.35,0.009999999999999787,-0.05333333333333338,5.14,0,176
2026-08-27 03:12:08.039762,3,18.61027,73.71593,5.25,50.19,0.11000000000000032,0.006666666666666525,5.25,0,176
2026-08-27 03:27:08.039762,3,18.5904,73.7489,5.17,41.08,-0.08000000000000007,0.013333333333333345,5.17,0,176
2026-08-27 03:42:08.039762,3,18.57053,73.78187,5.26,41.32,0.08999999999999986,0.040000000000000036,5.26,0,176
2026-08-27 03:57:08.039762,3,18.55067,73.81483,5.21,56.12,-0.04999999999999982,-0.013333333333333345,5.21,0,176
2026-08-26 22:12:08.042891,0,19.076,72.8777,5.25,45.8,0.0,0.0,5.25,0,177
2026-08-26 22:27:08.042891,0,19.06157,72.91767,5.58,58.11,0.33000000000000007,0.0,5.58,0,177
2026-08-26 22:42:08.042891,0,19.04713,72.95763,5.85,40.2,0.2699999999999996,0.0,5.85,0,177
2026-08-26 22:57:08.042891,0,19.0327,72.9976,6.06,50.85,0.20999999999999996,0.26999999999999985,6.06,0,177
2026-08-26 23:12:08.042891,0,19.01827,73.03757,6.23,56.17,0.17000000000000082,0.21666666666666679,6.23,0,177
2026-08-26 23:27:08.042891,0,19.00383,73.07753,6.51,50.22,0.27999999999999936,0.22000000000000006,6.51,0,177
2026-08-26 23:42:08.042891,1,18.9894,73.1175,6.72,52.12,0.20999999999999996,0.22000000000000006,6.72,0,177
2026-08-26 23:57:08.042891,1,18.95783,73.15625,7.0,42.45,0.28000000000000025,0.25666666666666654,7.0,0,177
2026-08-27 00:12:08.042891,1,18.92627,73.195,7.29,59.29,0.29000000000000004,0.26000000000000006,7.29,0,177
2026-08-27 00:27:08.042891,1,18.8947,73.23375,7.5,50.66,0.20999999999999996,0.26000000000000006,7.5,1,177
2026-08-27 00:42:08.042891,1,18.86313,73.2725,7.8,56.2,0.2999999999999998,0.2666666666666666,7.8,1,177
2026-08-27 00:57:08.042891,1,18.83157,73.31125,8.06,55.4,0.2600000000000007,0.2566666666666668,8.06,1,177
2026-08-27 01:12:08.042891,2,18.8,73.35,8.33,52.78,0.2699999999999996,0.27666666666666667,8.33,1,177
2026-08-27 01:27:08.042891,2,18.775,73.4,8.62,50.8,0.28999999999999915,0.27333333333333315,8.62,1,177
2026-08-27 01:42:08.042891,2,18.75,73.45,8.84,52.22,0.22000000000000064,0.2599999999999998,8.84,1,177
2026-08-27 01:57:08.042891,2,18.725,73.5,9.07,53.39,0.23000000000000043,0.24666666666666673,9.07,1,177
2026-08-27 02:12:08.042891,2,18.7,73.55,9.33,56.6,0.2599999999999998,0.23666666666666694,9.33,1,177
2026-08-27 02:27:08.042891,2,18.675,73.6,9.6,53.98,0.2699999999999996,0.25333333333333324,9.6,1,177
2026-08-27 02:42:08.042891,3,18.65,73.65,9.82,57.84,0.22000000000000064,0.25,9.82,1,177
2026-08-27 02:57:08.042891,3,18.63013,73.68297,10.0,49.01,0.17999999999999972,0.2233333333333333,10.0,1,177
2026-08-27 03:12:08.042891,3,18.61027,73.71593,10.28,41.07,0.27999999999999936,0.22666666666666657,10.28,1,177
2026-08-27 03:27:08.042891,3,18.5904,73.7489,10.45,40.79,0.16999999999999993,0.20999999999999966,10.45,1,177
2026-08-27 03:42:08.042891,3,18.57053,73.78187,10.78,54.1,0.33000000000000007,0.2599999999999998,10.78,1,177
2026-08-27 03:57:08.042891,3,18.55067,73.81483,11.04,56.35,0.2599999999999998,0.25333333333333324,11.04,1,177
2026-08-26 22:12:08.045092,0,19.076,72.8777,4.8,51.53,0.0,0.0,4.8,0,178
2026-08-26 22:27:08.045092,0,19.06157,72.91767,4.72,50.08,-0.08000000000000007,0.0,4.72,0,178
2026-08-26 22:42:08.045092,0,19.04713,72.95763,4.82,59.58,0.10000000000000053,0.0,4.82,0,178
2026-08-26 22:57:08.045092,0,19.0327,72.9976,4.93,41.02,0.10999999999999943,0.0433333333333333,4.93,0,178
2026-08-26 23:12:08.045092,0,19.01827,73.03757,4.75,46.1,-0.17999999999999972,0.010000000000000083,4.75,0,178
2026-08-26 23:27:08.045092,0,19.00383,73.07753,4.84,48.26,0.08999999999999986,0.006666666666666525,4.84,0,178
2026-08-26 23:42:08.045092,1,18.9894,73.1175,5.51,58.37,0.6699999999999999,0.19333333333333336,5.51,0,178
2026-08-26 23:57:08.045092,1,18.95783,73.15625,6.3,56.89,0.79,0.5166666666666666,6.3,0,178
2026-08-27 00:12:08.045092,1,18.92627,73.195,7.0,49.02,0.7000000000000002,0.7200000000000001,7.0,1,178
2026-08-27 00:27:08.045092,1,18.8947,73.23375,7.75,46.69,0.75,0.7466666666666667,7.75,1,178
2026-08-27 00:42:08.045092,1,18.86313,73.2725,8.47,52.59,0.7200000000000006,0.7233333333333336,8.47,1,178
2026-08-27 00:57:08.045092,1,18.83157,73.31125,9.31,40.65,0.8399999999999999,0.7700000000000001,9.31,1,178
2026-08-27 01:12:08.045092,2,18.8,73.35,10.39,56.86,1.08,0.8800000000000002,10.39,1,178
2026-08-27 01:27:08.045092,2,18.775,73.4,11.12,45.49,0.7299999999999986,0.8833333333333329,11.12,1,178
2026-08-27 01:42:08.045092,2,18.75,73.45,12.18,54.15,1.0600000000000005,0.9566666666666664,12.18,1,178
2026-08-27 01:57:08.045092,2,18.725,73.5,13.24,48.93,1.0600000000000005,0.9499999999999998,13.24,1,178
2026-08-27 02:12:08.045092,2,18.7,73.55,14.07,57.63,0.8300000000000001,0.9833333333333337,14.07,1,178
2026-08-27 02:27:08.045092,2,18.675,73.6,15.0,47.48,0.9299999999999997,0.9400000000000001,15.0,1,178
2026-08-27 02:42:08.045092,3,18.65,73.65,15.78,56.62,0.7799999999999994,0.8466666666666663,15.78,1,178
2026-08-27 02:57:08.045092,3,18.63013,73.68297,16.48,40.8,0.7000000000000011,0.8033333333333333,16.48,1,178
2026-08-27 03:12:08.045092,3,18.61027,73.71593,17.66,55.73,1.1799999999999997,0.8866666666666667,17.66,1,178
2026-08-27 03:27:08.045092,3,18.5904,73.7489,18.8,51.94,1.1400000000000006,1.006666666666667,18.8,1,178
2026-08-27 03:42:08.045092,3,18.57053,73.78187,19.94,54.14,1.1400000000000006,1.1533333333333335,19.94,1,178
2026-08-27 03:57:08.045092,3,18.55067,73.81483,20.64,57.02,0.6999999999999993,0.9933333333333335,20.64,1,178
2026-08-26 22:12:08.047236,0,19.076,72.8777,4.95,54.42,0.0,0.0,4.95,0,179
2026-08-26 22:27:08.047236,0,19.06157,72.91767,4.79,47.39,-0.16000000000000014,0.0,4.79,0,179
2026-08-26 22:42:08.047236,0,19.04713,72.95763,4.7,45.21,-0.08999999999999986,0.0,4.7,0,179
2026-08-26 22:57:08.047236,0,19.0327,72.9976,4.79,49.91,0.08999999999999986,-0.05333333333333338,4.79,0,179
2026-08-26 23:12:08.047236,0,19.01827,73.03757,4.97,40.38,0.17999999999999972,0.05999999999999991,4.97,0,179
2026-08-26 23:27:08.047236,0,19.00383,73.07753,4.93,55.51,-0.040000000000000036,0.07666666666666651,4.93,0,179
2026-08-26 23:42:08.047236,1,18.9894,73.1175,4.98,41.67,0.05000000000000071,0.06333333333333346,4.98,0,179
2026-08-26 23:57:08.047236,1,18.95783,73.15625,4.82,57.52,-0.16000000000000014,-0.04999999999999982,4.82,0,179
2026-08-27 00:12:08.047236,1,18.92627,73.195,4.66,42.31,-0.16000000000000014,-0.08999999999999986,4.66,0,179
2026-08-27 00:27:08.047236,1,18.8947,73.23375,4.53,50.78,-0.1299999999999999,-0.15000000000000005,4.53,0,179
2026-08-27 00:42:08.047236,1,18.86313,73.2725,4.34,40.71,-0.1900000000000004,-0.16000000000000014,4.34,0,179
2026-08-27 00:57:08.047236,1,18.83157,73.31125,4.34,43.91,0.0,-0.10666666666666676,4.34,0,179
2026-08-27 01:12:08.047236,2,18.8,73.35,4.35,53.77,0.009999999999999787,-0.0600000000000002,4.35,0,179
2026-08-27 01:27:08.047236,2,18.775,73.4,4.29,51.71,-0.05999999999999961,-0.016666666666666607,4.29,0,179
2026-08-27 01:42:08.047236,2,18.75,73.45,4.21,46.19,-0.08000000000000007,-0.0433333333333333,4.21,0,179
2026-08-27 01:57:08.047236,2,18.725,73.5,4.07,48.21,-0.13999999999999968,-0.09333333333333312,4.07,0,179
2026-08-27 02:12:08.047236,2,18.7,73.55,3.94,49.0,-0.13000000000000034,-0.1166666666666667,3.94,0,179
2026-08-27 02:27:08.047236,2,18.675,73.6,4.13,42.51,0.18999999999999995,-0.02666666666666669,4.13,0,179
2026-08-27 02:42:08.047236,3,18.65,73.65,4.11,55.87,-0.019999999999999574,0.013333333333333345,4.11,0,179
2026-08-27 02:57:08.047236,3,18.63013,73.68297,4.22,53.24,0.10999999999999943,0.09333333333333327,4.22,0,179
2026-08-27 03:12:08.047236,3,18.61027,73.71593,4.16,42.8,-0.05999999999999961,0.010000000000000083,4.16,0,179
2026-08-27 03:27:08.047236,3,18.5904,73.7489,4.32,40.84,0.16000000000000014,0.06999999999999999,4.32,0,179
2026-08-27 03:42:08.047236,3,18.57053,73.78187,4.51,55.6,0.1899999999999995,0.09666666666666668,4.51,0,179
2026-08-27 03:57:08.047236,3,18.55067,73.81483,4.42,52.85,-0.08999999999999986,0.0866666666666666,4.42,0,179
2026-08-26 22:12:08.049394,0,19.076,72.8777,5.36,56.69,0.0,0.0,5.36,0,180
2026-08-26 22:27:08.049394,0,19.06157,72.91767,5.98,50.8,0.6200000000000001,0.0,5.98,0,180
2026-08-26 22:42:08.049394,0,19.04713,72.95763,6.46,55.2,0.47999999999999954,0.0,6.46,0,180
2026-08-26 22:57:08.049394,0,19.0327,72.9976,6.84,54.84,0.3799999999999999,0.4933333333333332,6.84,0,180
2026-08-26 23:12:08.049394,0,19.01827,73.03757,7.24,57.92,0.40000000000000036,0.41999999999999993,7.24,1,180
2026-08-26 23:27:08.049394,0,19.00383,73.07753,7.91,52.98,0.6699999999999999,0.4833333333333334,7.91,1,180
2026-08-26 23:42:08.049394,1,18.9894,73.1175,8.48,51.61,0.5700000000000003,0.5466666666666669,8.48,1,180
2026-08-26 23:57:08.049394,1,18.95783,73.15625,8.98,41.8,0.5,0.5800000000000001,8.98,1,180
2026-08-27 00:12:08.049394,1,18.92627,73.195,9.62,46.83,0.6399999999999988,0.5699999999999997,9.62,1,180
2026-08-27 00:27:08.049394,1,18.8947,73.23375,10.3,53.72,0.6800000000000015,0.6066666666666668,10.3,1,180
2026-08-27 00:42:08.049394,1,18.86313,73.2725,10.74,56.47,0.4399999999999995,0.5866666666666666,10.74,1,180
2026-08-27 00:57:08.049394,1,18.83157,73.31125,11.15,43.5,0.41000000000000014,0.5100000000000003,11.15,1,180
2026-08-27 01:12:08.049394,2,18.8,73.35,11.61,57.28,0.4599999999999991,0.43666666666666626,11.61,1,180
2026-08-27 01:27:08.049394,2,18.775,73.4,12.2,53.52,0.5899999999999999,0.48666666666666636,12.2,1,180
2026-08-27 01:42:08.049394,2,18.75,73.45,12.54,54.8,0.33999999999999986,0.46333333333333293,12.54,1,180
2026-08-27 01:57:08.049394,2,18.725,73.5,13.19,48.25,0.6500000000000004,0.5266666666666667,13.19,1,180
2026-08-27 02:12:08.049394,2,18.7,73.55,13.75,51.71,0.5600000000000005,0.5166666666666669,13.75,1,180
2026-08-27 02:27:08.049394,2,18.675,73.6,14.2,43.66,0.4499999999999993,0.5533333333333333,14.2,1,180
2026-08-27 02:42:08.049394,3,18.65,73.65,14.76,40.94,0.5600000000000005,0.5233333333333334,14.76,1,180
2026-08-27 02:57:08.049394,3,18.63013,73.68297,15.2,56.97,0.4399999999999995,0.4833333333333331,15.2,1,180
2026-08-27 03:12:08.049394,3,18.61027,73.71593,15.59,47.34,0.39000000000000057,0.46333333333333354,15.59,1,180
2026-08-27 03:27:08.049394,3,18.5904,73.7489,16.08,44.61,0.48999999999999844,0.4399999999999995,16.08,1,180
2026-08-27 03:42:08.049394,3,18.57053,73.78187,16.73,52.51,0.6500000000000021,0.5100000000000003,16.73,1,180
2026-08-27 03:57:08.049394,3,18.55067,73.81483,17.28,45.66,0.5500000000000007,0.5633333333333338,17.28,1,180
2026-08-26 22:12:08.051408,0,19.076,72.8777,4.85,45.22,0.0,0.0,4.85,0,181
2026-08-26 22:27:08.051408,0,19.06157,72.91767,4.74,50.31,-0.10999999999999943,0.0,4.74,0,181
2026-08-26 22:42:08.051408,0,19.04713,72.95763,4.8,41.27,0.05999999999999961,0.0,4.8,0,181
2026-08-26 22:57:08.051408,0,19.0327,72.9976,4.67,45.19,-0.1299999999999999,-0.05999999999999991,4.67,0,181
2026-08-26 23:12:08.051408,0,19.01827,73.03757,4.79,44.04,0.1200000000000001,0.016666666666666607,4.79,0,181
2026-08-26 23:27:08.051408,0,19.00383,73.07753,4.66,53.84,-0.1299999999999999,-0.04666666666666656,4.66,0,181
2026-08-26 23:42:08.051408,1,18.9894,73.1175,4.79,45.18,0.1299999999999999,0.040000000000000036,4.79,0,181
2026-08-26 23:57:08.051408,1,18.95783,73.15625,4.79,44.7,0.0,0.0,4.79,0,181
2026-08-27 00:12:08.051408,1,18.92627,73.195,4.7,42.81,-0.08999999999999986,0.013333333333333345,4.7,0,181
2026-08-27 00:27:08.051408,1,18.8947,73.23375,4.62,55.92,-0.08000000000000007,-0.05666666666666664,4.62,0,181
2026-08-27 00:42:08.051408,1,18.86313,73.2725,4.79,44.13,0.16999999999999993,0.0,4.79,0,181
2026-08-27 00:57:08.051408,1,18.83157,73.31125,4.8,44.99,0.009999999999999787,0.033333333333333215,4.8,0,181
2026-08-27 01:12:08.051408,2,18.8,73.35,4.74,44.81,-0.05999999999999961,0.040000000000000036,4.74,0,181
2026-08-27 01:27:08.051408,2,18.775,73.4,4.91,56.18,0.16999999999999993,0.040000000000000036,4.91,0,181
2026-08-27 01:42:08.051408,2,18.75,73.45,5.05,44.5,0.13999999999999968,0.08333333333333333,5.05,0,181
2026-08-27 01:57:08.051408,2,18.725,73.5,5.07,40.93,0.020000000000000462,0.11000000000000003,5.07,0,181
2026-08-27 02:12:08.051408,2,18.7,73.55,4.94,55.12,-0.1299999999999999,0.010000000000000083,4.94,0,181
2026-08-27 02:27:08.051408,2,18.675,73.6,4.98,46.05,0.040000000000000036,-0.023333333333333133,4.98,0,181
2026-08-27 02:42:08.051408,3,18.65,73.65,4.93,52.28,-0.05000000000000071,-0.046666666666666856,4.93,0,181
2026-08-27 02:57:08.051408,3,18.63013,73.68297,4.74,47.01,-0.1899999999999995,-0.06666666666666672,4.74,0,181
2026-08-27 03:12:08.051408,3,18.61027,73.71593,4.57,41.24,-0.16999999999999993,-0.13666666666666671,4.57,0,181
2026-08-27 03:27:08.051408,3,18.5904,73.7489,4.55,42.53,-0.020000000000000462,-0.12666666666666662,4.55,0,181
2026-08-27 03:42:08.051408,3,18.57053,73.78187,4.62,58.94,0.07000000000000028,-0.040000000000000036,4.62,0,181
2026-08-27 03:57:08.051408,3,18.55067,73.81483,4.61,41.51,-0.009999999999999787,0.013333333333333345,4.61,0,181
2026-08-26 22:12:08.053594,0,19.076,72.8777,5.72,54.95,0.0,0.0,5.72,0,182
2026-08-26 22:27:08.053594,0,19.06157,72.91767,6.46,40.23,0.7400000000000002,0.0,6.46,0,182
2026-08-26 22:42:08.053594,0,19.04713,72.95763,7.0,53.06,0.54,0.0,7.0,1,182
2026-08-26 22:57:08.053594,0,19.0327,72.9976,7.65,51.8,0.6500000000000004,0.6433333333333335,7.65,1,182
2026-08-26 23:12:08.053594,0,19.01827,73.03757,8.35,40.64,0.6999999999999993,0.6299999999999999,8.35,1,182
2026-08-26 23:27:08.053594,0,19.00383,73.07753,8.73,59.06,0.3800000000000008,0.5766666666666668,8.73,1,182
2026-08-26 23:42:08.053594,1,18.9894,73.1175,9.4,57.16,0.6699999999999999,0.5833333333333334,9.4,1,182
2026-08-26 23:57:08.053594,1,18.95783,73.15625,9.98,58.2,0.5800000000000001,0.5433333333333336,9.98,1,182
2026-08-27 00:12:08.053594,1,18.92627,73.195,10.46,58.72,0.4800000000000004,0.5766666666666668,10.46,1,182
2026-08-27 00:27:08.053594,1,18.8947,73.23375,11.19,57.37,0.7299999999999986,0.5966666666666663,11.19,1,182
2026-08-27 00:42:08.053594,1,18.86313,73.2725,11.72,59.52,0.5300000000000011,0.5800000000000001,11.72,1,182
2026-08-27 00:57:08.053594,1,18.83157,73.31125,12.23,58.49,0.5099999999999998,0.5899999999999999,12.23,1,182
2026-08-27 01:12:08.053594,2,18.8,73.35,12.73,45.45,0.5,0.5133333333333336,12.73,1,182
2026-08-27 01:27:08.053594,2,18.775,73.4,13.12,59.77,0.3899999999999988,0.4666666666666662,13.12,1,182
2026-08-27 01:42:08.053594,2,18.75,73.45,13.72,48.34,0.6000000000000014,0.49666666666666676,13.72,1,182
2026-08-27 01:57:08.053594,2,18.725,73.5,14.41,42.53,0.6899999999999995,0.5599999999999999,14.41,1,182
2026-08-27 02:12:08.053594,2,18.7,73.55,14.93,47.7,0.5199999999999996,0.6033333333333335,14.93,1,182
2026-08-27 02:27:08.053594,2,18.675,73.6,15.37,54.36,0.4399999999999995,0.5499999999999995,15.37,1,182
2026-08-27 02:42:08.053594,3,18.65,73.65,16.01,49.08,0.6400000000000023,0.5333333333333338,16.01,1,182
2026-08-27 02:57:08.053594,3,18.63013,73.68297,16.47,44.55,0.4599999999999973,0.5133333333333331,16.47,1,182
2026-08-27 03:12:08.053594,3,18.61027,73.71593,17.11,52.41,0.6400000000000006,0.5800000000000001,17.11,1,182
2026-08-27 03:27:08.053594,3,18.5904,73.7489,17.62,59.53,0.5100000000000016,0.5366666666666665,17.62,1,182
2026-08-27 03:42:08.053594,3,18.57053,73.78187,18.14,52.55,0.5199999999999996,0.5566666666666672,18.14,1,182
2026-08-27 03:57:08.053594,3,18.55067,73.81483,18.53,42.43,0.39000000000000057,0.4733333333333339,18.53,1,182
2026-08-26 22:12:08.055971,0,19.076,72.8777,4.9,56.99,0.0,0.0,4.9,0,183
2026-08-26 22:27:08.055971,0,19.06157,72.91767,4.78,49.78,-0.1200000000000001,0.0,4.78,0,183
2026-08-26 22:42:08.055971,0,19.04713,72.95763,4.73,53.99,-0.04999999999999982,0.0,4.73,0,183
2026-08-26 22:57:08.055971,0,19.0327,72.9976,4.66,57.73,-0.07000000000000028,-0.08000000000000007,4.66,0,183
2026-08-26 23:12:08.055971,0,19.01827,73.03757,4.53,58.82,-0.1299999999999999,-0.08333333333333333,4.53,0,183
2026-08-26 23:27:08.055971,0,19.00383,73.07753,4.49,49.3,-0.040000000000000036,-0.08000000000000007,4.49,0,183
2026-08-26 23:42:08.055971,1,18.9894,73.1175,4.67,53.3,0.17999999999999972,0.0033333333333332624,4.67,0,183
2026-08-26 23:57:08.055971,1,18.95783,73.15625,4.69,55.6,0.020000000000000462,0.05333333333333338,4.69,0,183
2026-08-27 00:12:08.055971,1,18.92627,73.195,4.62,58.65,-0.07000000000000028,0.0433333333333333,4.62,0,183
2026-08-27 00:27:08.055971,1,18.8947,73.23375,4.6,46.94,-0.020000000000000462,-0.023333333333333428,4.6,0,183
2026-08-27 00:42:08.055971,1,18.86313,73.2725,4.75,46.0,0.15000000000000036,0.01999999999999987,4.75,0,183
2026-08-27 00:57:08.055971,1,18.83157,73.31125,4.69,56.95,-0.05999999999999961,0.023333333333333428,4.69,0,183
2026-08-27 01:12:08.055971,2,18.8,73.35,4.89,43.19,0.1999999999999993,0.09666666666666668,4.89,0,183
2026-08-27 01:27:08.055971,2,18.775,73.4,4.97,58.58,0.08000000000000007,0.07333333333333325,4.97,0,183
2026-08-27 01:42:08.055971,2,18.75,73.45,4.99,44.21,0.020000000000000462,0.09999999999999994,4.99,0,183
2026-08-27 01:57:08.055971,2,18.725,73.5,5.04,44.18,0.04999999999999982,0.05000000000000012,5.04,0,183
2026-08-27 02:12:08.055971,2,18.7,73.55,5.17,43.53,0.1299999999999999,0.06666666666666672,5.17,0,183
2026-08-27 02:27:08.055971,2,18.675,73.6,5.35,51.14,0.17999999999999972,0.11999999999999982,5.35,0,183
2026-08-27 02:42:08.055971,3,18.65,73.65,5.76,47.36,0.41000000000000014,0.2399999999999999,5.76,0,183
2026-08-27 02:57:08.055971,3,18.63013,73.68297,6.03,41.86,0.27000000000000046,0.2866666666666668,6.03,0,183
2026-08-27 03:12:08.055971,3,18.61027,73.71593,6.37,40.33,0.33999999999999986,0.34000000000000014,6.37,0,183
2026-08-27 03:27:08.055971,3,18.5904,73.7489,6.74,42.2,0.3700000000000001,0.3266666666666668,6.74,0,183
2026-08-27 03:42:08.055971,3,18.57053,73.78187,7.02,58.7,0.27999999999999936,0.3299999999999998,7.02,0,183
2026-08-27 03:57:08.055971,3,18.55067,73.81483,7.46,45.58,0.4400000000000004,0.3633333333333333,7.46,0,183
2026-08-26 22:12:08.059586,0,19.076,72.8777,4.98,56.27,0.0,0.0,4.98,0,184
2026-08-26 22:27:08.059586,0,19.06157,72.91767,5.0,46.71,0.019999999999999574,0.0,5.0,0,184
2026-08-26 22:42:08.059586,0,19.04713,72.95763,5.14,45.81,0.13999999999999968,0.0,5.14,0,184
2026-08-26 22:57:08.059586,0,19.0327,72.9976,5.32,48.94,0.1800000000000006,0.11333333333333329,5.32,0,184
2026-08-26 23:12:08.059586,0,19.01827,73.03757,5.2,42.7,-0.1200000000000001,0.06666666666666672,5.2,0,184
2026-08-26 23:27:08.059586,0,19.00383,73.07753,5.14,47.41,-0.0600000000000005,0.0,5.14,0,184
2026-08-26 23:42:08.059586,1,18.9894,73.1175,5.06,46.2,-0.08000000000000007,-0.08666666666666689,5.06,0,184
2026-08-26 23:57:08.059586,1,18.95783,73.15625,5.06,47.74,0.0,-0.046666666666666856,5.06,0,184
2026-08-27 00:12:08.059586,1,18.92627,73.195,4.93,43.72,-0.1299999999999999,-0.06999999999999999,4.93,0,184
2026-08-27 00:27:08.059586,1,18.8947,73.23375,4.79,51.28,-0.13999999999999968,-0.08999999999999986,4.79,0,184
2026-08-27 00:42:08.059586,1,18.86313,73.2725,4.93,40.4,0.13999999999999968,-0.0433333333333333,4.93,0,184
2026-08-27 00:57:08.059586,1,18.83157,73.31125,4.78,57.36,-0.14999999999999947,-0.04999999999999982,4.78,0,184
2026-08-27 01:12:08.059586,2,18.8,73.35,4.76,46.91,-0.020000000000000462,-0.010000000000000083,4.76,0,184
2026-08-27 01:27:08.059586,2,18.775,73.4,4.86,56.23,0.10000000000000053,-0.023333333333333133,4.86,0,184
2026-08-27 01:42:08.059586,2,18.75,73.45,5.05,52.71,0.1899999999999995,0.08999999999999986,5.05,0,184
2026-08-27 01:57:08.059586,2,18.725,73.5,4.95,55.89,-0.09999999999999964,0.06333333333333346,4.95,0,184
2026-08-27 02:12:08.059586,2,18.7,73.55,4.83,42.99,-0.1200000000000001,-0.010000000000000083,4.83,0,184
2026-08-27 02:27:08.059586,2,18.675,73.6,5.0,48.34,0.16999999999999993,-0.016666666666666607,5.0,0,184
2026-08-27 02:42:08.059586,3,18.65,73.65,5.08,45.45,0.08000000000000007,0.0433333333333333,5.08,0,184
2026-08-27 02:57:08.059586,3,18.63013,73.68297,5.08,57.72,0.0,0.08333333333333333,5.08,0,184
2026-08-27 03:12:08.059586,3,18.61027,73.71593,4.93,54.2,-0.15000000000000036,-0.023333333333333428,4.93,0,184
2026-08-27 03:27:08.059586,3,18.5904,73.7489,5.06,41.11,0.1299999999999999,-0.006666666666666821,5.06,0,184
2026-08-27 03:42:08.059586,3,18.57053,73.78187,5.23,42.9,0.17000000000000082,0.05000000000000012,5.23,0,184
2026-08-27 03:57:08.059586,3,18.55067,73.81483,5.08,48.41,-0.15000000000000036,0.05000000000000012,5.08,0,184
2026-08-26 22:12:08.062007,0,19.076,72.8777,5.16,47.28,0.0,0.0,5.16,0,185
2026-08-26 22:27:08.062007,0,19.06157,72.91767,5.24,58.25,0.08000000000000007,0.0,5.24,0,185
2026-08-26 22:42:08.062007,0,19.04713,72.95763,5.07,44.43,-0.16999999999999993,0.0,5.07,0,185
2026-08-26 22:57:08.062007,0,19.0327,72.9976,5.15,48.07,0.08000000000000007,-0.0033333333333332624,5.15,0,185
2026-08-26 23:12:08.062007,0,19.01827,73.03757,5.03,57.9,-0.1200000000000001,-0.06999999999999999,5.03,0,185
2026-08-26 23:27:08.062007,0,19.00383,73.07753,5.14,50.28,0.10999999999999943,0.023333333333333133,5.14,0,185
2026-08-26 23:42:08.062007,1,18.9894,73.1175,4.99,42.06,-0.14999999999999947,-0.05333333333333338,4.99,0,185
2026-08-26 23:57:08.062007,1,18.95783,73.15625,5.08,56.52,0.08999999999999986,0.016666666666666607,5.08,0,185
2026-08-27 00:12:08.062007,1,18.92627,73.195,5.12,45.55,0.040000000000000036,-0.006666666666666525,5.12,0,185
2026-08-27 00:27:08.062007,1,18.8947,73.23375,5.06,53.17,-0.0600000000000005,0.023333333333333133,5.06,0,185
2026-08-27 00:42:08.062007,1,18.86313,73.2725,5.24,56.46,0.1800000000000006,0.05333333333333338,5.24,0,185
2026-08-27 00:57:08.062007,1,18.83157,73.31125,5.36,51.71,0.1200000000000001,0.08000000000000007,5.36,0,185
2026-08-27 01:12:08.062007,2,18.8,73.35,5.55,51.9,0.1899999999999995,0.1633333333333334,5.55,0,185
2026-08-27 01:27:08.062007,2,18.775,73.4,5.54,49.42,-0.009999999999999787,0.09999999999999994,5.54,0,185
2026-08-27 01:42:08.062007,2,18.75,73.45,5.69,41.93,0.15000000000000036,0.11000000000000003,5.69,0,185
2026-08-27 01:57:08.062007,2,18.725,73.5,5.81,53.76,0.11999999999999922,0.0866666666666666,5.81,0,185
2026-08-27 02:12:08.062007,2,18.7,73.55,5.93,42.54,0.1200000000000001,0.1299999999999999,5.93,0,185
2026-08-27 02:27:08.062007,2,18.675,73.6,5.75,48.66,-0.17999999999999972,0.01999999999999987,5.75,0,185
2026-08-27 02:42:08.062007,3,18.65,73.65,5.89,56.39,0.13999999999999968,0.02666666666666669,5.89,0,185
2026-08-27 02:57:08.062007,3,18.63013,73.68297,5.73,52.51,-0.15999999999999925,-0.06666666666666643,5.73,0,185
2026-08-27 03:12:08.062007,3,18.61027,73.71593,5.85,54.44,0.11999999999999922,0.033333333333333215,5.85,0,185
2026-08-27 03:27:08.062007,3,18.5904,73.7489,5.93,47.67,0.08000000000000007,0.013333333333333345,5.93,0,185
2026-08-27 03:42:08.062007,3,18.57053,73.78187,6.09,50.01,0.16000000000000014,0.11999999999999982,6.09,0,185
2026-08-27 03:57:08.062007,3,18.55067,73.81483,6.27,58.18,0.17999999999999972,0.13999999999999999,6.27,0,185
2026-08-26 22:12:08.064312,0,19.076,72.8777,5.01,40.08,0.0,0.0,5.01,0,186
2026-08-26 22:27:08.064312,0,19.06157,72.91767,5.18,52.21,0.16999999999999993,0.0,5.18,0,186
2026-08-26 22:42:08.064312,0,19.04713,72.95763,5.03,56.0,-0.14999999999999947,0.0,5.03,0,186
2026-08-26 22:57:08.064312,0,19.0327,72.9976,5.02,58.66,-0.010000000000000675,0.0033333333333332624,5.02,0,186
2026-08-26 23:12:08.064312,0,19.01827,73.03757,4.91,40.62,-0.10999999999999943,-0.08999999999999986,4.91,0,186
2026-08-26 23:27:08.064312,0,19.00383,73.07753,4.99,58.78,0.08000000000000007,-0.013333333333333345,4.99,0,186
2026-08-26 23:42:08.064312,1,18.9894,73.1175,5.1,44.69,0.10999999999999943,0.02666666666666669,5.1,0,186
2026-08-26 23:57:08.064312,1,18.95783,73.15625,5.24,57.72,0.14000000000000057,0.11000000000000003,5.24,0,186
2026-08-27 00:12:08.064312,1,18.92627,73.195,5.41,50.71,0.16999999999999993,0.13999999999999999,5.41,0,186
2026-08-27 00:27:08.064312,1,18.8947,73.23375,5.49,42.46,0.08000000000000007,0.1300000000000002,5.49,0,186
2026-08-27 00:42:08.064312,1,18.86313,73.2725,5.52,56.66,0.02999999999999936,0.09333333333333312,5.52,0,186
2026-08-27 00:57:08.064312,1,18.83157,73.31125,5.49,51.66,-0.02999999999999936,0.02666666666666669,5.49,0,186
2026-08-27 01:12:08.064312,2,18.8,73.35,5.5,40.4,0.009999999999999787,0.0033333333333332624,5.5,0,186
2026-08-27 01:27:08.064312,2,18.775,73.4,5.33,50.77,-0.16999999999999993,-0.06333333333333317,5.33,0,186
2026-08-27 01:42:08.064312,2,18.75,73.45,5.22,49.53,-0.11000000000000032,-0.09000000000000015,5.22,0,186
2026-08-27 01:57:08.064312,2,18.725,73.5,5.16,47.51,-0.05999999999999961,-0.11333333333333329,5.16,0,186
2026-08-27 02:12:08.064312,2,18.7,73.55,4.98,51.25,-0.17999999999999972,-0.11666666666666654,4.98,0,186
2026-08-27 02:27:08.064312,2,18.675,73.6,5.06,46.0,0.07999999999999918,-0.05333333333333338,5.06,0,186
2026-08-27 02:42:08.064312,3,18.65,73.65,4.94,48.02,-0.11999999999999922,-0.07333333333333325,4.94,0,186
2026-08-27 02:57:08.064312,3,18.63013,73.68297,4.99,49.43,0.04999999999999982,0.0033333333333332624,4.99,0,186
2026-08-27 03:12:08.064312,3,18.61027,73.71593,4.85,46.33,-0.14000000000000057,-0.06999999999999999,4.85,0,186
2026-08-27 03:27:08.064312,3,18.5904,73.7489,5.02,44.3,0.16999999999999993,0.026666666666666394,5.02,0,186
2026-08-27 03:42:08.064312,3,18.57053,73.78187,4.95,52.1,-0.0699999999999994,-0.013333333333333345,4.95,0,186
2026-08-27 03:57:08.064312,3,18.55067,73.81483,4.75,43.02,-0.20000000000000018,-0.033333333333333215,4.75,0,186
2026-08-26 22:12:08.066353,0,19.076,72.8777,4.88,55.44,0.0,0.0,4.88,0,187
2026-08-26 22:27:08.066353,0,19.06157,72.91767,4.98,53.22,0.10000000000000053,0.0,4.98,0,187
2026-08-26 22:42:08.066353,0,19.04713,72.95763,4.89,52.92,-0.09000000000000075,0.0,4.89,0,187
2026-08-26 22:57:08.066353,0,19.0327,72.9976,4.96,46.89,0.07000000000000028,0.02666666666666669,4.96,0,187
2026-08-26 23:12:08.066353,0,19.01827,73.03757,4.98,42.52,0.020000000000000462,0.0,4.98,0,187
2026-08-26 23:27:08.066353,0,19.00383,73.07753,4.81,42.44,-0.17000000000000082,-0.02666666666666669,4.81,0,187
2026-08-26 23:42:08.066353,1,18.9894,73.1175,4.65,55.06,-0.15999999999999925,-0.10333333333333321,4.65,0,187
2026-08-26 23:57:08.066353,1,18.95783,73.15625,4.69,54.7,0.040000000000000036,-0.09666666666666668,4.69,0,187
2026-08-27 00:12:08.066353,1,18.92627,73.195,4.88,54.68,0.1899999999999995,0.023333333333333428,4.88,0,187
2026-08-27 00:27:08.066353,1,18.8947,73.23375,4.94,54.93,0.0600000000000005,0.09666666666666668,4.94,0,187
2026-08-27 00:42:08.066353,1,18.86313,73.2725,4.92,55.55,-0.020000000000000462,0.07666666666666651,4.92,0,187
2026-08-27 00:57:08.066353,1,18.83157,73.31125,5.08,56.07,0.16000000000000014,0.06666666666666672,5.08,0,187
2026-08-27 01:12:08.066353,2,18.8,73.35,5.25,40.01,0.16999999999999993,0.10333333333333321,5.25,0,187
2026-08-27 01:27:08.066353,2,18.775,73.4,5.07,51.99,-0.17999999999999972,0.05000000000000012,5.07,0,187
2026-08-27 01:42:08.066353,2,18.75,73.45,5.25,42.83,0.17999999999999972,0.05666666666666664,5.25,0,187
2026-08-27 01:57:08.066353,2,18.725,73.5,5.1,51.27,-0.15000000000000036,-0.05000000000000012,5.1,0,187
2026-08-27 02:12:08.066353,2,18.7,73.55,5.3,59.94,0.20000000000000018,0.07666666666666651,5.3,0,187
2026-08-27 02:27:08.066353,2,18.675,73.6,5.23,51.16,-0.0699999999999994,-0.006666666666666525,5.23,0,187
2026-08-27 02:42:08.066353,3,18.65,73.65,5.52,56.71,0.28999999999999915,0.13999999999999999,5.52,0,187
2026-08-27 02:57:08.066353,3,18.63013,73.68297,5.96,46.26,0.4400000000000004,0.22000000000000006,5.96,0,187
2026-08-27 03:12:08.066353,3,18.61027,73.71593,6.3,51.48,0.33999999999999986,0.35666666666666647,6.3,0,187
2026-08-27 03:27:08.066353,3,18.5904,73.7489,6.71,55.54,0.41000000000000014,0.3966666666666668,6.71,0,187
2026-08-27 03:42:08.066353,3,18.57053,73.78187,7.18,48.63,0.46999999999999975,0.40666666666666657,7.18,0,187
2026-08-27 03:57:08.066353,3,18.55067,73.81483,7.5,53.76,0.3200000000000003,0.4000000000000001,7.5,0,187
2026-08-26 22:12:08.068303,0,19.076,72.8777,6.18,41.27,0.0,0.0,6.18,1,188
2026-08-26 22:27:08.068303,0,19.06157,72.91767,7.43,57.27,1.25,0.0,7.43,1,188
2026-08-26 22:42:08.068303,0,19.04713,72.95763,8.34,57.09,0.9100000000000001,0.0,8.34,1,188
2026-08-26 22:57:08.068303,0,19.0327,72.9976,9.15,54.57,0.8100000000000005,0.9900000000000002,9.15,1,188
2026-08-26 23:12:08.068303,0,19.01827,73.03757,10.25,42.85,1.0999999999999996,0.9400000000000001,10.25,1,188
2026-08-26 23:27:08.068303,0,19.00383,73.07753,11.5,43.27,1.25,1.0533333333333335,11.5,1,188
2026-08-26 23:42:08.068303,1,18.9894,73.1175,12.73,49.69,1.2300000000000004,1.1933333333333334,12.73,1,188
2026-08-26 23:57:08.068303,1,18.95783,73.15625,13.9,47.67,1.17,1.2166666666666668,13.9,1,188
2026-08-27 00:12:08.068303,1,18.92627,73.195,14.97,43.13,1.0700000000000003,1.156666666666667,14.97,1,188
2026-08-27 00:27:08.068303,1,18.8947,73.23375,15.72,45.26,0.75,0.9966666666666667,15.72,1,188
2026-08-27 00:42:08.068303,1,18.86313,73.2725,17.09,53.19,1.3699999999999992,1.0633333333333332,17.09,1,188
2026-08-27 00:57:08.068303,1,18.83157,73.31125,18.05,59.67,0.9600000000000009,1.0266666666666666,18.05,1,188
2026-08-27 01:12:08.068303,2,18.8,73.35,19.42,42.18,1.370000000000001,1.2333333333333336,19.42,1,188
2026-08-27 01:27:08.068303,2,18.775,73.4,20.65,58.77,1.2299999999999969,1.1866666666666663,20.65,1,188
2026-08-27 01:42:08.068303,2,18.75,73.45,22.03,47.97,1.3800000000000026,1.3266666666666669,22.03,1,188
2026-08-27 01:57:08.068303,2,18.725,73.5,23.37,45.43,1.3399999999999999,1.3166666666666664,23.37,1,188
2026-08-27 02:12:08.068303,2,18.7,73.55,24.58,41.13,1.2099999999999973,1.3099999999999998,24.58,1,188
2026-08-27 02:27:08.068303,2,18.675,73.6,25.41,47.07,0.8300000000000018,1.1266666666666663,25.41,1,188
2026-08-27 02:42:08.068303,3,18.65,73.65,26.55,58.41,1.1400000000000006,1.0599999999999998,26.55,1,188
2026-08-27 02:57:08.068303,3,18.63013,73.68297,27.71,51.74,1.1600000000000001,1.0433333333333341,27.71,1,188
2026-08-27 03:12:08.068303,3,18.61027,73.71593,29.1,50.36,1.3900000000000006,1.2300000000000004,29.1,1,188
2026-08-27 03:27:08.068303,3,18.5904,73.7489,30.43,47.4,1.3299999999999983,1.293333333333333,30.43,1,188
2026-08-27 03:42:08.068303,3,18.57053,73.78187,31.28,50.3,0.8500000000000014,1.1900000000000002,31.28,1,188
2026-08-27 03:57:08.068303,3,18.55067,73.81483,32.3,57.64,1.019999999999996,1.0666666666666653,32.3,1,188
2026-08-26 22:12:08.070292,0,19.076,72.8777,5.11,40.98,0.0,0.0,5.11,0,189
2026-08-26 22:27:08.070292,0,19.06157,72.91767,5.15,47.85,0.040000000000000036,0.0,5.15,0,189
2026-08-26 22:42:08.070292,0,19.04713,72.95763,5.06,49.24,-0.09000000000000075,0.0,5.06,0,189
2026-08-26 22:57:08.070292,0,19.0327,72.9976,4.92,58.4,-0.13999999999999968,-0.06333333333333346,4.92,0,189
2026-08-26 23:12:08.070292,0,19.01827,73.03757,4.97,44.77,0.04999999999999982,-0.0600000000000002,4.97,0,189
2026-08-26 23:27:08.070292,0,19.00383,73.07753,5.07,55.19,0.10000000000000053,0.003333333333333558,5.07,0,189
2026-08-26 23:42:08.070292,1,18.9894,73.1175,5.06,41.6,-0.010000000000000675,0.04666666666666656,5.06,0,189
2026-08-26 23:57:08.070292,1,18.95783,73.15625,5.08,58.72,0.020000000000000462,0.03666666666666677,5.08,0,189
2026-08-27 00:12:08.070292,1,18.92627,73.195,5.08,56.66,0.0,0.0033333333333332624,5.08,0,189
2026-08-27 00:27:08.070292,1,18.8947,73.23375,5.22,48.83,0.13999999999999968,0.05333333333333338,5.22,0,189
2026-08-27 00:42:08.070292,1,18.86313,73.2725,5.12,42.12,-0.09999999999999964,0.013333333333333345,5.12,0,189
2026-08-27 00:57:08.070292,1,18.83157,73.31125,4.92,50.61,-0.20000000000000018,-0.05333333333333338,4.92,0,189
2026-08-27 01:12:08.070292,2,18.8,73.35,5.69,48.25,0.7700000000000005,0.15666666666666687,5.69,0,189
2026-08-27 01:27:08.070292,2,18.775,73.4,6.19,58.2,0.5,0.35666666666666674,6.19,0,189
2026-08-27 01:42:08.070292,2,18.75,73.45,6.71,49.62,0.5199999999999996,0.5966666666666667,6.71,0,189
2026-08-27 01:57:08.070292,2,18.725,73.5,7.15,44.92,0.4400000000000004,0.48666666666666664,7.15,1,189
2026-08-27 02:12:08.070292,2,18.7,73.55,7.66,41.21,0.5099999999999998,0.48999999999999994,7.66,1,189
2026-08-27 02:27:08.070292,2,18.675,73.6,8.35,54.33,0.6899999999999995,0.5466666666666665,8.35,1,189
2026-08-27 02:42:08.070292,3,18.65,73.65,8.93,46.44,0.5800000000000001,0.5933333333333332,8.93,1,189
2026-08-27 02:57:08.070292,3,18.63013,73.68297,9.4,48.61,0.47000000000000064,0.5800000000000001,9.4,1,189
2026-08-27 03:12:08.070292,3,18.61027,73.71593,9.98,47.76,0.5800000000000001,0.5433333333333336,9.98,1,189
2026-08-27 03:27:08.070292,3,18.5904,73.7489,10.77,42.1,0.7899999999999991,0.6133333333333333,10.77,1,189
2026-08-27 03:42:08.070292,3,18.57053,73.78187,11.44,53.17,0.6699999999999999,0.6799999999999997,11.44,1,189
2026-08-27 03:57:08.070292,3,18.55067,73.81483,11.97,41.07,0.5300000000000011,0.6633333333333334,11.97,1,189
2026-08-26 22:12:08.072218,0,19.076,72.8777,5.07,57.64,0.0,0.0,5.07,0,190
2026-08-26 22:27:08.072218,0,19.06157,72.91767,5.2,48.91,0.1299999999999999,0.0,5.2,0,190
2026-08-26 22:42:08.072218,0,19.04713,72.95763,5.17,55.32,-0.03000000000000025,0.0,5.17,0,190
2026-08-26 22:57:08.072218,0,19.0327,72.9976,5.28,48.7,0.11000000000000032,0.06999999999999999,5.28,0,190
2026-08-26 23:12:08.072218,0,19.01827,73.03757,5.43,46.08,0.14999999999999947,0.07666666666666651,5.43,0,190
2026-08-26 23:27:08.072218,0,19.00383,73.07753,5.55,55.2,0.1200000000000001,0.12666666666666662,5.55,0,190
2026-08-26 23:42:08.072218,1,18.9894,73.1175,5.46,58.04,-0.08999999999999986,0.05999999999999991,5.46,0,190
2026-08-26 23:57:08.072218,1,18.95783,73.15625,5.48,54.46,0.020000000000000462,0.016666666666666902,5.48,0,190
2026-08-27 00:12:08.072218,1,18.92627,73.195,5.32,40.99,-0.16000000000000014,-0.07666666666666651,5.32,0,190
2026-08-27 00:27:08.072218,1,18.8947,73.23375,5.28,40.65,-0.040000000000000036,-0.05999999999999991,5.28,0,190
2026-08-27 00:42:08.072218,1,18.86313,73.2725,5.21,42.94,-0.07000000000000028,-0.09000000000000015,5.21,0,190
2026-08-27 00:57:08.072218,1,18.83157,73.31125,5.34,44.67,0.1299999999999999,0.006666666666666525,5.34,0,190
2026-08-27 01:12:08.072218,2,18.8,73.35,5.3,50.65,-0.040000000000000036,0.006666666666666525,5.3,0,190
2026-08-27 01:27:08.072218,2,18.775,73.4,5.44,46.23,0.14000000000000057,0.07666666666666681,5.44,0,190
2026-08-27 01:42:08.072218,2,18.75,73.45,5.45,50.59,0.009999999999999787,0.03666666666666677,5.45,0,190
2026-08-27 01:57:08.072218,2,18.725,73.5,5.55,53.77,0.09999999999999964,0.08333333333333333,5.55,0,190
2026-08-27 02:12:08.072218,2,18.7,73.55,5.52,54.84,-0.03000000000000025,0.026666666666666394,5.52,0,190
2026-08-27 02:27:08.072218,2,18.675,73.6,5.41,48.89,-0.10999999999999943,-0.013333333333333345,5.41,0,190
2026-08-27 02:42:08.072218,3,18.65,73.65,5.49,50.15,0.08000000000000007,-0.01999999999999987,5.49,0,190
2026-08-27 02:57:08.072218,3,18.63013,73.68297,5.33,45.72,-0.16000000000000014,-0.06333333333333317,5.33,0,190
2026-08-27 03:12:08.072218,3,18.61027,73.71593,5.49,52.71,0.16000000000000014,0.02666666666666669,5.49,0,190
2026-08-27 03:27:08.072218,3,18.5904,73.7489,5.47,57.24,-0.020000000000000462,-0.006666666666666821,5.47,0,190
2026-08-27 03:42:08.072218,3,18.57053,73.78187,5.28,43.24,-0.1899999999999995,-0.016666666666666607,5.28,0,190
2026-08-27 03:57:08.072218,3,18.55067,73.81483,5.16,46.85,-0.1200000000000001,-0.11000000000000003,5.16,0,190
2026-08-26 22:12:08.074316,0,19.076,72.8777,4.94,49.82,0.0,0.0,4.94,0,191
2026-08-26 22:27:08.074316,0,19.06157,72.91767,5.1,57.3,0.15999999999999925,0.0,5.1,0,191
2026-08-26 22:42:08.074316,0,19.04713,72.95763,4.96,58.39,-0.13999999999999968,0.0,4.96,0,191
2026-08-26 22:57:08.074316,0,19.0327,72.9976,4.89,53.91,-0.07000000000000028,-0.016666666666666902,4.89,0,191
2026-08-26 23:12:08.074316,0,19.01827,73.03757,4.75,45.16,-0.13999999999999968,-0.11666666666666654,4.75,0,191
2026-08-26 23:27:08.074316,0,19.00383,73.07753,4.65,48.21,-0.09999999999999964,-0.10333333333333321,4.65,0,191
2026-08-26 23:42:08.074316,1,18.9894,73.1175,5.56,57.55,0.9099999999999993,0.2233333333333333,5.56,0,191
2026-08-26 23:57:08.074316,1,18.95783,73.15625,6.77,45.8,1.21,0.6733333333333332,6.77,1,191
2026-08-27 00:12:08.074316,1,18.92627,73.195,7.99,54.53,1.2200000000000006,1.1133333333333333,7.99,1,191
2026-08-27 00:27:08.074316,1,18.8947,73.23375,8.84,45.33,0.8499999999999996,1.0933333333333335,8.84,1,191
2026-08-27 00:42:08.074316,1,18.86313,73.2725,10.18,59.58,1.3399999999999999,1.1366666666666667,10.18,1,191
2026-08-27 00:57:08.074316,1,18.83157,73.31125,11.53,41.64,1.3499999999999996,1.1799999999999997,11.53,1,191
2026-08-27 01:12:08.074316,2,18.8,73.35,12.42,42.96,0.8900000000000006,1.1933333333333334,12.42,1,191
2026-08-27 01:27:08.074316,2,18.775,73.4,13.29,45.46,0.8699999999999992,1.0366666666666664,13.29,1,191
2026-08-27 01:42:08.074316,2,18.75,73.45,14.36,45.28,1.0700000000000003,0.9433333333333334,14.36,1,191
2026-08-27 01:57:08.074316,2,18.725,73.5,15.46,56.8,1.1000000000000014,1.0133333333333336,15.46,1,191
2026-08-27 02:12:08.074316,2,18.7,73.55,16.48,57.58,1.0199999999999996,1.0633333333333337,16.48,1,191
2026-08-27 02:27:08.074316,2,18.675,73.6,17.42,52.08,0.9400000000000013,1.0200000000000007,17.42,1,191
2026-08-27 02:42:08.074316,3,18.65,73.65,18.56,42.51,1.139999999999997,1.0333333333333325,18.56,1,191
2026-08-27 02:57:08.074316,3,18.63013,73.68297,19.75,40.05,1.1900000000000013,1.0899999999999999,19.75,1,191
2026-08-27 03:12:08.074316,3,18.61027,73.71593,20.97,48.41,1.2199999999999989,1.1833333333333325,20.97,1,191
2026-08-27 03:27:08.074316,3,18.5904,73.7489,22.22,47.58,1.25,1.22,22.22,1,191
2026-08-27 03:42:08.074316,3,18.57053,73.78187,23.68,51.58,1.4600000000000009,1.3099999999999998,23.68,1,191
2026-08-27 03:57:08.074316,3,18.55067,73.81483,24.93,43.3,1.25,1.3200000000000003,24.93,1,191
2026-08-26 22:12:08.076274,0,19.076,72.8777,5.15,41.41,0.0,0.0,5.15,0,192
2026-08-26 22:27:08.076274,0,19.06157,72.91767,5.18,57.21,0.02999999999999936,0.0,5.18,0,192
2026-08-26 22:42:08.076274,0,19.04713,72.95763,5.0,46.68,-0.17999999999999972,0.0,5.0,0,192
2026-08-26 22:57:08.076274,0,19.0327,72.9976,4.95,44.14,-0.04999999999999982,-0.06666666666666672,4.95,0,192
2026-08-26 23:12:08.076274,0,19.01827,73.03757,5.08,47.1,0.1299999999999999,-0.033333333333333215,5.08,0,192
2026-08-26 23:27:08.076274,0,19.00383,73.07753,5.25,59.25,0.16999999999999993,0.08333333333333333,5.25,0,192
2026-08-26 23:42:08.076274,1,18.9894,73.1175,5.23,46.89,-0.019999999999999574,0.09333333333333342,5.23,0,192
2026-08-26 23:57:08.076274,1,18.95783,73.15625,5.08,58.94,-0.15000000000000036,0.0,5.08,0,192
2026-08-27 00:12:08.076274,1,18.92627,73.195,5.26,55.62,0.17999999999999972,0.0033333333333332624,5.26,0,192
2026-08-27 00:27:08.076274,1,18.8947,73.23375,5.19,48.1,-0.0699999999999994,-0.013333333333333345,5.19,0,192
2026-08-27 00:42:08.076274,1,18.86313,73.2725,5.04,59.03,-0.15000000000000036,-0.013333333333333345,5.04,0,192
2026-08-27 00:57:08.076274,1,18.83157,73.31125,4.86,55.12,-0.17999999999999972,-0.13333333333333316,4.86,0,192
2026-08-27 01:12:08.076274,2,18.8,73.35,4.96,58.65,0.09999999999999964,-0.07666666666666681,4.96,0,192
2026-08-27 01:27:08.076274,2,18.775,73.4,5.14,43.38,0.17999999999999972,0.033333333333333215,5.14,0,192
2026-08-27 01:42:08.076274,2,18.75,73.45,5.28,52.91,0.14000000000000057,0.13999999999999999,5.28,0,192
2026-08-27 01:57:08.076274,2,18.725,73.5,5.38,55.46,0.09999999999999964,0.13999999999999999,5.38,0,192
2026-08-27 02:12:08.076274,2,18.7,73.55,5.44,42.33,0.0600000000000005,0.10000000000000024,5.44,0,192
2026-08-27 02:27:08.076274,2,18.675,73.6,5.61,41.96,0.16999999999999993,0.11000000000000003,5.61,0,192
2026-08-27 02:42:08.076274,3,18.65,73.65,5.63,45.12,0.019999999999999574,0.08333333333333333,5.63,0,192
2026-08-27 02:57:08.076274,3,18.63013,73.68297,5.57,53.86,-0.05999999999999961,0.0433333333333333,5.57,0,192
2026-08-27 03:12:08.076274,3,18.61027,73.71593,5.43,48.23,-0.14000000000000057,-0.0600000000000002,5.43,0,192
2026-08-27 03:27:08.076274,3,18.5904,73.7489,5.41,56.24,-0.019999999999999574,-0.07333333333333325,5.41,0,192
2026-08-27 03:42:08.076274,3,18.57053,73.78187,5.23,41.89,-0.17999999999999972,-0.11333333333333329,5.23,0,192
2026-08-27 03:57:08.076274,3,18.55067,73.81483,5.21,43.32,-0.020000000000000462,-0.07333333333333325,5.21,0,192
2026-08-26 22:12:08.078296,0,19.076,72.8777,4.87,41.58,0.0,0.0,4.87,0,193
2026-08-26 22:27:08.078296,0,19.06157,72.91767,5.07,45.46,0.20000000000000018,0.0,5.07,0,193
2026-08-26 22:42:08.078296,0,19.04713,72.95763,4.95,53.74,-0.1200000000000001,0.0,4.95,0,193
2026-08-26 22:57:08.078296,0,19.0327,72.9976,5.09,42.87,0.13999999999999968,0.07333333333333325,5.09,0,193
2026-08-26 23:12:08.078296,0,19.01827,73.03757,4.9,56.71,-0.1899999999999995,-0.05666666666666664,4.9,0,193
2026-08-26 23:27:08.078296,0,19.00383,73.07753,4.74,59.7,-0.16000000000000014,-0.06999999999999999,4.74,0,193
2026-08-26 23:42:08.078296,1,18.9894,73.1175,4.81,40.25,0.0699999999999994,-0.09333333333333342,4.81,0,193
2026-08-26 23:57:08.078296,1,18.95783,73.15625,4.8,59.61,-0.009999999999999787,-0.03333333333333351,4.8,0,193
2026-08-27 00:12:08.078296,1,18.92627,73.195,4.91,53.82,0.11000000000000032,0.05666666666666664,4.91,0,193
2026-08-27 00:27:08.078296,1,18.8947,73.23375,5.07,51.45,0.16000000000000014,0.08666666666666689,5.07,0,193
2026-08-27 00:42:08.078296,1,18.86313,73.2725,4.88,50.37,-0.1900000000000004,0.02666666666666669,4.88,0,193
2026-08-27 00:57:08.078296,1,18.83157,73.31125,5.07,56.23,0.1900000000000004,0.05333333333333338,5.07,0,193
2026-08-27 01:12:08.078296,2,18.8,73.35,4.88,51.02,-0.1900000000000004,-0.06333333333333346,4.88,0,193
2026-08-27 01:27:08.078296,2,18.775,73.4,4.91,56.55,0.03000000000000025,0.010000000000000083,4.91,0,193
2026-08-27 01:42:08.078296,2,18.75,73.45,4.95,43.91,0.040000000000000036,-0.040000000000000036,4.95,0,193
2026-08-27 01:57:08.078296,2,18.725,73.5,4.84,51.8,-0.11000000000000032,-0.013333333333333345,4.84,0,193
2026-08-27 02:12:08.078296,2,18.7,73.55,4.88,54.86,0.040000000000000036,-0.010000000000000083,4.88,0,193
2026-08-27 02:27:08.078296,2,18.675,73.6,4.89,48.99,0.009999999999999787,-0.020000000000000167,4.89,0,193
2026-08-27 02:42:08.078296,3,18.65,73.65,4.75,57.42,-0.13999999999999968,-0.029999999999999954,4.75,0,193
2026-08-27 02:57:08.078296,3,18.63013,73.68297,4.67,58.81,-0.08000000000000007,-0.06999999999999999,4.67,0,193
2026-08-27 03:12:08.078296,3,18.61027,73.71593,4.62,44.3,-0.04999999999999982,-0.08999999999999986,4.62,0,193
2026-08-27 03:27:08.078296,3,18.5904,73.7489,4.48,42.77,-0.13999999999999968,-0.08999999999999986,4.48,0,193
2026-08-27 03:42:08.078296,3,18.57053,73.78187,4.32,48.48,-0.16000000000000014,-0.11666666666666654,4.32,0,193
2026-08-27 03:57:08.078296,3,18.55067,73.81483,4.15,41.31,-0.16999999999999993,-0.1566666666666666,4.15,0,193
2026-08-26 22:12:08.080234,0,19.076,72.8777,4.98,40.31,0.0,0.0,4.98,0,194
2026-08-26 22:27:08.080234,0,19.06157,72.91767,5.12,40.91,0.13999999999999968,0.0,5.12,0,194
2026-08-26 22:42:08.080234,0,19.04713,72.95763,5.26,44.28,0.13999999999999968,0.0,5.26,0,194
2026-08-26 22:57:08.080234,0,19.0327,72.9976,5.41,56.37,0.15000000000000036,0.14333333333333323,5.41,0,194
2026-08-26 23:12:08.080234,0,19.01827,73.03757,5.22,47.1,-0.1900000000000004,0.033333333333333215,5.22,0,194
2026-08-26 23:27:08.080234,0,19.00383,73.07753,5.27,54.35,0.04999999999999982,0.0033333333333332624,5.27,0,194
2026-08-26 23:42:08.080234,1,18.9894,73.1175,5.18,44.49,-0.08999999999999986,-0.07666666666666681,5.18,0,194
2026-08-26 23:57:08.080234,1,18.95783,73.15625,5.38,54.95,0.20000000000000018,0.05333333333333338,5.38,0,194
2026-08-27 00:12:08.080234,1,18.92627,73.195,5.56,57.61,0.17999999999999972,0.09666666666666668,5.56,0,194
2026-08-27 00:27:08.080234,1,18.8947,73.23375,5.42,54.11,-0.13999999999999968,0.08000000000000007,5.42,0,194
2026-08-27 00:42:08.080234,1,18.86313,73.2725,5.53,46.56,0.11000000000000032,0.05000000000000012,5.53,0,194
2026-08-27 00:57:08.080234,1,18.83157,73.31125,5.69,40.91,0.16000000000000014,0.04333333333333359,5.69,0,194
2026-08-27 01:12:08.080234,2,18.8,73.35,5.68,48.76,-0.010000000000000675,0.0866666666666666,5.68,0,194
2026-08-27 01:27:08.080234,2,18.775,73.4,5.63,40.66,-0.04999999999999982,0.033333333333333215,5.63,0,194
2026-08-27 01:42:08.080234,2,18.75,73.45,5.81,42.44,0.17999999999999972,0.03999999999999974,5.81,0,194
2026-08-27 01:57:08.080234,2,18.725,73.5,5.8,58.1,-0.009999999999999787,0.040000000000000036,5.8,0,194
2026-08-27 02:12:08.080234,2,18.7,73.55,5.93,47.47,0.1299999999999999,0.09999999999999994,5.93,0,194
2026-08-27 02:27:08.080234,2,18.675,73.6,5.95,49.11,0.020000000000000462,0.046666666666666856,5.95,0,194
2026-08-27 02:42:08.080234,3,18.65,73.65,5.86,49.89,-0.08999999999999986,0.020000000000000167,5.86,0,194
2026-08-27 02:57:08.080234,3,18.63013,73.68297,5.99,57.18,0.1299999999999999,0.020000000000000167,5.99,0,194
2026-08-27 03:12:08.080234,3,18.61027,73.71593,5.89,53.82,-0.10000000000000053,-0.020000000000000167,5.89,0,194
2026-08-27 03:27:08.080234,3,18.5904,73.7489,5.78,42.61,-0.10999999999999943,-0.02666666666666669,5.78,0,194
2026-08-27 03:42:08.080234,3,18.57053,73.78187,5.58,53.93,-0.20000000000000018,-0.13666666666666671,5.58,0,194
2026-08-27 03:57:08.080234,3,18.55067,73.81483,5.57,45.96,-0.009999999999999787,-0.10666666666666647,5.57,0,194
2026-08-26 22:12:08.082184,0,19.076,72.8777,5.16,54.45,0.0,0.0,5.16,0,195
2026-08-26 22:27:08.082184,0,19.06157,72.91767,5.36,57.25,0.20000000000000018,0.0,5.36,0,195
2026-08-26 22:42:08.082184,0,19.04713,72.95763,5.49,51.41,0.1299999999999999,0.0,5.49,0,195
2026-08-26 22:57:08.082184,0,19.0327,72.9976,5.42,54.62,-0.07000000000000028,0.0866666666666666,5.42,0,195
2026-08-26 23:12:08.082184,0,19.01827,73.03757,5.5,52.08,0.08000000000000007,0.04666666666666656,5.5,0,195
2026-08-26 23:27:08.082184,0,19.00383,73.07753,5.3,49.34,-0.20000000000000018,-0.06333333333333346,5.3,0,195
2026-08-26 23:42:08.082184,1,18.9894,73.1175,5.33,49.53,0.03000000000000025,-0.029999999999999954,5.33,0,195
2026-08-26 23:57:08.082184,1,18.95783,73.15625,5.2,41.0,-0.1299999999999999,-0.09999999999999994,5.2,0,195
2026-08-27 00:12:08.082184,1,18.92627,73.195,5.01,51.55,-0.1900000000000004,-0.09666666666666668,5.01,0,195
2026-08-27 00:27:08.082184,1,18.8947,73.23375,5.11,40.49,0.10000000000000053,-0.07333333333333325,5.11,0,195
2026-08-27 00:42:08.082184,1,18.86313,73.2725,4.94,42.25,-0.16999999999999993,-0.0866666666666666,4.94,0,195
2026-08-27 00:57:08.082184,1,18.83157,73.31125,4.81,58.09,-0.13000000000000078,-0.06666666666666672,4.81,0,195
2026-08-27 01:12:08.082184,2,18.8,73.35,4.9,59.1,0.09000000000000075,-0.06999999999999999,4.9,0,195
2026-08-27 01:27:08.082184,2,18.775,73.4,5.01,51.98,0.10999999999999943,0.023333333333333133,5.01,0,195
2026-08-27 01:42:08.082184,2,18.75,73.45,4.92,59.07,-0.08999999999999986,0.03666666666666677,4.92,0,195
2026-08-27 01:57:08.082184,2,18.725,73.5,4.91,52.2,-0.009999999999999787,0.0033333333333332624,4.91,0,195
2026-08-27 02:12:08.082184,2,18.7,73.55,5.02,53.13,0.10999999999999943,0.0033333333333332624,5.02,0,195
2026-08-27 02:27:08.082184,2,18.675,73.6,4.87,40.28,-0.14999999999999947,-0.016666666666666607,4.87,0,195
2026-08-27 02:42:08.082184,3,18.65,73.65,5.78,44.53,0.9100000000000001,0.29000000000000004,5.78,1,195
2026-08-27 02:57:08.082184,3,18.63013,73.68297,6.98,43.64,1.2000000000000002,0.6533333333333337,6.98,1,195
2026-08-27 03:12:08.082184,3,18.61027,73.71593,8.09,48.41,1.1099999999999994,1.0733333333333333,8.09,1,195
2026-08-27 03:27:08.082184,3,18.5904,73.7489,9.14,43.2,1.0500000000000007,1.12,9.14,1,195
2026-08-27 03:42:08.082184,3,18.57053,73.78187,10.21,45.86,1.0700000000000003,1.0766666666666669,10.21,1,195
2026-08-27 03:57:08.082184,3,18.55067,73.81483,11.33,52.32,1.1199999999999992,1.08,11.33,1,195
2026-08-26 22:12:08.084142,0,19.076,72.8777,5.53,55.34,0.0,0.0,5.53,0,196
2026-08-26 22:27:08.084142,0,19.06157,72.91767,6.16,56.33,0.6299999999999999,0.0,6.16,0,196
2026-08-26 22:42:08.084142,0,19.04713,72.95763,6.62,54.35,0.45999999999999996,0.0,6.62,0,196
2026-08-26 22:57:08.084142,0,19.0327,72.9976,7.35,47.53,0.7299999999999995,0.6066666666666665,7.35,1,196
2026-08-26 23:12:08.084142,0,19.01827,73.03757,7.88,56.16,0.5300000000000002,0.5733333333333333,7.88,1,196
2026-08-26 23:27:08.084142,0,19.00383,73.07753,8.45,51.93,0.5699999999999994,0.6099999999999998,8.45,1,196
2026-08-26 23:42:08.084142,1,18.9894,73.1175,8.98,50.88,0.5300000000000011,0.5433333333333336,8.98,1,196
2026-08-26 23:57:08.084142,1,18.95783,73.15625,9.64,58.05,0.6600000000000001,0.5866666666666669,9.64,1,196
2026-08-27 00:12:08.084142,1,18.92627,73.195,10.11,59.13,0.46999999999999886,0.5533333333333333,10.11,1,196
2026-08-27 00:27:08.084142,1,18.8947,73.23375,10.82,49.35,0.7100000000000009,0.6133333333333333,10.82,1,196
2026-08-27 00:42:08.084142,1,18.86313,73.2725,11.47,48.0,0.6500000000000004,0.61,11.47,1,196
2026-08-27 00:57:08.084142,1,18.83157,73.31125,12.03,54.06,0.5599999999999987,0.64,12.03,1,196
2026-08-27 01:12:08.084142,2,18.8,73.35,12.62,41.12,0.5899999999999999,0.5999999999999996,12.62,1,196
2026-08-27 01:27:08.084142,2,18.775,73.4,13.28,47.32,0.6600000000000001,0.6033333333333329,13.28,1,196
2026-08-27 01:42:08.084142,2,18.75,73.45,13.9,46.44,0.620000000000001,0.6233333333333336,13.9,1,196
2026-08-27 01:57:08.084142,2,18.725,73.5,14.49,55.65,0.5899999999999999,0.6233333333333336,14.49,1,196
2026-08-27 02:12:08.084142,2,18.7,73.55,15.01,44.72,0.5199999999999996,0.5766666666666668,15.01,1,196
2026-08-27 02:27:08.084142,2,18.675,73.6,15.41,58.68,0.40000000000000036,0.5033333333333333,15.41,1,196
2026-08-27 02:42:08.084142,3,18.65,73.65,16.06,54.74,0.6499999999999986,0.5233333333333329,16.06,1,196
2026-08-27 02:57:08.084142,3,18.63013,73.68297,16.51,44.32,0.45000000000000284,0.5000000000000006,16.51,1,196
2026-08-27 03:12:08.084142,3,18.61027,73.71593,17.05,47.46,0.5399999999999991,0.5466666666666669,17.05,1,196
2026-08-27 03:27:08.084142,3,18.5904,73.7489,17.48,52.07,0.4299999999999997,0.4733333333333339,17.48,1,196
2026-08-27 03:42:08.084142,3,18.57053,73.78187,18.07,58.57,0.5899999999999999,0.5199999999999996,18.07,1,196
2026-08-27 03:57:08.084142,3,18.55067,73.81483,18.55,54.42,0.4800000000000004,0.5,18.55,1,196
2026-08-26 22:12:08.086045,0,19.076,72.8777,5.48,49.32,0.0,0.0,5.48,0,197
2026-08-26 22:27:08.086045,0,19.06157,72.91767,5.94,43.1,0.45999999999999996,0.0,5.94,0,197
2026-08-26 22:42:08.086045,0,19.04713,72.95763,6.34,59.07,0.39999999999999947,0.0,6.34,0,197
2026-08-26 22:57:08.086045,0,19.0327,72.9976,6.79,56.47,0.4500000000000002,0.43666666666666654,6.79,0,197
2026-08-26 23:12:08.086045,0,19.01827,73.03757,7.16,47.25,0.3700000000000001,0.40666666666666657,7.16,1,197
2026-08-26 23:27:08.086045,0,19.00383,73.07753,7.58,48.65,0.41999999999999993,0.4133333333333334,7.58,1,197
2026-08-26 23:42:08.086045,1,18.9894,73.1175,8.02,49.03,0.4399999999999995,0.40999999999999986,8.02,1,197
2026-08-26 23:57:08.086045,1,18.95783,73.15625,8.48,46.53,0.46000000000000085,0.4400000000000001,8.48,1,197
2026-08-27 00:12:08.086045,1,18.92627,73.195,8.93,44.94,0.4499999999999993,0.4499999999999999,8.93,1,197
2026-08-27 00:27:08.086045,1,18.8947,73.23375,9.41,52.96,0.4800000000000004,0.46333333333333354,9.41,1,197
2026-08-27 00:42:08.086045,1,18.86313,73.2725,9.73,40.99,0.3200000000000003,0.4166666666666667,9.73,1,197
2026-08-27 00:57:08.086045,1,18.83157,73.31125,10.21,50.56,0.4800000000000004,0.426666666666667,10.21,1,197
2026-08-27 01:12:08.086045,2,18.8,73.35,10.53,54.41,0.3199999999999985,0.3733333333333331,10.53,1,197
2026-08-27 01:27:08.086045,2,18.775,73.4,10.8,42.44,0.27000000000000135,0.35666666666666674,10.8,1,197
2026-08-27 01:42:08.086045,2,18.75,73.45,11.13,55.84,0.33000000000000007,0.30666666666666664,11.13,1,197
2026-08-27 01:57:08.086045,2,18.725,73.5,11.53,52.22,0.3999999999999986,0.3333333333333333,11.53,1,197
2026-08-27 02:12:08.086045,2,18.7,73.55,12.03,54.79,0.5,0.40999999999999953,12.03,1,197
2026-08-27 02:27:08.086045,2,18.675,73.6,12.49,40.04,0.46000000000000085,0.45333333333333314,12.49,1,197
2026-08-27 02:42:08.086045,3,18.65,73.65,12.88,54.33,0.39000000000000057,0.45000000000000046,12.88,1,197
2026-08-27 02:57:08.086045,3,18.63013,73.68297,13.31,48.6,0.4299999999999997,0.426666666666667,13.31,1,197
2026-08-27 03:12:08.086045,3,18.61027,73.71593,13.73,55.02,0.41999999999999993,0.4133333333333334,13.73,1,197
2026-08-27 03:27:08.086045,3,18.5904,73.7489,14.06,48.16,0.33000000000000007,0.39333333333333326,14.06,1,197
2026-08-27 03:42:08.086045,3,18.57053,73.78187,14.51,58.51,0.4499999999999993,0.39999999999999974,14.51,1,197
2026-08-27 03:57:08.086045,3,18.55067,73.81483,14.99,59.97,0.4800000000000004,0.41999999999999993,14.99,1,197
2026-08-26 22:12:08.088650,0,19.076,72.8777,4.87,53.42,0.0,0.0,4.87,0,198
2026-08-26 22:27:08.088650,0,19.06157,72.91767,4.84,41.63,-0.03000000000000025,0.0,4.84,0,198
2026-08-26 22:42:08.088650,0,19.04713,72.95763,4.86,41.74,0.020000000000000462,0.0,4.86,0,198
2026-08-26 22:57:08.088650,0,19.0327,72.9976,5.01,50.15,0.14999999999999947,0.04666666666666656,5.01,0,198
2026-08-26 23:12:08.088650,0,19.01827,73.03757,4.95,51.43,-0.05999999999999961,0.03666666666666677,4.95,0,198
2026-08-26 23:27:08.088650,0,19.00383,73.07753,4.83,50.53,-0.1200000000000001,-0.010000000000000083,4.83,0,198
2026-08-26 23:42:08.088650,1,18.9894,73.1175,4.84,49.94,0.009999999999999787,-0.05666666666666664,4.84,0,198
2026-08-26 23:57:08.088650,1,18.95783,73.15625,4.67,44.41,-0.16999999999999993,-0.09333333333333342,4.67,0,198
2026-08-27 00:12:08.088650,1,18.92627,73.195,4.7,42.97,0.03000000000000025,-0.0433333333333333,4.7,0,198
2026-08-27 00:27:08.088650,1,18.8947,73.23375,4.89,53.6,0.1899999999999995,0.016666666666666607,4.89,0,198
2026-08-27 00:42:08.088650,1,18.86313,73.2725,4.69,57.45,-0.1999999999999993,0.006666666666666821,4.69,0,198
2026-08-27 00:57:08.088650,1,18.83157,73.31125,4.7,50.87,0.009999999999999787,0.0,4.7,0,198
2026-08-27 01:12:08.088650,2,18.8,73.35,5.07,46.25,0.3700000000000001,0.0600000000000002,5.07,0,198
2026-08-27 01:27:08.088650,2,18.775,73.4,5.43,49.5,0.35999999999999943,0.24666666666666645,5.43,0,198
2026-08-27 01:42:08.088650,2,18.75,73.45,5.79,42.02,0.3600000000000003,0.3633333333333333,5.79,0,198
2026-08-27 01:57:08.088650,2,18.725,73.5,6.46,44.98,0.6699999999999999,0.4633333333333332,6.46,0,198
2026-08-27 02:12:08.088650,2,18.7,73.55,7.02,55.75,0.5599999999999996,0.5299999999999999,7.02,1,198
2026-08-27 02:27:08.088650,2,18.675,73.6,7.66,58.98,0.6400000000000006,0.6233333333333334,7.66,1,198
2026-08-27 02:42:08.088650,3,18.65,73.65,8.15,45.34,0.4900000000000002,0.5633333333333335,8.15,1,198
2026-08-27 02:57:08.088650,3,18.63013,73.68297,8.51,44.17,0.35999999999999943,0.49666666666666676,8.51,1,198
2026-08-27 03:12:08.088650,3,18.61027,73.71593,9.15,52.71,0.6400000000000006,0.49666666666666676,9.15,1,198
2026-08-27 03:27:08.088650,3,18.5904,73.7489,9.81,48.67,0.6600000000000001,0.5533333333333333,9.81,1,198
2026-08-27 03:42:08.088650,3,18.57053,73.78187,10.34,57.66,0.5299999999999994,0.61,10.34,1,198
2026-08-27 03:57:08.088650,3,18.55067,73.81483,10.92,40.54,0.5800000000000001,0.5899999999999999,10.92,1,198
2026-08-26 22:12:08.090864,0,19.076,72.8777,5.07,50.38,0.0,0.0,5.07,0,199
2026-08-26 22:27:08.090864,0,19.06157,72.91767,5.09,46.54,0.019999999999999574,0.0,5.09,0,199
2026-08-26 22:42:08.090864,0,19.04713,72.95763,5.01,53.55,-0.08000000000000007,0.0,5.01,0,199
2026-08-26 22:57:08.090864,0,19.0327,72.9976,5.19,48.74,0.1800000000000006,0.040000000000000036,5.19,0,199
2026-08-26 23:12:08.090864,0,19.01827,73.03757,5.11,44.75,-0.08000000000000007,0.006666666666666821,5.11,0,199
2026-08-26 23:27:08.090864,0,19.00383,73.07753,5.12,43.29,0.009999999999999787,0.03666666666666677,5.12,0,199
2026-08-26 23:42:08.090864,1,18.9894,73.1175,5.73,58.86,0.6100000000000003,0.18000000000000002,5.73,0,199
2026-08-26 23:57:08.090864,1,18.95783,73.15625,6.32,47.45,0.5899999999999999,0.4033333333333333,6.32,0,199
2026-08-27 00:12:08.090864,1,18.92627,73.195,6.84,46.66,0.5199999999999996,0.5733333333333333,6.84,0,199
2026-08-27 00:27:08.090864,1,18.8947,73.23375,7.46,58.9,0.6200000000000001,0.5766666666666665,7.46,1,199
2026-08-27 00:42:08.090864,1,18.86313,73.2725,7.9,41.52,0.4400000000000004,0.5266666666666667,7.9,1,199
2026-08-27 00:57:08.090864,1,18.83157,73.31125,8.27,53.44,0.3699999999999992,0.47666666666666657,8.27,1,199
2026-08-27 01:12:08.090864,2,18.8,73.35,8.89,42.49,0.620000000000001,0.47666666666666685,8.89,1,199
2026-08-27 01:27:08.090864,2,18.775,73.4,9.51,47.1,0.6199999999999992,0.5366666666666665,9.51,1,199
2026-08-27 01:42:08.090864,2,18.75,73.45,10.05,45.01,0.5400000000000009,0.5933333333333337,10.05,1,199
2026-08-27 01:57:08.090864,2,18.725,73.5,10.63,56.43,0.5800000000000001,0.5800000000000001,10.63,1,199
2026-08-27 02:12:08.090864,2,18.7,73.55,11.04,54.54,0.40999999999999837,0.5099999999999998,11.04,1,199
2026-08-27 02:27:08.090864,2,18.675,73.6,11.52,59.36,0.4800000000000004,0.4899999999999996,11.52,1,199
2026-08-27 02:42:08.090864,3,18.65,73.65,12.07,46.03,0.5500000000000007,0.4799999999999998,12.07,1,199
2026-08-27 02:57:08.090864,3,18.63013,73.68297,12.56,53.01,0.4900000000000002,0.5066666666666672,12.56,1,199
2026-08-27 03:12:08.090864,3,18.61027,73.71593,13.19,56.26,0.629999999999999,0.5566666666666666,13.19,1,199
2026-08-27 03:27:08.090864,3,18.5904,73.7489,13.64,42.71,0.45000000000000107,0.5233333333333334,13.64,1,199
2026-08-27 03:42:08.090864,3,18.57053,73.78187,14.15,56.94,0.5099999999999998,0.5299999999999999,14.15,1,199
2026-08-27 03:57:08.090864,3,18.55067,73.81483,14.69,46.45,0.5399999999999991,0.5,14.69,1,199
